{"stats":{"minecraft:killed":{"born_in_chaos_v1:baby_skeleton":1,"minecraft:spider":11,"minecraft:sheep":6,"minecraft:skeleton":2,"born_in_chaos_v1:bloody_gadfly":1,"minecraft:zombie":4},"minecraft:used":{"minecraft:cooked_mutton":5,"minecraft:leather_leggings":1,"minecraft:stone_pickaxe":98,"minecraft:oak_planks":3,"minecraft:leather_chestplate":1,"butchersdelight:hook":2,"minecraft:leather_boots":1,"minecraft:dirt":21,"minecraft:black_bed":1,"minecraft:bread":20,"minecraft:leather_helmet":1,"prefab:item_swift_blade_stone":139,"minecraft:stone_axe":47,"minecraft:cobblestone":25,"minecraft:cooked_beef":6},"minecraft:dropped":{"minecraft:stone_hoe":1,"minecraft:wheat_seeds":2,"realisticforging:raw_iron_ore":15,"minecraft:cobblestone":3,"minecraft:rotten_flesh":2,"sophisticatedbackpacks:backpack":1,"minecraft:cooked_mutton":8,"butchersdelight:skullcow":6,"born_in_chaos_v1:corpse_maggot":1,"minecraft:oak_sapling":29,"minecraft:spider_eye":1,"minecraft:arrow":2,"minecraft:beef":1,"minecraft:egg":1},"minecraft:custom":{"minecraft:interact_with_furnace":2,"minecraft:mob_kills":27,"minecraft:interact_with_crafting_table":6,"minecraft:open_barrel":15,"minecraft:damage_dealt_resisted":26,"minecraft:time_since_death":62690,"minecraft:sleep_in_bed":1,"minecraft:climb_one_cm":14244,"minecraft:time_since_rest":50462,"minecraft:sprint_one_cm":214657,"minecraft:damage_taken":1406,"minecraft:walk_one_cm":89971,"minecraft:drop":24,"minecraft:damage_dealt":5427,"minecraft:swim_one_cm":29299,"minecraft:fly_one_cm":343547,"minecraft:open_chest":15,"minecraft:crouch_one_cm":6913,"minecraft:play_time":62690,"minecraft:sneak_time":3922,"minecraft:walk_under_water_one_cm":8361,"minecraft:jump":1382,"minecraft:walk_on_water_one_cm":12739,"minecraft:total_world_time":62690,"minecraft:interact_with_smoker":17,"minecraft:fall_one_cm":34153},"minecraft:mined":{"minecraft:crafting_table":1,"minecraft:tall_grass":1,"minecraft:oak_planks":2,"minecraft:iron_ore":15,"minecraft:black_bed":2,"minecraft:grass":9,"minecraft:oak_log":26,"butchersdelight:hook":2,"minecraft:coal_ore":18,"minecraft:deepslate_iron_ore":20,"minecraft:dirt":2,"minecraft:stone":30,"minecraft:oak_leaves":1,"minecraft:deepslate":13},"minecraft:crafted":{"minecraft:cooked_beef":15,"minecraft:oak_planks":28,"sophisticatedbackpacks:backpack":2,"minecraft:cooked_mutton":21,"minecraft:stick":12,"minecraft:chest":2,"minecraft:torch":8},"minecraft:picked_up":{"born_in_chaos_v1:corpse_maggot":1,"minecraft:crafting_table":1,"minecraft:black_bed":2,"butchersdelight:deadpig":4,"minecraft:oak_log":25,"minecraft:gunpowder":2,"minecraft:dirt":12,"minecraft:string":8,"butchersdelight:deadchiken":1,"minecraft:bone":16,"butchersdelight:dead_cow":6,"butchersdelight:cleaver":1,"minecraft:apple":2,"minecraft:wheat_seeds":2,"minecraft:cobbled_deepslate":13,"minecraft:iron_ingot":15,"minecraft:beef":20,"lightmanscurrency:coin_iron":22,"minecraft:oak_planks":2,"minecraft:stone_hoe":1,"minecraft:egg":1,"minecraft:stick":8,"minecraft:torch":1,"butchersdelight:skullcow":6,"butchersdelight:cow_hide":4,"minecraft:spider_eye":4,"lightmanscurrency:coin_copper":47,"butchersdelight:sheephide":6,"butchersdelight:deadsheep":6,"minecraft:arrow":4,"minecraft:rotten_flesh":3,"realisticforging:raw_iron_ore":86,"butchersdelight:hook":3,"minecraft:oak_sapling":29,"minecraft:mutton":21,"minecraft:coal":18,"minecraft:white_wool":6,"minecraft:cobblestone":30},"minecraft:broken":{"prefab:item_swift_blade_stone":1,"minecraft:leather_helmet":1}},"DataVersion":3120}