{"stats":{"minecraft:dropped":{"realisticforging:raw_iron_ore":15},"minecraft:used":{"minecraft:leather_leggings":1,"minecraft:bread":16,"minecraft:stone_pickaxe":21,"minecraft:oak_planks":1,"minecraft:leather_helmet":1,"minecraft:leather_chestplate":1,"butchersdelight:hook":1,"minecraft:leather_boots":1,"minecraft:stone_axe":8,"minecraft:dirt":1,"prefab:item_swift_blade_stone":43,"minecraft:cobblestone":25,"minecraft:black_bed":1},"minecraft:killed":{"minecraft:sheep":4,"minecraft:skeleton":1,"minecraft:zombie":3},"minecraft:custom":{"minecraft:time_since_rest":14462,"minecraft:interact_with_furnace":1,"minecraft:sprint_one_cm":88887,"minecraft:damage_taken":721,"minecraft:walk_one_cm":40841,"minecraft:mob_kills":9,"minecraft:drop":1,"minecraft:damage_dealt":1656,"minecraft:swim_one_cm":763,"minecraft:interact_with_crafting_table":1,"minecraft:fly_one_cm":119230,"minecraft:open_barrel":3,"minecraft:open_chest":13,"minecraft:crouch_one_cm":3375,"minecraft:play_time":26690,"minecraft:sneak_time":1433,"minecraft:walk_under_water_one_cm":114,"minecraft:jump":522,"minecraft:walk_on_water_one_cm":1428,"minecraft:time_since_death":26690,"minecraft:climb_one_cm":11142,"minecraft:sleep_in_bed":1,"minecraft:total_world_time":26690,"minecraft:fall_one_cm":14674},"minecraft:mined":{"minecraft:black_bed":2,"butchersdelight:hook":1,"minecraft:oak_log":6,"minecraft:deepslate_iron_ore":6,"minecraft:dirt":1,"minecraft:stone":14,"minecraft:oak_planks":1,"minecraft:oak_leaves":1},"minecraft:crafted":{"minecraft:oak_planks":20,"minecraft:stick":12,"minecraft:torch":8},"minecraft:picked_up":{"minecraft:stick":2,"minecraft:black_bed":2,"minecraft:torch":1,"butchersdelight:skullcow":4,"butchersdelight:cow_hide":4,"minecraft:oak_log":5,"minecraft:dirt":1,"butchersdelight:sheephide":4,"minecraft:bone":10,"lightmanscurrency:coin_copper":3,"minecraft:arrow":2,"minecraft:rotten_flesh":1,"butchersdelight:cleaver":1,"butchersdelight:deadsheep":4,"butchersdelight:dead_cow":4,"minecraft:beef":16,"minecraft:iron_ingot":15,"realisticforging:raw_iron_ore":15,"minecraft:oak_sapling":1,"butchersdelight:hook":2,"lightmanscurrency:coin_iron":2,"minecraft:mutton":16,"minecraft:oak_planks":1,"minecraft:white_wool":4,"minecraft:cobblestone":14}},"DataVersion":3120}