{"stats":{"minecraft:killed":{"minecraft:spider":2,"minecraft:sheep":6,"minecraft:skeleton":1,"minecraft:zombie":4},"minecraft:used":{"minecraft:cooked_mutton":2,"minecraft:leather_leggings":1,"minecraft:stone_pickaxe":41,"minecraft:oak_planks":3,"minecraft:leather_chestplate":1,"butchersdelight:hook":2,"minecraft:leather_boots":1,"minecraft:dirt":21,"minecraft:black_bed":1,"minecraft:bread":20,"minecraft:leather_helmet":1,"prefab:item_swift_blade_stone":92,"minecraft:stone_axe":32,"minecraft:cobblestone":25,"minecraft:cooked_beef":1},"minecraft:dropped":{"minecraft:stone_hoe":1,"realisticforging:raw_iron_ore":15,"minecraft:cobblestone":3,"minecraft:rotten_flesh":2,"minecraft:oak_sapling":29},"minecraft:custom":{"minecraft:interact_with_furnace":2,"minecraft:mob_kills":15,"minecraft:interact_with_crafting_table":1,"minecraft:open_barrel":14,"minecraft:damage_dealt_resisted":26,"minecraft:time_since_death":50690,"minecraft:sleep_in_bed":1,"minecraft:climb_one_cm":11895,"minecraft:time_since_rest":38462,"minecraft:sprint_one_cm":168466,"minecraft:damage_taken":957,"minecraft:walk_one_cm":71983,"minecraft:drop":8,"minecraft:damage_dealt":3155,"minecraft:swim_one_cm":26574,"minecraft:fly_one_cm":266276,"minecraft:open_chest":15,"minecraft:crouch_one_cm":4372,"minecraft:play_time":50690,"minecraft:sneak_time":2223,"minecraft:walk_under_water_one_cm":6287,"minecraft:jump":1105,"minecraft:walk_on_water_one_cm":7715,"minecraft:total_world_time":50690,"minecraft:interact_with_smoker":17,"minecraft:fall_one_cm":29105},"minecraft:mined":{"minecraft:crafting_table":1,"minecraft:tall_grass":1,"minecraft:oak_planks":2,"minecraft:black_bed":2,"minecraft:grass":6,"minecraft:oak_log":26,"butchersdelight:hook":2,"minecraft:coal_ore":18,"minecraft:deepslate_iron_ore":6,"minecraft:dirt":2,"minecraft:stone":15,"minecraft:oak_leaves":1},"minecraft:crafted":{"minecraft:cooked_beef":15,"minecraft:oak_planks":20,"minecraft:cooked_mutton":21,"minecraft:stick":12,"minecraft:torch":8},"minecraft:picked_up":{"minecraft:crafting_table":1,"minecraft:black_bed":2,"butchersdelight:deadpig":4,"minecraft:oak_log":25,"minecraft:dirt":2,"minecraft:string":3,"butchersdelight:deadchiken":1,"minecraft:bone":12,"butchersdelight:dead_cow":6,"butchersdelight:cleaver":1,"minecraft:apple":2,"minecraft:iron_ingot":15,"minecraft:beef":19,"lightmanscurrency:coin_iron":6,"minecraft:oak_planks":2,"minecraft:stone_hoe":1,"minecraft:stick":8,"minecraft:torch":1,"butchersdelight:skullcow":5,"butchersdelight:cow_hide":4,"lightmanscurrency:coin_copper":13,"butchersdelight:sheephide":6,"butchersdelight:deadsheep":6,"minecraft:arrow":2,"minecraft:rotten_flesh":3,"realisticforging:raw_iron_ore":15,"butchersdelight:hook":3,"minecraft:oak_sapling":29,"minecraft:mutton":21,"minecraft:coal":18,"minecraft:white_wool":6,"minecraft:cobblestone":15}},"DataVersion":3120}