{"stats":{"minecraft:killed":{"born_in_chaos_v1:baby_skeleton":1,"minecraft:spider":11,"minecraft:sheep":6,"minecraft:skeleton":2,"born_in_chaos_v1:bloody_gadfly":1,"minecraft:zombie":4},"minecraft:used":{"minecraft:cooked_mutton":13,"minecraft:leather_leggings":1,"minecraft:stone_pickaxe":100,"minecraft:oak_planks":3,"minecraft:leather_chestplate":1,"butchersdelight:hook":2,"minecraft:leather_boots":1,"minecraft:dirt":24,"minecraft:black_bed":1,"minecraft:bread":20,"minecraft:leather_helmet":1,"minecraft:stone_axe":47,"prefab:item_swift_blade_stone":139,"minecraft:cobblestone":27,"minecraft:cooked_beef":7,"minecraft:cobbled_deepslate":2},"minecraft:dropped":{"minecraft:stone_hoe":1,"minecraft:sweet_berries":2,"realisticforging:hotrawironore":2,"minecraft:wheat_seeds":2,"minecraft:cooked_beef":3,"realisticforging:raw_iron_ore":15,"minecraft:cobblestone":3,"minecraft:rotten_flesh":2,"sophisticatedbackpacks:backpack":1,"minecraft:cooked_mutton":8,"realisticforging:pickedhotswordguard":1,"butchersdelight:skullcow":6,"realisticforging:hotswordguard":2,"born_in_chaos_v1:corpse_maggot":1,"minecraft:oak_sapling":29,"minecraft:spider_eye":1,"minecraft:arrow":2,"minecraft:beef":1,"minecraft:egg":1},"minecraft:custom":{"minecraft:interact_with_furnace":43,"minecraft:mob_kills":27,"minecraft:interact_with_crafting_table":17,"minecraft:open_barrel":25,"minecraft:damage_dealt_resisted":26,"minecraft:interact_with_grindstone":1,"minecraft:leave_game":1,"minecraft:time_since_death":87590,"minecraft:sleep_in_bed":1,"minecraft:climb_one_cm":29691,"minecraft:time_since_rest":75362,"minecraft:sprint_one_cm":251873,"minecraft:damage_taken":1906,"minecraft:walk_one_cm":115348,"minecraft:drop":33,"minecraft:damage_dealt":5447,"minecraft:swim_one_cm":31159,"minecraft:fly_one_cm":391279,"minecraft:open_chest":44,"minecraft:play_time":87590,"minecraft:crouch_one_cm":7732,"minecraft:sneak_time":4841,"minecraft:walk_under_water_one_cm":8392,"minecraft:jump":1574,"minecraft:walk_on_water_one_cm":13911,"minecraft:total_world_time":87590,"minecraft:interact_with_smoker":17,"minecraft:fall_one_cm":38869},"minecraft:mined":{"minecraft:crafting_table":1,"minecraft:tall_grass":1,"minecraft:cobblestone":2,"minecraft:oak_planks":2,"minecraft:iron_ore":15,"minecraft:black_bed":2,"minecraft:grass":14,"minecraft:oak_log":26,"butchersdelight:hook":2,"minecraft:coal_ore":18,"minecraft:deepslate_iron_ore":20,"minecraft:dirt":3,"minecraft:stone":30,"minecraft:oak_leaves":1,"minecraft:deepslate":13},"minecraft:crafted":{"minecraft:cooked_beef":15,"minecraft:oak_planks":76,"sophisticatedbackpacks:backpack":2,"minecraft:cooked_mutton":21,"realisticforging:hotrawironore":9,"realisticforging:two_sticks":1,"minecraft:stick":16,"minecraft:chest":2,"minecraft:torch":8},"minecraft:picked_up":{"born_in_chaos_v1:corpse_maggot":1,"minecraft:crafting_table":1,"minecraft:black_bed":2,"butchersdelight:deadpig":4,"minecraft:oak_log":25,"minecraft:gunpowder":2,"minecraft:dirt":13,"minecraft:string":8,"butchersdelight:deadchiken":1,"minecraft:bone":16,"butchersdelight:cleaver":1,"butchersdelight:dead_cow":6,"minecraft:apple":2,"realisticforging:smithing_hammer":1,"minecraft:wheat_seeds":2,"minecraft:cobbled_deepslate":13,"minecraft:iron_ingot":17,"minecraft:beef":20,"lightmanscurrency:coin_iron":22,"minecraft:stone_hoe":1,"minecraft:oak_planks":2,"minecraft:egg":1,"minecraft:stick":8,"minecraft:sweet_berries":4,"minecraft:torch":1,"butchersdelight:skullcow":6,"realisticforging:hotrawironore":1,"butchersdelight:cow_hide":4,"realisticforging:pickedhotswordguard":1,"minecraft:spider_eye":4,"lightmanscurrency:coin_copper":47,"butchersdelight:sheephide":6,"butchersdelight:deadsheep":6,"minecraft:arrow":4,"minecraft:rotten_flesh":3,"realisticforging:blacksmithstongs":1,"realisticforging:raw_iron_ore":86,"realisticforging:hotswordguard":2,"minecraft:oak_sapling":29,"butchersdelight:hook":3,"minecraft:mutton":21,"minecraft:coal":18,"minecraft:white_wool":6,"minecraft:cobblestone":31},"minecraft:broken":{"prefab:item_swift_blade_stone":1,"minecraft:leather_helmet":1}},"DataVersion":3120}