{"stats":{"minecraft:killed":{"minecraft:sheep":1},"minecraft:custom":{"minecraft:jump":86,"minecraft:time_since_rest":2690,"minecraft:damage_dealt":80,"minecraft:crouch_one_cm":52,"minecraft:sprint_one_cm":15507,"minecraft:play_time":2690,"minecraft:damage_taken":30,"minecraft:time_since_death":2690,"minecraft:walk_one_cm":7969,"minecraft:sneak_time":49,"minecraft:total_world_time":2690,"minecraft:mob_kills":1,"minecraft:fall_one_cm":1941,"minecraft:fly_one_cm":22158},"minecraft:picked_up":{"butchersdelight:deadsheep":1,"minecraft:white_wool":1}},"DataVersion":3120}