{"stats":{"minecraft:killed":{"born_in_chaos_v1:baby_skeleton":1,"minecraft:spider":12,"minecraft:sheep":6,"minecraft:skeleton":2,"born_in_chaos_v1:bloody_gadfly":1,"minecraft:zombie":6},"minecraft:used":{"minecraft:cooked_mutton":13,"minecraft:stone_sword":25,"minecraft:leather_leggings":1,"minecraft:stone_pickaxe":129,"minecraft:oak_planks":4,"minecraft:shield":1,"minecraft:leather_chestplate":1,"minecraft:iron_sword":16,"butchersdelight:hook":2,"minecraft:leather_boots":1,"minecraft:torch":4,"minecraft:dirt":24,"minecraft:crafting_table":2,"minecraft:black_bed":1,"minecraft:bread":20,"minecraft:iron_pickaxe":4,"minecraft:leather_helmet":2,"minecraft:stone_axe":48,"prefab:item_swift_blade_stone":139,"minecraft:cobblestone":27,"minecraft:sweet_berries":7,"minecraft:cooked_porkchop":12,"minecraft:furnace":1,"minecraft:oak_boat":3,"minecraft:cooked_beef":12,"minecraft:cobbled_deepslate":14,"butchersdelight:rack":1},"minecraft:dropped":{"minecraft:stone_hoe":1,"minecraft:kelp":1,"minecraft:sweet_berries":4,"realisticforging:hotrawironore":3,"minecraft:wheat_seeds":4,"minecraft:cooked_beef":3,"minecraft:oak_log":1,"realisticforging:raw_iron_ore":15,"minecraft:cobblestone":3,"minecraft:rotten_flesh":4,"sophisticatedbackpacks:backpack":1,"minecraft:cooked_mutton":8,"realisticforging:unfinishedironchestplatepart":2,"realisticforging:pickedhotswordguard":1,"butchersdelight:skullcow":6,"realisticforging:hotswordguard":2,"born_in_chaos_v1:corpse_maggot":1,"minecraft:oak_sapling":29,"minecraft:spider_eye":1,"minecraft:arrow":2,"minecraft:beef":1,"butchersdelight:cow_hide":2,"minecraft:egg":1},"minecraft:custom":{"minecraft:interact_with_furnace":120,"minecraft:mob_kills":31,"minecraft:interact_with_crafting_table":44,"minecraft:open_barrel":59,"minecraft:interact_with_stonecutter":6,"minecraft:damage_dealt_resisted":26,"minecraft:interact_with_grindstone":2,"minecraft:leave_game":1,"minecraft:time_since_death":159590,"minecraft:sleep_in_bed":2,"minecraft:climb_one_cm":38570,"minecraft:time_since_rest":12205,"minecraft:sprint_one_cm":451537,"minecraft:damage_taken":2967,"minecraft:walk_one_cm":208918,"minecraft:damage_blocked_by_shield":100,"minecraft:drop":43,"minecraft:damage_dealt":6656,"minecraft:swim_one_cm":49721,"minecraft:fly_one_cm":776224,"minecraft:open_chest":82,"minecraft:play_time":159590,"minecraft:crouch_one_cm":16487,"minecraft:sneak_time":9520,"minecraft:walk_under_water_one_cm":8838,"minecraft:boat_one_cm":146676,"minecraft:jump":2903,"minecraft:walk_on_water_one_cm":18818,"minecraft:total_world_time":159590,"minecraft:interact_with_smoker":17,"minecraft:fall_one_cm":75479},"minecraft:mined":{"minecraft:kelp_plant":1,"butchersdelight:rack":1,"minecraft:torch":2,"minecraft:crafting_table":2,"minecraft:grass_block":1,"minecraft:tall_grass":5,"minecraft:cobblestone":2,"minecraft:oak_planks":2,"minecraft:iron_ore":15,"minecraft:sweet_berry_bush":7,"minecraft:black_bed":2,"minecraft:grass":32,"minecraft:oak_log":26,"butchersdelight:hook":2,"minecraft:coal_ore":19,"minecraft:deepslate_iron_ore":20,"minecraft:dirt":3,"minecraft:stone_bricks":4,"minecraft:stone":30,"minecraft:oak_leaves":1,"minecraft:deepslate":41},"minecraft:crafted":{"minecraft:cooked_beef":15,"minecraft:oak_planks":76,"sophisticatedbackpacks:backpack":2,"minecraft:crafting_table":1,"minecraft:iron_sword":1,"minecraft:furnace":1,"minecraft:leather_helmet":1,"minecraft:stone_axe":1,"minecraft:cooked_mutton":21,"butchersdelight:rack":1,"realisticforging:hotpickaxehead":1,"minecraft:oak_boat":1,"realisticforging:hotrawironore":29,"realisticforging:twohotironingot":1,"minecraft:shield":1,"realisticforging:two_sticks":1,"minecraft:stick":16,"minecraft:stone_pickaxe":1,"minecraft:iron_pickaxe":1,"realisticforging:hotfourironingots":8,"minecraft:stone_sword":1,"minecraft:chest":2,"realisticforging:rawlargewoodhandle":2,"minecraft:torch":8},"minecraft:picked_up":{"born_in_chaos_v1:corpse_maggot":1,"minecraft:crafting_table":2,"minecraft:leather":6,"minecraft:black_bed":2,"realisticforging:finishedlargewoodhandle":1,"realisticforging:unfinishedironchestplatepart":2,"butchersdelight:deadpig":4,"minecraft:oak_log":27,"minecraft:gunpowder":2,"butchersdelight:rack":1,"minecraft:dirt":14,"minecraft:string":10,"butchersdelight:deadchiken":1,"minecraft:bone":16,"minecraft:stone_bricks":4,"butchersdelight:cleaver":1,"butchersdelight:dead_cow":12,"minecraft:apple":2,"realisticforging:smithing_hammer":1,"minecraft:kelp":1,"minecraft:wheat_seeds":4,"minecraft:cobbled_deepslate":41,"minecraft:oak_boat":2,"minecraft:iron_ingot":17,"minecraft:beef":20,"lightmanscurrency:coin_iron":23,"minecraft:stone_hoe":1,"minecraft:oak_planks":2,"minecraft:egg":1,"realisticforging:finished_iron_sword_guard":1,"minecraft:stick":8,"minecraft:sweet_berries":11,"minecraft:torch":3,"butchersdelight:skullcow":6,"realisticforging:hotrawironore":2,"butchersdelight:cow_hide":6,"realisticforging:pickedhotswordguard":1,"realisticforging:ironscrap":4,"minecraft:spider_eye":5,"lightmanscurrency:coin_copper":53,"butchersdelight:sheephide":6,"butchersdelight:deadsheep":6,"minecraft:arrow":4,"minecraft:rotten_flesh":5,"realisticforging:blacksmithstongs":1,"minecraft:shears":1,"realisticforging:raw_iron_ore":86,"realisticforging:hotswordguard":2,"minecraft:oak_sapling":29,"butchersdelight:hook":3,"minecraft:mutton":21,"minecraft:coal":19,"minecraft:white_wool":6,"minecraft:cobblestone":31},"minecraft:broken":{"prefab:item_swift_blade_stone":1,"minecraft:leather_helmet":1}},"DataVersion":3120}