{"stats":{"minecraft:killed":{"minecraft:spider":14,"minecraft:skeleton":2,"born_in_chaos_v1:baby_skeleton":1,"minecraft:sheep":6,"born_in_chaos_v1:bloody_gadfly":1,"minecraft:zombie":6},"minecraft:used":{"minecraft:stone_sword":65,"minecraft:shield":1,"butchersdelight:hook":2,"minecraft:iron_sword":16,"minecraft:torch":4,"minecraft:dirt":24,"prefab:item_swift_blade_stone":139,"minecraft:sweet_berries":7,"minecraft:furnace":1,"minecraft:cooked_beef":12,"minecraft:cobbled_deepslate":14,"minecraft:cooked_mutton":13,"minecraft:leather_leggings":1,"minecraft:stone_pickaxe":203,"minecraft:oak_planks":4,"minecraft:leather_chestplate":1,"minecraft:leather_boots":1,"minecraft:crafting_table":2,"minecraft:black_bed":1,"minecraft:bread":20,"minecraft:iron_pickaxe":4,"minecraft:leather_helmet":2,"minecraft:stone_axe":50,"minecraft:cobblestone":27,"minecraft:cooked_porkchop":17,"minecraft:oak_boat":6,"butchersdelight:rack":1},"minecraft:dropped":{"minecraft:stone_hoe":1,"minecraft:wheat_seeds":4,"minecraft:cooked_beef":3,"minecraft:oak_log":1,"realisticforging:raw_iron_ore":15,"minecraft:cobblestone":3,"realisticforging:unfinishedironchestplatepart":2,"butchersdelight:skullcow":6,"realisticforging:hotswordguard":2,"butchersdelight:cow_hide":2,"minecraft:kelp":2,"minecraft:sweet_berries":4,"realisticforging:hotrawironore":3,"minecraft:rotten_flesh":4,"sophisticatedbackpacks:backpack":1,"minecraft:cooked_mutton":8,"realisticforging:pickedhotswordguard":1,"born_in_chaos_v1:corpse_maggot":1,"minecraft:oak_sapling":29,"minecraft:spider_eye":1,"minecraft:arrow":2,"minecraft:beef":1,"minecraft:egg":1},"minecraft:custom":{"minecraft:mob_kills":33,"minecraft:interact_with_crafting_table":44,"minecraft:open_barrel":59,"minecraft:damage_dealt_resisted":26,"minecraft:leave_game":2,"minecraft:time_since_death":21050,"minecraft:climb_one_cm":40243,"minecraft:sprint_one_cm":583598,"minecraft:walk_one_cm":226826,"minecraft:damage_blocked_by_shield":100,"minecraft:drop":44,"minecraft:play_time":187698,"minecraft:deaths":1,"minecraft:sneak_time":11607,"minecraft:walk_under_water_one_cm":10645,"minecraft:boat_one_cm":245434,"minecraft:jump":4059,"minecraft:walk_on_water_one_cm":23806,"minecraft:total_world_time":187698,"minecraft:interact_with_furnace":120,"minecraft:interact_with_grindstone":2,"minecraft:interact_with_stonecutter":6,"minecraft:sleep_in_bed":2,"minecraft:time_since_rest":21103,"minecraft:damage_taken":3376,"minecraft:damage_dealt":7303,"minecraft:swim_one_cm":92714,"minecraft:fly_one_cm":1124346,"minecraft:open_chest":82,"minecraft:crouch_one_cm":21194,"minecraft:interact_with_smoker":17,"minecraft:fall_one_cm":105050},"minecraft:mined":{"butchersdelight:rack":1,"minecraft:cyan_stained_glass":1,"minecraft:cave_vines_plant":1,"minecraft:grass_block":1,"minecraft:hay_block":3,"minecraft:tall_seagrass":3,"minecraft:iron_ore":15,"minecraft:cave_vines":2,"minecraft:deepslate_iron_ore":20,"minecraft:stone":89,"minecraft:kelp_plant":1,"minecraft:crafting_table":2,"minecraft:torch":2,"minecraft:cobblestone":2,"minecraft:tall_grass":25,"minecraft:oak_planks":2,"minecraft:sweet_berry_bush":7,"minecraft:black_bed":2,"minecraft:yellow_bed":1,"minecraft:grass":55,"minecraft:coal_ore":26,"butchersdelight:hook":2,"minecraft:oak_log":26,"minecraft:dirt":11,"minecraft:stone_bricks":4,"minecraft:oak_leaves":1,"minecraft:deepslate":41,"minecraft:fern":2},"minecraft:crafted":{"minecraft:oak_planks":76,"minecraft:furnace":1,"minecraft:cooked_mutton":21,"butchersdelight:rack":1,"realisticforging:two_sticks":1,"realisticforging:hotfourironingots":8,"minecraft:stone_pickaxe":1,"minecraft:chest":2,"minecraft:wheat":9,"minecraft:cooked_beef":15,"sophisticatedbackpacks:backpack":2,"minecraft:crafting_table":1,"minecraft:iron_sword":1,"minecraft:leather_helmet":1,"minecraft:stone_axe":1,"realisticforging:hotpickaxehead":1,"minecraft:oak_boat":1,"realisticforging:hotrawironore":29,"realisticforging:twohotironingot":1,"minecraft:shield":1,"minecraft:stick":16,"minecraft:iron_pickaxe":1,"minecraft:stone_sword":1,"realisticforging:rawlargewoodhandle":2,"minecraft:torch":8},"minecraft:killed_by":{"born_in_chaos_v1:nightmare_stalker":1},"minecraft:picked_up":{"minecraft:crafting_table":2,"realisticforging:finishedlargewoodhandle":1,"minecraft:string":10,"butchersdelight:dead_cow":14,"butchersdelight:cleaver":1,"realisticforging:smithing_hammer":1,"minecraft:cobbled_deepslate":41,"minecraft:beef":20,"minecraft:oak_boat":6,"minecraft:egg":1,"minecraft:stick":8,"minecraft:torch":3,"realisticforging:pickedhotswordguard":1,"realisticforging:ironscrap":4,"minecraft:rotten_flesh":5,"minecraft:arrow":4,"butchersdelight:deadsheep":6,"minecraft:shears":1,"minecraft:hay_block":1,"realisticforging:raw_iron_ore":86,"minecraft:mutton":21,"minecraft:white_wool":6,"minecraft:cobblestone":90,"born_in_chaos_v1:corpse_maggot":1,"minecraft:black_bed":2,"minecraft:leather":6,"realisticforging:unfinishedironchestplatepart":2,"butchersdelight:deadpig":4,"minecraft:oak_log":27,"minecraft:yellow_bed":1,"minecraft:gunpowder":2,"butchersdelight:rack":1,"minecraft:dirt":22,"butchersdelight:deadchiken":1,"minecraft:bone":16,"minecraft:apple":2,"minecraft:stone_bricks":4,"minecraft:kelp":2,"minecraft:wheat_seeds":6,"minecraft:iron_ingot":17,"lightmanscurrency:coin_iron":31,"minecraft:oak_planks":2,"minecraft:stone_hoe":1,"realisticforging:finished_iron_sword_guard":1,"minecraft:sweet_berries":11,"butchersdelight:cow_hide":6,"butchersdelight:skullcow":6,"realisticforging:hotrawironore":2,"minecraft:spider_eye":6,"lightmanscurrency:coin_copper":62,"butchersdelight:sheephide":6,"realisticforging:blacksmithstongs":1,"realisticforging:hotswordguard":2,"butchersdelight:hook":3,"minecraft:oak_sapling":29,"minecraft:coal":26},"minecraft:broken":{"prefab:item_swift_blade_stone":1,"minecraft:leather_helmet":1,"minecraft:leather_boots":1}},"DataVersion":3120}