{"stats":{"minecraft:mined":{"butchersdelight:rack":1,"minecraft:cyan_stained_glass":1,"minecraft:cave_vines_plant":2,"minecraft:granite":2,"minecraft:grass_block":1,"born_in_chaos_v1:black_argillite":2,"minecraft:moss_block":5,"minecraft:hay_block":3,"minecraft:tall_seagrass":3,"minecraft:iron_ore":15,"minecraft:cave_vines":3,"minecraft:deepslate_iron_ore":28,"minecraft:stone":173,"minecraft:kelp_plant":1,"minecraft:crafting_table":3,"minecraft:torch":2,"minecraft:cobblestone":2,"minecraft:tall_grass":26,"minecraft:oak_planks":2,"minecraft:sweet_berry_bush":7,"minecraft:black_bed":2,"minecraft:yellow_bed":1,"minecraft:grass":56,"minecraft:oak_log":26,"butchersdelight:hook":2,"minecraft:coal_ore":39,"minecraft:gravel":9,"minecraft:dirt":15,"minecraft:stone_bricks":4,"minecraft:oak_leaves":1,"minecraft:deepslate":66,"minecraft:fern":2},"minecraft:crafted":{"minecraft:oak_planks":76,"minecraft:furnace":1,"minecraft:cooked_mutton":21,"butchersdelight:rack":1,"realisticforging:two_sticks":1,"minecraft:stone_pickaxe":2,"realisticforging:hotfourironingots":8,"minecraft:chest":2,"minecraft:wheat":9,"minecraft:cooked_beef":15,"sophisticatedbackpacks:backpack":2,"minecraft:crafting_table":1,"minecraft:iron_sword":1,"minecraft:leather_helmet":1,"minecraft:stone_axe":1,"realisticforging:hotpickaxehead":1,"minecraft:oak_boat":1,"realisticforging:hotrawironore":29,"realisticforging:twohotironingot":1,"minecraft:shield":1,"minecraft:stick":16,"minecraft:iron_pickaxe":1,"minecraft:stone_sword":1,"realisticforging:rawlargewoodhandle":2,"minecraft:torch":8},"minecraft:custom":{"minecraft:mob_kills":37,"minecraft:interact_with_crafting_table":45,"minecraft:open_barrel":59,"minecraft:damage_dealt_resisted":26,"minecraft:leave_game":3,"minecraft:time_since_death":29289,"minecraft:climb_one_cm":40438,"minecraft:sprint_one_cm":598491,"minecraft:walk_one_cm":236425,"minecraft:damage_blocked_by_shield":100,"minecraft:drop":46,"minecraft:play_time":195937,"minecraft:deaths":1,"minecraft:sneak_time":15473,"minecraft:walk_under_water_one_cm":10796,"minecraft:boat_one_cm":245434,"minecraft:jump":4222,"minecraft:walk_on_water_one_cm":25783,"minecraft:total_world_time":195937,"minecraft:interact_with_furnace":120,"minecraft:interact_with_grindstone":2,"minecraft:interact_with_stonecutter":6,"minecraft:sleep_in_bed":2,"minecraft:time_since_rest":29342,"minecraft:damage_taken":3702,"minecraft:damage_dealt":8040,"minecraft:swim_one_cm":92714,"minecraft:fly_one_cm":1150218,"minecraft:open_chest":82,"minecraft:crouch_one_cm":26804,"minecraft:interact_with_smoker":17,"minecraft:fall_one_cm":111952},"minecraft:dropped":{"minecraft:stone_hoe":1,"minecraft:wheat_seeds":6,"minecraft:cooked_beef":3,"minecraft:oak_log":1,"realisticforging:raw_iron_ore":15,"minecraft:cobblestone":3,"minecraft:granite":2,"realisticforging:unfinishedironchestplatepart":2,"butchersdelight:skullcow":6,"realisticforging:hotswordguard":2,"butchersdelight:cow_hide":2,"minecraft:kelp":2,"minecraft:sweet_berries":4,"realisticforging:hotrawironore":3,"minecraft:rotten_flesh":4,"sophisticatedbackpacks:backpack":1,"minecraft:cooked_mutton":8,"realisticforging:pickedhotswordguard":1,"born_in_chaos_v1:corpse_maggot":1,"minecraft:oak_sapling":29,"minecraft:spider_eye":1,"minecraft:arrow":2,"minecraft:beef":1,"minecraft:egg":1},"minecraft:broken":{"prefab:item_swift_blade_stone":1,"minecraft:leather_helmet":1,"minecraft:leather_leggings":1,"minecraft:stone_pickaxe":1,"minecraft:leather_boots":1},"minecraft:picked_up":{"minecraft:crafting_table":3,"realisticforging:finishedlargewoodhandle":1,"minecraft:string":11,"butchersdelight:cleaver":1,"butchersdelight:dead_cow":14,"realisticforging:smithing_hammer":1,"minecraft:cobbled_deepslate":66,"minecraft:beef":20,"minecraft:oak_boat":6,"minecraft:egg":1,"minecraft:stick":8,"minecraft:torch":3,"realisticforging:pickedhotswordguard":1,"realisticforging:ironscrap":4,"minecraft:rotten_flesh":5,"butchersdelight:deadsheep":6,"minecraft:arrow":4,"minecraft:shears":1,"minecraft:hay_block":1,"realisticforging:raw_iron_ore":103,"minecraft:mutton":21,"minecraft:cobblestone":170,"minecraft:white_wool":6,"born_in_chaos_v1:corpse_maggot":1,"minecraft:black_bed":2,"minecraft:leather":6,"realisticforging:unfinishedironchestplatepart":2,"butchersdelight:deadpig":4,"minecraft:oak_log":27,"minecraft:yellow_bed":1,"minecraft:gunpowder":2,"butchersdelight:rack":1,"minecraft:dirt":24,"butchersdelight:deadchiken":1,"minecraft:bone":16,"minecraft:apple":2,"minecraft:stone_bricks":4,"minecraft:kelp":2,"minecraft:wheat_seeds":6,"minecraft:iron_ingot":17,"lightmanscurrency:coin_iron":36,"minecraft:stone_hoe":1,"minecraft:oak_planks":2,"realisticforging:finished_iron_sword_guard":1,"minecraft:sweet_berries":11,"minecraft:gravel":7,"butchersdelight:cow_hide":6,"butchersdelight:skullcow":6,"realisticforging:hotrawironore":2,"minecraft:spider_eye":6,"lightmanscurrency:coin_copper":63,"butchersdelight:sheephide":6,"realisticforging:blacksmithstongs":1,"minecraft:granite":2,"realisticforging:hotswordguard":2,"minecraft:oak_sapling":29,"butchersdelight:hook":3,"minecraft:coal":39},"minecraft:killed_by":{"born_in_chaos_v1:nightmare_stalker":1},"minecraft:killed":{"minecraft:spider":15,"minecraft:skeleton":2,"born_in_chaos_v1:baby_skeleton":1,"born_in_chaos_v1:decrepit_skeleton":2,"minecraft:sheep":6,"born_in_chaos_v1:bloody_gadfly":1,"minecraft:zombie":6},"minecraft:used":{"minecraft:stone_sword":82,"minecraft:shield":1,"butchersdelight:hook":2,"minecraft:iron_sword":16,"minecraft:torch":6,"minecraft:dirt":24,"prefab:item_swift_blade_stone":139,"minecraft:sweet_berries":7,"minecraft:furnace":1,"minecraft:cooked_beef":12,"minecraft:cobbled_deepslate":18,"minecraft:cooked_mutton":13,"minecraft:leather_leggings":1,"minecraft:stone_pickaxe":359,"minecraft:oak_planks":4,"minecraft:leather_chestplate":1,"minecraft:leather_boots":1,"minecraft:crafting_table":3,"minecraft:black_bed":1,"minecraft:bread":20,"minecraft:iron_pickaxe":4,"minecraft:leather_helmet":2,"minecraft:stone_axe":51,"minecraft:cobblestone":27,"minecraft:cooked_porkchop":21,"minecraft:oak_boat":6,"butchersdelight:rack":1}},"DataVersion":3120}