{"stats":{"minecraft:broken":{"minecraft:iron_shovel":4,"minecraft:stone_sword":1,"minecraft:iron_sword":1,"minecraft:iron_pickaxe":2},"minecraft:killed_by":{"born_in_chaos_v1:nightmare_stalker":3,"born_in_chaos_v1:corpse_fly":1,"minecraft:vindicator":1,"minecraft:skeleton":1,"minecraft:zombie":1},"minecraft:picked_up":{"realisticforging:twohotironingot":2,"realisticforging:pickedpanwithmeltedore":1,"born_in_chaos_v1:diamond_termite_shard":4,"minecraft:crafting_table":2,"minecraft:wheat":1,"minecraft:clay_ball":16,"realisticforging:bigpan":1,"born_in_chaos_v1:seedof_chaos":2,"realisticforging:finishedlargewoodhandle":2,"minecraft:potion":1,"minecraft:string":13,"minecraft:red_bed":2,"minecraft:moss_carpet":1,"born_in_chaos_v1:mesh_door":2,"minecraft:smooth_stone_slab":12,"born_in_chaos_v1:intoxicating_decoction":2,"minecraft:iron_shovel":1,"realisticforging:threeironingots":1,"realisticforging:smithing_hammer":1,"minecraft:cobbled_deepslate":3,"minecraft:bucket":1,"minecraft:beef":4,"minecraft:iron_pickaxe":1,"realisticforging:woodpestle":1,"minecraft:chest":28,"minecraft:birch_sapling":1,"realisticforging:finishedwoodhandle":2,"minecraft:egg":3,"minecraft:furnace":7,"minecraft:diamond_ore":1,"minecraft:stick":19,"minecraft:oak_door":3,"minecraft:copper_ingot":1,"born_in_chaos_v1:phantom_powder":1,"minecraft:torch":26,"minecraft:acacia_log":1,"minecraft:porkchop":24,"born_in_chaos_v1:pileof_dark_metal":1,"born_in_chaos_v1:nightmare_claw":2,"born_in_chaos_v1:pieceofdarkmetal":6,"minecraft:redstone":23,"realisticforging:ironscrap":92,"lightmanscurrency:coin_emerald":2,"realisticforging:smithing_anvil":1,"minecraft:cactus":65,"minecraft:arrow":12,"realisticforging:diamond_sledge_hammerr":1,"minecraft:rotten_flesh":44,"realisticforging:twoironingots":1,"minecraft:peony":1,"realisticforging:raw_iron_ore":192,"minecraft:cobblestone":423,"minecraft:oxeye_daisy":8,"minecraft:birch_log":17,"realisticforging:ironoredust":1,"born_in_chaos_v1:corpse_maggot":11,"realisticforging:carvinghammer":1,"minecraft:cooked_beef":3,"minecraft:andesite":1,"born_in_chaos_v1:monster_flesh":1,"minecraft:jungle_log":4,"realisticforging:two_sticks":7,"realisticforging:barshapedmold":1,"minecraft:red_mushroom":1,"realisticforging:unfinishedironchestplatepart":2,"minecraft:flint":1,"butchersdelight:deadpig":7,"minecraft:oak_log":32,"minecraft:cobblestone_stairs":1,"minecraft:gunpowder":4,"realisticforging:panwithmeltedcopper":1,"realisticforging:hotironingot":5,"realisticforging:copperore":74,"realisticforging:moldwithmeltedgold":1,"realisticforging:unfinishedironhelmetpart":1,"minecraft:lapis_lazuli":34,"realisticforging:pan":1,"minecraft:dirt":993,"born_in_chaos_v1:monster_skin":3,"minecraft:cooked_mutton":21,"minecraft:bone":32,"minecraft:apple":1,"minecraft:stone_bricks":24,"minecraft:stonecutter":1,"minecraft:wheat_seeds":10,"minecraft:grindstone":1,"minecraft:iron_ingot":42,"realisticforging:pickaxemold":1,"realisticforging:cleanedironore":3,"minecraft:moss_block":102,"lightmanscurrency:coin_iron":80,"minecraft:iron_sword":1,"realisticforging:rawgoldore":16,"butchersdelight:skullcow":1,"minecraft:sweet_berries":8,"minecraft:dandelion":8,"born_in_chaos_v1:ethereal_spirit":4,"realisticforging:iron_sledgehammer":1,"minecraft:poisonous_potato":1,"realisticforging:hotrawironore":13,"minecraft:gravel":12,"butchersdelight:cow_hide":2,"realisticforging:chisel":1,"minecraft:sand":191,"minecraft:blast_furnace":1,"minecraft:spruce_log":8,"minecraft:spider_eye":9,"lightmanscurrency:coin_copper":154,"minecraft:purple_bed":1,"minecraft:diamond":4,"realisticforging:blacksmithstongs":1,"lightmanscurrency:coin_gold":5,"minecraft:iron_helmet":1,"realisticforging:hotswordguard":2,"minecraft:emerald":3,"minecraft:rooted_dirt":1,"realisticforging:diamondshards":4,"realisticforging:rawironswordblade":2,"minecraft:oak_sapling":11,"realisticforging:big_stone":1,"minecraft:coal":166,"minecraft:sunflower":30},"minecraft:used":{"minecraft:moss_block":2,"minecraft:stone_sword":148,"minecraft:iron_shovel":1241,"minecraft:acacia_log":1,"minecraft:chest":11,"butchersdelight:hook":2,"minecraft:iron_sword":291,"minecraft:rotten_flesh":2,"minecraft:oak_door":1,"minecraft:torch":70,"minecraft:dirt":1901,"securitycraft:keypad_item":1,"minecraft:hopper":3,"minecraft:iron_axe":129,"minecraft:rooted_dirt":1,"minecraft:birch_sapling":1,"minecraft:jungle_log":1,"minecraft:iron_helmet":1,"minecraft:iron_boots":1,"minecraft:stone_bricks":11,"minecraft:oak_sapling":1,"minecraft:furnace":5,"minecraft:egg":2,"minecraft:cooked_beef":3,"minecraft:wheat_seeds":1,"minecraft:cooked_mutton":70,"minecraft:cobblestone_stairs":1,"realisticforging:smithing_anvil":1,"minecraft:stonecutter":1,"securitycraft:scanner_door_item":2,"minecraft:sand":1,"minecraft:blast_furnace":1,"minecraft:red_bed":2,"minecraft:crossbow":3,"minecraft:oxeye_daisy":3,"born_in_chaos_v1:monster_flesh":1,"minecraft:iron_pickaxe":715,"minecraft:sunflower":4,"minecraft:diamond_ore":1,"born_in_chaos_v1:mesh_door":1,"minecraft:cobblestone":11,"minecraft:potion":1,"minecraft:purple_bed":1,"minecraft:grindstone":1,"minecraft:smooth_stone_slab":10,"minecraft:dandelion":2},"minecraft:custom":{"minecraft:interact_with_anvil":1,"minecraft:mob_kills":86,"minecraft:inspect_hopper":9,"minecraft:interact_with_crafting_table":85,"minecraft:open_barrel":2,"minecraft:damage_dealt_resisted":232,"minecraft:leave_game":9,"minecraft:time_since_death":64215,"minecraft:climb_one_cm":8749,"minecraft:sprint_one_cm":1094772,"minecraft:walk_one_cm":1272126,"minecraft:drop":75,"minecraft:damage_dealt_absorbed":160,"minecraft:talked_to_villager":1,"minecraft:play_time":484245,"minecraft:sneak_time":10427,"minecraft:deaths":7,"minecraft:walk_under_water_one_cm":28762,"minecraft:interact_with_brewingstand":1,"minecraft:jump":2474,"minecraft:interact_with_blast_furnace":56,"minecraft:walk_on_water_one_cm":37235,"minecraft:total_world_time":484245,"minecraft:interact_with_furnace":161,"minecraft:interact_with_stonecutter":12,"minecraft:interact_with_grindstone":19,"minecraft:sleep_in_bed":8,"minecraft:time_since_rest":56856,"minecraft:damage_taken":6260,"minecraft:damage_dealt":19413,"minecraft:swim_one_cm":127787,"minecraft:fly_one_cm":339120,"minecraft:crouch_one_cm":9342,"minecraft:open_chest":533,"minecraft:fall_one_cm":43042},"minecraft:dropped":{"minecraft:iron_ingot":2,"minecraft:iron_sword":1,"minecraft:wheat_seeds":1,"minecraft:oak_log":25,"minecraft:diamond":2,"minecraft:cobblestone":54,"minecraft:copper_ingot":1,"realisticforging:unfinishedironchestplatepart":2,"realisticforging:rawironswordblade":2,"realisticforging:hotswordguard":3,"realisticforging:moldwithmeltedgold":1,"realisticforging:panwithmeltedcopper":2,"minecraft:sunflower":3,"realisticforging:cleanedironore":3,"realisticforging:finished_iron_sword_guard":1,"minecraft:cactus":2,"minecraft:iron_shovel":1,"realisticforging:finishedlargewoodhandle":2,"realisticforging:hotironingot":5,"butchersdelight:cow_hide":1,"minecraft:bone":4,"minecraft:moss_carpet":1,"realisticforging:hotrawironore":12,"realisticforging:ironsheet":1,"minecraft:rotten_flesh":4,"minecraft:clay_ball":16,"realisticforging:unfinishedironhelmetpart":1,"realisticforging:barshapedmold":1,"minecraft:shears":1,"securitycraft:keypad_item":1,"realisticforging:threeironingots":1,"realisticforging:pickaxemold":2,"minecraft:peony":1,"minecraft:andesite":1,"minecraft:jungle_log":1,"born_in_chaos_v1:corpse_maggot":1,"realisticforging:twohotironingot":2,"realisticforging:twoironingots":1,"minecraft:spider_eye":1,"realisticforging:finisheddiamondswordblade":2,"minecraft:egg":1},"minecraft:crafted":{"realisticforging:hotironswordblade":2,"minecraft:oak_planks":120,"realisticforging:helmetmold":1,"minecraft:iron_nugget":18,"minecraft:stone_button":24,"securitycraft:keypad_item":3,"realisticforging:chisel":1,"realisticforging:wheatbroom":1,"realisticforging:emptymold":20,"realisticforging:hotironingot":6,"minecraft:heavy_weighted_pressure_plate":3,"minecraft:hopper":4,"realisticforging:smithing_hammer":1,"minecraft:iron_boots":1,"minecraft:iron_axe":1,"realisticforging:two_sticks":64,"realisticforging:hotfourironingots":3,"minecraft:chest":4,"realisticforging:hotshovelhead":1,"realisticforging:chestplatemold":1,"realisticforging:leggingsmold":1,"realisticforging:shovelmold":1,"realisticforging:barshapedmold":2,"butchersdelight:hook":2,"minecraft:spruce_planks":32,"minecraft:iron_helmet":1,"minecraft:iron_sword":4,"butchersdelight:cleaver":1,"minecraft:birch_planks":4,"realisticforging:hoemold":1,"realisticforging:bootsmold":1,"minecraft:jungle_planks":12,"realisticforging:pickaxemold":2,"realisticforging:hotpickaxehead":2,"realisticforging:hotrawironore":10,"realisticforging:twohotironingot":3,"minecraft:iron_chestplate":1,"minecraft:stick":124,"realisticforging:blacksmithstongs":2,"minecraft:iron_pickaxe":4,"minecraft:iron_leggings":1,"minecraft:iron_shovel":1,"realisticforging:swordshapedmold":1,"realisticforging:panwithmeltedcopper":2,"realisticforging:threehotironingots":1,"realisticforging:rawlargewoodhandle":11,"minecraft:torch":64,"realisticforging:hotswordguard":3,"realisticforging:axemold":1,"minecraft:shears":1},"minecraft:killed":{"born_in_chaos_v1:zombie_clown":2,"born_in_chaos_v1:zombie_lumberjack":1,"born_in_chaos_v1:restless_spirit":1,"minecraft:vindicator":2,"minecraft:spider":11,"born_in_chaos_v1:zombie_bruiser":4,"born_in_chaos_v1:maggot":9,"minecraft:skeleton":7,"minecraft:drowned":2,"born_in_chaos_v1:fallen_chaos_knight":1,"born_in_chaos_v1:diamond_termite":2,"born_in_chaos_v1:baby_skeleton":1,"minecraft:creeper":2,"born_in_chaos_v1:decrepit_skeleton":3,"born_in_chaos_v1:bloody_gadfly":1,"born_in_chaos_v1:phantom_creeper_copy":1,"minecraft:pillager":7,"minecraft:zombie":14,"born_in_chaos_v1:dread_hound":1,"born_in_chaos_v1:corpse_fly":4,"born_in_chaos_v1:dark_vortex":1,"born_in_chaos_v1:nightmare_stalker":2,"born_in_chaos_v1:door_knight":1},"minecraft:mined":{"minecraft:diamond_ore":1,"minecraft:oak_door":3,"minecraft:cobblestone_stairs":1,"born_in_chaos_v1:infected_diamond_ore":2,"minecraft:acacia_log":1,"minecraft:grass_block":700,"minecraft:jungle_log":2,"minecraft:moss_block":107,"minecraft:oxeye_daisy":7,"minecraft:rooted_dirt":1,"minecraft:redstone_ore":5,"minecraft:furnace":7,"minecraft:iron_ore":17,"minecraft:andesite":1,"minecraft:moss_carpet":1,"minecraft:peony":2,"minecraft:cave_vines":2,"minecraft:deepslate_iron_ore":9,"minecraft:iron_bars":1,"minecraft:stone":411,"born_in_chaos_v1:mesh_door":1,"minecraft:red_bed":2,"minecraft:dandelion":6,"minecraft:clay":4,"minecraft:crafting_table":2,"minecraft:torch":6,"minecraft:blast_furnace":1,"minecraft:chest":28,"minecraft:cobblestone":1,"minecraft:copper_ore":30,"minecraft:tall_grass":22,"minecraft:grindstone":1,"minecraft:deepslate_gold_ore":3,"minecraft:lapis_ore":5,"minecraft:wall_torch":17,"realisticforging:smithing_anvil":1,"minecraft:purple_bed":1,"minecraft:birch_log":16,"minecraft:wheat":1,"minecraft:spruce_log":8,"minecraft:smooth_stone_slab":6,"minecraft:grass":48,"minecraft:coal_ore":154,"minecraft:oak_log":11,"minecraft:sand":191,"minecraft:sunflower":32,"minecraft:gravel":11,"minecraft:dirt":259,"minecraft:cobweb":2,"minecraft:stonecutter":1,"minecraft:stone_bricks":20,"minecraft:gold_ore":1,"minecraft:oak_leaves":14,"minecraft:deepslate":3,"minecraft:fern":2}},"DataVersion":3120}