{"stats":{"minecraft:killed":{"born_in_chaos_v1:decrepit_skeleton":1},"minecraft:used":{"minecraft:rotten_flesh":2,"minecraft:iron_pickaxe":1,"minecraft:potion":1,"minecraft:cooked_beef":3},"minecraft:dropped":{"minecraft:iron_ingot":2,"minecraft:iron_sword":1,"realisticforging:hotrawironore":11,"minecraft:copper_ingot":1,"realisticforging:barshapedmold":1,"realisticforging:threeironingots":1,"realisticforging:rawironswordblade":2,"realisticforging:pickaxemold":2,"realisticforging:hotswordguard":3,"realisticforging:panwithmeltedcopper":2,"realisticforging:twoironingots":1,"realisticforging:cleanedironore":3,"realisticforging:hotironingot":5,"minecraft:bone":1},"minecraft:custom":{"minecraft:interact_with_furnace":64,"minecraft:mob_kills":1,"minecraft:interact_with_crafting_table":29,"minecraft:interact_with_grindstone":12,"minecraft:interact_with_stonecutter":6,"minecraft:leave_game":2,"minecraft:time_since_death":79363,"minecraft:climb_one_cm":5297,"minecraft:time_since_rest":79392,"minecraft:sprint_one_cm":89903,"minecraft:damage_taken":921,"minecraft:walk_one_cm":168718,"minecraft:drop":35,"minecraft:damage_dealt":443,"minecraft:fly_one_cm":14302,"minecraft:open_chest":60,"minecraft:crouch_one_cm":3296,"minecraft:play_time":91689,"minecraft:deaths":1,"minecraft:sneak_time":2438,"minecraft:walk_under_water_one_cm":210,"minecraft:jump":157,"minecraft:interact_with_brewingstand":1,"minecraft:interact_with_blast_furnace":20,"minecraft:walk_on_water_one_cm":655,"minecraft:total_world_time":91689,"minecraft:fall_one_cm":3869},"minecraft:mined":{"minecraft:copper_ore":1,"minecraft:grass":1},"minecraft:crafted":{"minecraft:oak_planks":8,"realisticforging:barshapedmold":2,"realisticforging:helmetmold":1,"minecraft:iron_sword":1,"realisticforging:hotironingot":5,"realisticforging:emptymold":20,"realisticforging:hoemold":1,"realisticforging:bootsmold":1,"realisticforging:pickaxemold":2,"realisticforging:hotpickaxehead":2,"realisticforging:hotrawironore":10,"realisticforging:twohotironingot":1,"realisticforging:two_sticks":3,"minecraft:stick":4,"minecraft:iron_pickaxe":1,"minecraft:iron_shovel":1,"realisticforging:panwithmeltedcopper":1,"realisticforging:swordshapedmold":1,"realisticforging:threehotironingots":1,"realisticforging:hotshovelhead":1,"realisticforging:chestplatemold":1,"realisticforging:leggingsmold":1,"realisticforging:rawlargewoodhandle":4,"realisticforging:shovelmold":1,"realisticforging:hotswordguard":2,"realisticforging:axemold":1},"minecraft:killed_by":{"born_in_chaos_v1:corpse_fly":1},"minecraft:picked_up":{"realisticforging:ironoredust":1,"realisticforging:pickedpanwithmeltedore":1,"minecraft:cooked_beef":3,"realisticforging:bigpan":1,"realisticforging:barshapedmold":1,"minecraft:potion":1,"realisticforging:panwithmeltedcopper":1,"realisticforging:hotironingot":5,"realisticforging:copperore":3,"realisticforging:pan":1,"minecraft:bone":1,"realisticforging:threeironingots":1,"realisticforging:smithing_hammer":1,"minecraft:iron_ingot":40,"realisticforging:pickaxemold":1,"realisticforging:cleanedironore":3,"minecraft:iron_pickaxe":1,"lightmanscurrency:coin_iron":3,"realisticforging:woodpestle":1,"minecraft:iron_sword":1,"minecraft:copper_ingot":1,"realisticforging:hotrawironore":12,"realisticforging:diamond_sledge_hammerr":1,"minecraft:rotten_flesh":2,"realisticforging:twoironingots":1,"realisticforging:blacksmithstongs":1,"realisticforging:raw_iron_ore":64,"realisticforging:hotswordguard":2,"realisticforging:rawironswordblade":2,"minecraft:coal":13,"realisticforging:big_stone":1}},"DataVersion":3120}