{"stats":{"minecraft:mined":{"minecraft:diamond_ore":1,"minecraft:oak_door":3,"minecraft:grass_block":1,"minecraft:furnace":7,"minecraft:peony":1,"minecraft:stone":9,"minecraft:torch":1,"minecraft:crafting_table":2,"minecraft:blast_furnace":1,"minecraft:chest":21,"minecraft:tall_grass":1,"minecraft:copper_ore":12,"minecraft:wall_torch":3,"minecraft:birch_log":9,"minecraft:wheat":1,"minecraft:smooth_stone_slab":6,"minecraft:grass":4,"minecraft:oak_log":11,"minecraft:coal_ore":36,"minecraft:dirt":1,"minecraft:stone_bricks":9,"minecraft:oak_leaves":1},"minecraft:crafted":{"realisticforging:hotironswordblade":2,"minecraft:oak_planks":16,"realisticforging:helmetmold":1,"minecraft:iron_nugget":9,"realisticforging:chisel":1,"realisticforging:wheatbroom":1,"realisticforging:emptymold":20,"realisticforging:hotironingot":6,"minecraft:hopper":4,"minecraft:iron_axe":1,"realisticforging:two_sticks":3,"realisticforging:hotfourironingots":3,"realisticforging:hotshovelhead":1,"realisticforging:chestplatemold":1,"realisticforging:leggingsmold":1,"realisticforging:shovelmold":1,"realisticforging:barshapedmold":2,"minecraft:iron_sword":1,"butchersdelight:cleaver":1,"realisticforging:hoemold":1,"realisticforging:bootsmold":1,"realisticforging:pickaxemold":2,"realisticforging:hotpickaxehead":2,"realisticforging:hotrawironore":10,"realisticforging:twohotironingot":3,"minecraft:stick":4,"minecraft:iron_pickaxe":2,"realisticforging:panwithmeltedcopper":2,"realisticforging:swordshapedmold":1,"minecraft:iron_shovel":1,"realisticforging:threehotironingots":1,"realisticforging:rawlargewoodhandle":9,"minecraft:torch":4,"realisticforging:hotswordguard":3,"realisticforging:axemold":1,"minecraft:shears":1},"minecraft:custom":{"minecraft:mob_kills":10,"minecraft:inspect_hopper":4,"minecraft:interact_with_crafting_table":47,"minecraft:leave_game":3,"minecraft:time_since_death":196915,"minecraft:climb_one_cm":7985,"minecraft:sprint_one_cm":263495,"minecraft:walk_one_cm":358049,"minecraft:drop":49,"minecraft:play_time":209241,"minecraft:deaths":1,"minecraft:sneak_time":4613,"minecraft:walk_under_water_one_cm":17252,"minecraft:jump":451,"minecraft:interact_with_brewingstand":1,"minecraft:interact_with_blast_furnace":38,"minecraft:walk_on_water_one_cm":7510,"minecraft:total_world_time":209241,"minecraft:interact_with_furnace":111,"minecraft:interact_with_grindstone":17,"minecraft:interact_with_stonecutter":10,"minecraft:sleep_in_bed":1,"minecraft:time_since_rest":45757,"minecraft:damage_taken":1241,"minecraft:damage_dealt":2502,"minecraft:swim_one_cm":9442,"minecraft:fly_one_cm":42448,"minecraft:open_chest":136,"minecraft:crouch_one_cm":4916,"minecraft:fall_one_cm":10381},"minecraft:dropped":{"minecraft:iron_ingot":2,"minecraft:iron_sword":1,"minecraft:oak_log":1,"minecraft:diamond":2,"minecraft:copper_ingot":1,"realisticforging:unfinishedironchestplatepart":2,"realisticforging:rawironswordblade":2,"realisticforging:hotswordguard":3,"realisticforging:panwithmeltedcopper":2,"realisticforging:cleanedironore":3,"realisticforging:finished_iron_sword_guard":1,"realisticforging:finishedlargewoodhandle":2,"realisticforging:hotironingot":5,"butchersdelight:cow_hide":1,"minecraft:bone":1,"realisticforging:hotrawironore":11,"realisticforging:ironsheet":1,"realisticforging:unfinishedironhelmetpart":1,"realisticforging:barshapedmold":1,"minecraft:shears":1,"realisticforging:threeironingots":1,"realisticforging:pickaxemold":2,"realisticforging:twoironingots":1,"realisticforging:finisheddiamondswordblade":2},"minecraft:picked_up":{"realisticforging:pickedpanwithmeltedore":1,"minecraft:crafting_table":2,"minecraft:wheat":1,"realisticforging:bigpan":1,"realisticforging:finishedlargewoodhandle":1,"minecraft:potion":1,"minecraft:string":2,"minecraft:smooth_stone_slab":12,"realisticforging:threeironingots":1,"realisticforging:smithing_hammer":1,"minecraft:iron_pickaxe":1,"realisticforging:woodpestle":1,"minecraft:chest":21,"minecraft:furnace":7,"minecraft:diamond_ore":1,"minecraft:stick":4,"minecraft:oak_door":3,"minecraft:copper_ingot":1,"minecraft:torch":4,"born_in_chaos_v1:pileof_dark_metal":1,"realisticforging:ironscrap":48,"realisticforging:diamond_sledge_hammerr":1,"minecraft:rotten_flesh":6,"realisticforging:twoironingots":1,"minecraft:peony":1,"realisticforging:raw_iron_ore":64,"minecraft:cobblestone":9,"minecraft:birch_log":9,"realisticforging:ironoredust":1,"realisticforging:carvinghammer":1,"minecraft:cooked_beef":3,"born_in_chaos_v1:monster_flesh":1,"realisticforging:barshapedmold":1,"realisticforging:unfinishedironchestplatepart":2,"minecraft:oak_log":31,"realisticforging:panwithmeltedcopper":1,"realisticforging:copperore":30,"realisticforging:hotironingot":5,"realisticforging:unfinishedironhelmetpart":1,"realisticforging:pan":1,"minecraft:dirt":2,"minecraft:cooked_mutton":17,"minecraft:bone":2,"minecraft:apple":1,"minecraft:stone_bricks":9,"minecraft:wheat_seeds":1,"minecraft:iron_ingot":40,"realisticforging:pickaxemold":1,"realisticforging:cleanedironore":3,"lightmanscurrency:coin_iron":24,"minecraft:iron_sword":1,"realisticforging:iron_sledgehammer":1,"realisticforging:hotrawironore":12,"butchersdelight:cow_hide":1,"realisticforging:chisel":1,"minecraft:blast_furnace":1,"minecraft:spider_eye":1,"lightmanscurrency:coin_copper":23,"minecraft:diamond":4,"realisticforging:blacksmithstongs":1,"realisticforging:hotswordguard":2,"minecraft:oak_sapling":9,"realisticforging:diamondshards":4,"realisticforging:rawironswordblade":2,"minecraft:coal":49,"realisticforging:big_stone":1},"minecraft:killed_by":{"born_in_chaos_v1:corpse_fly":1},"minecraft:killed":{"minecraft:spider":1,"minecraft:drowned":2,"born_in_chaos_v1:fallen_chaos_knight":1,"born_in_chaos_v1:baby_skeleton":1,"born_in_chaos_v1:decrepit_skeleton":1,"minecraft:zombie":3,"born_in_chaos_v1:dread_hound":1},"minecraft:used":{"minecraft:chest":6,"minecraft:iron_sword":73,"minecraft:rotten_flesh":2,"minecraft:oak_door":1,"minecraft:torch":4,"minecraft:dirt":2,"minecraft:hopper":3,"minecraft:iron_axe":49,"minecraft:stone_bricks":7,"minecraft:furnace":5,"minecraft:cooked_beef":3,"minecraft:wheat_seeds":1,"minecraft:cooked_mutton":9,"securitycraft:scanner_door_item":2,"minecraft:blast_furnace":1,"minecraft:iron_pickaxe":81,"minecraft:diamond_ore":1,"minecraft:cobblestone":1,"minecraft:potion":1,"minecraft:smooth_stone_slab":8}},"DataVersion":3120}