{"stats":{"minecraft:killed":{"born_in_chaos_v1:decrepit_skeleton":1},"minecraft:used":{"minecraft:iron_pickaxe":1,"minecraft:rotten_flesh":2,"minecraft:potion":1,"minecraft:cooked_beef":3},"minecraft:dropped":{"minecraft:iron_ingot":2,"realisticforging:hotrawironore":9,"realisticforging:pickaxemold":2,"realisticforging:hotswordguard":3,"realisticforging:panwithmeltedcopper":2,"realisticforging:cleanedironore":3,"minecraft:copper_ingot":1,"realisticforging:barshapedmold":1,"realisticforging:hotironingot":5,"minecraft:bone":1},"minecraft:custom":{"minecraft:time_since_rest":43392,"minecraft:interact_with_furnace":41,"minecraft:sprint_one_cm":63375,"minecraft:damage_taken":841,"minecraft:walk_one_cm":121396,"minecraft:mob_kills":1,"minecraft:drop":28,"minecraft:damage_dealt":443,"minecraft:interact_with_crafting_table":12,"minecraft:fly_one_cm":13941,"minecraft:open_chest":42,"minecraft:crouch_one_cm":738,"minecraft:play_time":55689,"minecraft:deaths":1,"minecraft:sneak_time":900,"minecraft:walk_under_water_one_cm":210,"minecraft:interact_with_blast_furnace":13,"minecraft:jump":157,"minecraft:interact_with_brewingstand":1,"minecraft:interact_with_stonecutter":5,"minecraft:leave_game":2,"minecraft:walk_on_water_one_cm":655,"minecraft:time_since_death":43363,"minecraft:climb_one_cm":5297,"minecraft:total_world_time":55689,"minecraft:fall_one_cm":3869},"minecraft:mined":{"minecraft:grass":1,"minecraft:copper_ore":1},"minecraft:crafted":{"realisticforging:hotrawironore":8,"realisticforging:barshapedmold":2,"realisticforging:helmetmold":1,"realisticforging:two_sticks":3,"realisticforging:swordshapedmold":1,"realisticforging:panwithmeltedcopper":1,"realisticforging:chestplatemold":1,"realisticforging:leggingsmold":1,"realisticforging:shovelmold":1,"realisticforging:emptymold":20,"realisticforging:hotironingot":5,"realisticforging:hoemold":1,"realisticforging:axemold":1,"realisticforging:hotswordguard":2,"realisticforging:bootsmold":1,"realisticforging:pickaxemold":2},"minecraft:killed_by":{"born_in_chaos_v1:corpse_fly":1},"minecraft:picked_up":{"realisticforging:pickedpanwithmeltedore":1,"realisticforging:ironoredust":1,"minecraft:cooked_beef":3,"realisticforging:bigpan":1,"minecraft:copper_ingot":1,"realisticforging:barshapedmold":1,"realisticforging:hotrawironore":10,"minecraft:potion":1,"realisticforging:panwithmeltedcopper":1,"realisticforging:copperore":3,"realisticforging:hotironingot":5,"realisticforging:pan":1,"realisticforging:diamond_sledge_hammerr":1,"minecraft:bone":1,"minecraft:rotten_flesh":2,"realisticforging:smithing_hammer":1,"minecraft:iron_pickaxe":1,"realisticforging:cleanedironore":3,"realisticforging:blacksmithstongs":1,"realisticforging:raw_iron_ore":64,"realisticforging:pickaxemold":1,"realisticforging:hotswordguard":2,"lightmanscurrency:coin_iron":3,"realisticforging:woodpestle":1,"realisticforging:big_stone":1,"minecraft:coal":13}},"DataVersion":3120}