{"stats":{"minecraft:mined":{"minecraft:diamond_ore":1,"minecraft:oak_door":3,"born_in_chaos_v1:infected_diamond_ore":2,"minecraft:acacia_log":1,"minecraft:grass_block":699,"minecraft:jungle_log":2,"minecraft:moss_block":107,"minecraft:oxeye_daisy":7,"minecraft:rooted_dirt":1,"minecraft:redstone_ore":5,"minecraft:furnace":7,"minecraft:iron_ore":17,"minecraft:moss_carpet":1,"minecraft:peony":2,"minecraft:cave_vines":2,"minecraft:deepslate_iron_ore":9,"minecraft:iron_bars":1,"minecraft:stone":409,"born_in_chaos_v1:mesh_door":1,"minecraft:red_bed":2,"minecraft:dandelion":6,"minecraft:clay":4,"minecraft:crafting_table":2,"minecraft:torch":6,"minecraft:blast_furnace":1,"minecraft:chest":22,"minecraft:copper_ore":30,"minecraft:tall_grass":1,"minecraft:deepslate_gold_ore":3,"minecraft:lapis_ore":5,"minecraft:wall_torch":17,"realisticforging:smithing_anvil":1,"minecraft:birch_log":9,"minecraft:wheat":1,"minecraft:spruce_log":8,"minecraft:smooth_stone_slab":6,"minecraft:grass":31,"minecraft:coal_ore":145,"minecraft:oak_log":11,"minecraft:sand":191,"minecraft:sunflower":32,"minecraft:gravel":11,"minecraft:dirt":259,"minecraft:stone_bricks":10,"minecraft:gold_ore":1,"minecraft:oak_leaves":11,"minecraft:deepslate":3,"minecraft:fern":2},"minecraft:crafted":{"realisticforging:hotironswordblade":2,"minecraft:oak_planks":20,"realisticforging:helmetmold":1,"minecraft:iron_nugget":9,"realisticforging:chisel":1,"realisticforging:wheatbroom":1,"realisticforging:emptymold":20,"realisticforging:hotironingot":6,"minecraft:hopper":4,"realisticforging:smithing_hammer":1,"minecraft:iron_boots":1,"minecraft:iron_axe":1,"realisticforging:two_sticks":3,"realisticforging:hotfourironingots":3,"minecraft:chest":4,"realisticforging:hotshovelhead":1,"realisticforging:chestplatemold":1,"realisticforging:leggingsmold":1,"realisticforging:shovelmold":1,"realisticforging:barshapedmold":2,"minecraft:spruce_planks":32,"minecraft:iron_helmet":1,"minecraft:iron_sword":2,"butchersdelight:cleaver":1,"realisticforging:hoemold":1,"realisticforging:bootsmold":1,"minecraft:jungle_planks":12,"realisticforging:pickaxemold":2,"realisticforging:hotpickaxehead":2,"minecraft:iron_chestplate":1,"realisticforging:twohotironingot":3,"realisticforging:hotrawironore":10,"minecraft:stick":36,"minecraft:iron_pickaxe":2,"minecraft:iron_shovel":1,"realisticforging:swordshapedmold":1,"realisticforging:panwithmeltedcopper":2,"realisticforging:threehotironingots":1,"realisticforging:rawlargewoodhandle":9,"minecraft:torch":64,"realisticforging:hotswordguard":3,"realisticforging:axemold":1,"minecraft:shears":1},"minecraft:custom":{"minecraft:mob_kills":55,"minecraft:inspect_hopper":6,"minecraft:interact_with_crafting_table":58,"minecraft:open_barrel":1,"minecraft:damage_dealt_resisted":202,"minecraft:leave_game":6,"minecraft:time_since_death":36006,"minecraft:climb_one_cm":8281,"minecraft:sprint_one_cm":701307,"minecraft:walk_one_cm":957420,"minecraft:drop":70,"minecraft:talked_to_villager":1,"minecraft:play_time":370784,"minecraft:sneak_time":7715,"minecraft:deaths":6,"minecraft:walk_under_water_one_cm":24072,"minecraft:jump":1801,"minecraft:interact_with_brewingstand":1,"minecraft:interact_with_blast_furnace":44,"minecraft:walk_on_water_one_cm":16367,"minecraft:total_world_time":370784,"minecraft:interact_with_furnace":129,"minecraft:interact_with_stonecutter":11,"minecraft:interact_with_grindstone":19,"minecraft:sleep_in_bed":7,"minecraft:time_since_rest":22174,"minecraft:damage_taken":4246,"minecraft:damage_dealt":13247,"minecraft:swim_one_cm":58643,"minecraft:fly_one_cm":225166,"minecraft:crouch_one_cm":6628,"minecraft:open_chest":284,"minecraft:fall_one_cm":27898},"minecraft:dropped":{"minecraft:iron_ingot":2,"minecraft:iron_sword":1,"minecraft:wheat_seeds":1,"minecraft:oak_log":2,"minecraft:diamond":2,"minecraft:cobblestone":54,"minecraft:copper_ingot":1,"realisticforging:unfinishedironchestplatepart":2,"realisticforging:rawironswordblade":2,"realisticforging:hotswordguard":3,"minecraft:sunflower":3,"realisticforging:panwithmeltedcopper":2,"realisticforging:cleanedironore":3,"realisticforging:finished_iron_sword_guard":1,"minecraft:cactus":2,"minecraft:iron_shovel":1,"realisticforging:finishedlargewoodhandle":2,"realisticforging:hotironingot":5,"butchersdelight:cow_hide":1,"minecraft:bone":4,"minecraft:moss_carpet":1,"realisticforging:hotrawironore":11,"realisticforging:ironsheet":1,"minecraft:rotten_flesh":4,"minecraft:clay_ball":16,"realisticforging:unfinishedironhelmetpart":1,"realisticforging:barshapedmold":1,"minecraft:shears":1,"realisticforging:threeironingots":1,"realisticforging:pickaxemold":2,"minecraft:peony":1,"born_in_chaos_v1:corpse_maggot":1,"minecraft:jungle_log":1,"realisticforging:twohotironingot":2,"realisticforging:twoironingots":1,"minecraft:spider_eye":1,"realisticforging:finisheddiamondswordblade":2,"minecraft:egg":1},"minecraft:broken":{"minecraft:iron_shovel":4,"minecraft:iron_sword":1,"minecraft:iron_pickaxe":2},"minecraft:picked_up":{"realisticforging:twohotironingot":2,"realisticforging:pickedpanwithmeltedore":1,"minecraft:crafting_table":2,"born_in_chaos_v1:diamond_termite_shard":4,"minecraft:wheat":1,"minecraft:clay_ball":16,"realisticforging:bigpan":1,"born_in_chaos_v1:seedof_chaos":2,"realisticforging:finishedlargewoodhandle":1,"minecraft:potion":1,"minecraft:string":7,"minecraft:red_bed":2,"minecraft:moss_carpet":1,"born_in_chaos_v1:mesh_door":2,"minecraft:smooth_stone_slab":12,"born_in_chaos_v1:intoxicating_decoction":2,"minecraft:iron_shovel":1,"realisticforging:threeironingots":1,"realisticforging:smithing_hammer":1,"minecraft:bucket":1,"minecraft:iron_pickaxe":1,"realisticforging:woodpestle":1,"minecraft:chest":22,"minecraft:furnace":7,"minecraft:egg":3,"minecraft:diamond_ore":1,"minecraft:stick":6,"minecraft:oak_door":3,"minecraft:copper_ingot":1,"born_in_chaos_v1:phantom_powder":1,"minecraft:torch":26,"minecraft:acacia_log":1,"born_in_chaos_v1:pileof_dark_metal":1,"born_in_chaos_v1:nightmare_claw":2,"born_in_chaos_v1:pieceofdarkmetal":6,"minecraft:redstone":23,"realisticforging:ironscrap":84,"realisticforging:smithing_anvil":1,"minecraft:arrow":9,"realisticforging:diamond_sledge_hammerr":1,"minecraft:cactus":65,"minecraft:rotten_flesh":39,"realisticforging:twoironingots":1,"minecraft:peony":1,"realisticforging:raw_iron_ore":128,"minecraft:cobblestone":407,"minecraft:oxeye_daisy":8,"minecraft:birch_log":10,"born_in_chaos_v1:corpse_maggot":6,"realisticforging:ironoredust":1,"realisticforging:carvinghammer":1,"minecraft:cooked_beef":3,"born_in_chaos_v1:monster_flesh":1,"minecraft:jungle_log":4,"realisticforging:barshapedmold":1,"minecraft:red_mushroom":1,"realisticforging:unfinishedironchestplatepart":2,"butchersdelight:deadpig":1,"minecraft:flint":1,"minecraft:oak_log":32,"realisticforging:panwithmeltedcopper":1,"realisticforging:copperore":74,"realisticforging:hotironingot":5,"minecraft:lapis_lazuli":34,"realisticforging:unfinishedironhelmetpart":1,"realisticforging:pan":1,"minecraft:dirt":992,"born_in_chaos_v1:monster_skin":3,"minecraft:cooked_mutton":21,"minecraft:bone":21,"minecraft:apple":1,"minecraft:stone_bricks":10,"minecraft:wheat_seeds":8,"minecraft:iron_ingot":42,"realisticforging:pickaxemold":1,"realisticforging:cleanedironore":3,"minecraft:moss_block":102,"lightmanscurrency:coin_iron":57,"minecraft:iron_sword":1,"realisticforging:rawgoldore":16,"minecraft:poisonous_potato":1,"realisticforging:iron_sledgehammer":1,"born_in_chaos_v1:ethereal_spirit":4,"minecraft:dandelion":8,"butchersdelight:cow_hide":1,"realisticforging:hotrawironore":12,"minecraft:gravel":12,"realisticforging:chisel":1,"minecraft:sand":191,"minecraft:blast_furnace":1,"minecraft:spruce_log":8,"minecraft:spider_eye":5,"lightmanscurrency:coin_copper":74,"minecraft:diamond":4,"realisticforging:blacksmithstongs":1,"realisticforging:hotswordguard":2,"minecraft:rooted_dirt":1,"minecraft:oak_sapling":11,"realisticforging:diamondshards":4,"realisticforging:rawironswordblade":2,"realisticforging:big_stone":1,"minecraft:coal":157,"minecraft:sunflower":30},"minecraft:killed_by":{"born_in_chaos_v1:nightmare_stalker":3,"born_in_chaos_v1:corpse_fly":1,"minecraft:skeleton":1,"minecraft:zombie":1},"minecraft:killed":{"born_in_chaos_v1:zombie_clown":2,"born_in_chaos_v1:restless_spirit":1,"born_in_chaos_v1:zombie_lumberjack":1,"minecraft:spider":8,"born_in_chaos_v1:zombie_bruiser":4,"born_in_chaos_v1:maggot":3,"minecraft:skeleton":5,"minecraft:drowned":2,"born_in_chaos_v1:fallen_chaos_knight":1,"born_in_chaos_v1:diamond_termite":2,"born_in_chaos_v1:baby_skeleton":1,"born_in_chaos_v1:decrepit_skeleton":3,"born_in_chaos_v1:phantom_creeper_copy":1,"minecraft:zombie":6,"born_in_chaos_v1:dread_hound":1,"born_in_chaos_v1:corpse_fly":4,"born_in_chaos_v1:dark_vortex":1,"born_in_chaos_v1:nightmare_stalker":2,"born_in_chaos_v1:door_knight":1},"minecraft:used":{"minecraft:moss_block":2,"minecraft:acacia_log":1,"minecraft:iron_shovel":1241,"minecraft:chest":11,"minecraft:iron_sword":260,"minecraft:rotten_flesh":2,"minecraft:oak_door":1,"minecraft:torch":70,"minecraft:dirt":1901,"minecraft:hopper":3,"minecraft:iron_axe":123,"minecraft:rooted_dirt":1,"minecraft:jungle_log":1,"minecraft:iron_helmet":1,"minecraft:iron_boots":1,"minecraft:stone_bricks":8,"minecraft:oak_sapling":1,"minecraft:furnace":5,"minecraft:egg":2,"minecraft:cooked_beef":3,"minecraft:wheat_seeds":1,"minecraft:cooked_mutton":40,"realisticforging:smithing_anvil":1,"securitycraft:scanner_door_item":2,"minecraft:sand":1,"minecraft:red_bed":2,"minecraft:blast_furnace":1,"minecraft:oxeye_daisy":3,"born_in_chaos_v1:monster_flesh":1,"minecraft:iron_pickaxe":687,"minecraft:sunflower":4,"minecraft:diamond_ore":1,"born_in_chaos_v1:mesh_door":1,"minecraft:cobblestone":9,"minecraft:potion":1,"minecraft:smooth_stone_slab":8,"minecraft:dandelion":2}},"DataVersion":3120}