{"stats":{"minecraft:killed":{"born_in_chaos_v1:decrepit_skeleton":1},"minecraft:used":{"minecraft:cooked_mutton":5,"minecraft:chest":6,"securitycraft:scanner_door_item":2,"minecraft:rotten_flesh":2,"minecraft:oak_door":1,"minecraft:blast_furnace":1,"minecraft:hopper":3,"minecraft:iron_axe":37,"minecraft:iron_pickaxe":25,"minecraft:diamond_ore":1,"minecraft:stone_bricks":7,"minecraft:potion":1,"minecraft:furnace":5,"minecraft:smooth_stone_slab":8,"minecraft:cooked_beef":3},"minecraft:dropped":{"minecraft:iron_ingot":2,"minecraft:iron_sword":1,"realisticforging:hotrawironore":11,"minecraft:oak_log":1,"realisticforging:ironsheet":1,"minecraft:diamond":2,"realisticforging:unfinishedironhelmetpart":1,"realisticforging:unfinishedironchestplatepart":2,"minecraft:copper_ingot":1,"minecraft:shears":1,"realisticforging:barshapedmold":1,"realisticforging:threeironingots":1,"realisticforging:rawironswordblade":2,"realisticforging:pickaxemold":2,"realisticforging:hotswordguard":3,"realisticforging:panwithmeltedcopper":2,"realisticforging:twoironingots":1,"realisticforging:finished_iron_sword_guard":1,"realisticforging:cleanedironore":3,"realisticforging:finishedlargewoodhandle":2,"realisticforging:hotironingot":5,"butchersdelight:cow_hide":1,"minecraft:bone":1,"realisticforging:finisheddiamondswordblade":2},"minecraft:custom":{"minecraft:interact_with_furnace":111,"minecraft:mob_kills":1,"minecraft:inspect_hopper":4,"minecraft:interact_with_crafting_table":47,"minecraft:interact_with_grindstone":17,"minecraft:interact_with_stonecutter":10,"minecraft:leave_game":2,"minecraft:sleep_in_bed":1,"minecraft:time_since_death":151363,"minecraft:climb_one_cm":7985,"minecraft:time_since_rest":205,"minecraft:sprint_one_cm":193928,"minecraft:damage_taken":931,"minecraft:walk_one_cm":317092,"minecraft:drop":49,"minecraft:damage_dealt":443,"minecraft:fly_one_cm":25933,"minecraft:open_chest":136,"minecraft:crouch_one_cm":4556,"minecraft:play_time":163689,"minecraft:deaths":1,"minecraft:sneak_time":4232,"minecraft:walk_under_water_one_cm":210,"minecraft:jump":229,"minecraft:interact_with_brewingstand":1,"minecraft:interact_with_blast_furnace":38,"minecraft:walk_on_water_one_cm":966,"minecraft:total_world_time":163689,"minecraft:fall_one_cm":4916},"minecraft:mined":{"minecraft:diamond_ore":1,"minecraft:oak_door":3,"minecraft:crafting_table":2,"minecraft:blast_furnace":1,"minecraft:chest":21,"minecraft:copper_ore":1,"minecraft:furnace":7,"minecraft:smooth_stone_slab":6,"minecraft:grass":1,"minecraft:oak_log":11,"minecraft:stone_bricks":9,"minecraft:oak_leaves":1},"minecraft:crafted":{"realisticforging:hotironswordblade":2,"minecraft:oak_planks":16,"realisticforging:barshapedmold":2,"realisticforging:helmetmold":1,"minecraft:iron_nugget":9,"minecraft:iron_sword":1,"realisticforging:chisel":1,"butchersdelight:cleaver":1,"realisticforging:hotironingot":6,"realisticforging:emptymold":20,"realisticforging:hoemold":1,"realisticforging:bootsmold":1,"realisticforging:pickaxemold":2,"realisticforging:hotpickaxehead":2,"minecraft:hopper":4,"realisticforging:hotrawironore":10,"realisticforging:twohotironingot":3,"minecraft:iron_axe":1,"realisticforging:two_sticks":3,"minecraft:stick":4,"minecraft:iron_pickaxe":2,"realisticforging:hotfourironingots":3,"minecraft:iron_shovel":1,"realisticforging:panwithmeltedcopper":2,"realisticforging:swordshapedmold":1,"realisticforging:threehotironingots":1,"realisticforging:hotshovelhead":1,"realisticforging:chestplatemold":1,"realisticforging:leggingsmold":1,"realisticforging:rawlargewoodhandle":9,"realisticforging:shovelmold":1,"realisticforging:hotswordguard":3,"realisticforging:axemold":1,"minecraft:shears":1},"minecraft:killed_by":{"born_in_chaos_v1:corpse_fly":1},"minecraft:picked_up":{"realisticforging:ironoredust":1,"realisticforging:pickedpanwithmeltedore":1,"minecraft:crafting_table":2,"realisticforging:carvinghammer":1,"minecraft:cooked_beef":3,"realisticforging:bigpan":1,"realisticforging:barshapedmold":1,"realisticforging:finishedlargewoodhandle":1,"realisticforging:unfinishedironchestplatepart":2,"minecraft:potion":1,"minecraft:oak_log":31,"realisticforging:panwithmeltedcopper":1,"realisticforging:hotironingot":5,"realisticforging:copperore":3,"realisticforging:unfinishedironhelmetpart":1,"realisticforging:pan":1,"minecraft:smooth_stone_slab":12,"minecraft:cooked_mutton":17,"minecraft:bone":1,"minecraft:apple":1,"realisticforging:threeironingots":1,"minecraft:stone_bricks":9,"realisticforging:smithing_hammer":1,"minecraft:iron_ingot":40,"realisticforging:pickaxemold":1,"realisticforging:cleanedironore":3,"minecraft:iron_pickaxe":1,"minecraft:chest":21,"lightmanscurrency:coin_iron":3,"realisticforging:woodpestle":1,"minecraft:iron_sword":1,"minecraft:furnace":7,"minecraft:diamond_ore":1,"minecraft:stick":2,"minecraft:oak_door":3,"minecraft:copper_ingot":1,"realisticforging:iron_sledgehammer":1,"realisticforging:hotrawironore":12,"butchersdelight:cow_hide":1,"realisticforging:chisel":1,"minecraft:blast_furnace":1,"realisticforging:ironscrap":48,"realisticforging:diamond_sledge_hammerr":1,"minecraft:rotten_flesh":2,"minecraft:diamond":4,"realisticforging:twoironingots":1,"realisticforging:blacksmithstongs":1,"minecraft:oak_sapling":9,"realisticforging:raw_iron_ore":64,"realisticforging:hotswordguard":2,"realisticforging:diamondshards":4,"realisticforging:rawironswordblade":2,"minecraft:coal":13,"realisticforging:big_stone":1}},"DataVersion":3120}