{"stats":{"minecraft:broken":{"minecraft:iron_shovel":4,"minecraft:iron_sword":1,"minecraft:stone_sword":1,"minecraft:iron_axe":1,"minecraft:iron_pickaxe":3},"minecraft:killed_by":{"born_in_chaos_v1:nightmare_stalker":3,"born_in_chaos_v1:corpse_fly":1,"minecraft:vindicator":1,"minecraft:zombie":1,"minecraft:skeleton":1},"minecraft:picked_up":{"realisticforging:pickedpanwithmeltedore":1,"minecraft:wheat":2,"realisticforging:finishedlargewoodhandle":2,"minecraft:potion":1,"minecraft:string":15,"born_in_chaos_v1:mesh_door":2,"minecraft:smooth_stone_slab":29,"realisticforging:threeironingots":1,"minecraft:cobbled_deepslate":3,"minecraft:bucket":1,"minecraft:cobblestone_slab":1,"minecraft:iron_pickaxe":1,"minecraft:melon_slice":4,"realisticforging:woodpestle":1,"minecraft:furnace":7,"minecraft:diamond_ore":1,"minecraft:stick":26,"born_in_chaos_v1:shattered_skull":1,"born_in_chaos_v1:phantom_powder":1,"minecraft:torch":38,"minecraft:acacia_log":1,"born_in_chaos_v1:pileof_dark_metal":1,"minecraft:porkchop":52,"born_in_chaos_v1:nightmare_claw":2,"lightmanscurrency:coin_emerald":5,"realisticforging:smithing_anvil":1,"minecraft:cactus":65,"minecraft:rotten_flesh":92,"realisticforging:raw_iron_ore":234,"minecraft:cobblestone":602,"minecraft:birch_log":69,"realisticforging:ironoredust":1,"minecraft:feather":2,"minecraft:cooked_beef":5,"realisticforging:two_sticks":7,"minecraft:jungle_log":4,"minecraft:andesite":1,"realisticforging:barshapedmold":1,"realisticforging:unfinishedironchestplatepart":2,"butchersdelight:deadpig":8,"minecraft:flint":1,"realisticforging:panwithmeltedcopper":1,"realisticforging:hotironingot":5,"minecraft:dirt":1066,"minecraft:lapis_lazuli":58,"realisticforging:pan":1,"born_in_chaos_v1:monster_skin":10,"minecraft:bone":59,"minecraft:stonecutter":1,"minecraft:wheat_seeds":18,"realisticforging:pickaxemold":1,"minecraft:grindstone":1,"minecraft:moss_block":108,"minecraft:oak_planks":1,"minecraft:cooked_porkchop":10,"butchersdelight:cow_hide":7,"realisticforging:iron_sledgehammer":1,"minecraft:poisonous_potato":1,"butchersdelight:skullcow":8,"minecraft:sand":191,"minecraft:dark_oak_log":2,"realisticforging:purerawgoldore":15,"minecraft:diamond":4,"realisticforging:blacksmithstongs":1,"realisticforging:hotswordguard":2,"minecraft:emerald":5,"minecraft:rooted_dirt":1,"minecraft:oak_sapling":16,"realisticforging:rawironswordblade":2,"realisticforging:twohotironingot":2,"minecraft:cocoa_beans":3,"minecraft:crafting_table":4,"born_in_chaos_v1:diamond_termite_shard":4,"minecraft:clay_ball":16,"realisticforging:bigpan":1,"born_in_chaos_v1:seedof_chaos":2,"minecraft:red_bed":2,"minecraft:moss_carpet":2,"born_in_chaos_v1:intoxicating_decoction":6,"minecraft:iron_shovel":1,"butchersdelight:dead_cow":1,"realisticforging:smithing_hammer":1,"minecraft:beef":24,"born_in_chaos_v1:gnawed_bones":4,"minecraft:iron_nugget":2,"minecraft:birch_sapling":10,"minecraft:chest":40,"minecraft:phantom_membrane":1,"realisticforging:finishedwoodhandle":2,"minecraft:egg":17,"minecraft:oak_door":3,"minecraft:copper_ingot":1,"born_in_chaos_v1:pieceofdarkmetal":12,"minecraft:carrot":1,"minecraft:redstone":97,"realisticforging:ironscrap":94,"realisticforging:diamond_sledge_hammerr":1,"minecraft:arrow":18,"realisticforging:twoironingots":1,"minecraft:peony":1,"born_in_chaos_v1:dark_ritual_dagger":3,"minecraft:glow_berries":2,"minecraft:oxeye_daisy":8,"born_in_chaos_v1:corpse_maggot":20,"realisticforging:carvinghammer":1,"born_in_chaos_v1:monster_flesh":12,"minecraft:leather":18,"minecraft:red_mushroom":1,"minecraft:oak_log":60,"minecraft:gunpowder":6,"minecraft:cobblestone_stairs":1,"realisticforging:moldwithmeltedgold":1,"realisticforging:copperore":74,"realisticforging:unfinishedironhelmetpart":1,"minecraft:cooked_mutton":21,"minecraft:apple":1,"minecraft:stone_bricks":34,"minecraft:iron_ingot":46,"realisticforging:cleanedironore":3,"minecraft:glass_bottle":1,"lightmanscurrency:coin_iron":126,"minecraft:iron_sword":1,"realisticforging:rawgoldore":19,"minecraft:sweet_berries":8,"born_in_chaos_v1:bone_heart":1,"minecraft:quartz":13,"born_in_chaos_v1:ethereal_spirit":11,"minecraft:dandelion":8,"realisticforging:hotrawironore":62,"minecraft:gravel":12,"realisticforging:chisel":1,"born_in_chaos_v1:dark_rod":2,"born_in_chaos_v1:fangofthe_hound_leader":2,"minecraft:blast_furnace":1,"minecraft:spruce_log":8,"minecraft:spider_eye":9,"lightmanscurrency:coin_copper":251,"minecraft:purple_bed":2,"minecraft:slime_ball":1,"minecraft:iron_helmet":1,"lightmanscurrency:coin_gold":10,"realisticforging:diamondshards":4,"minecraft:coal":184,"realisticforging:big_stone":1,"minecraft:sunflower":31},"minecraft:used":{"minecraft:moss_block":5,"minecraft:iron_shovel":1241,"born_in_chaos_v1:intoxicating_decoction":1,"minecraft:chest":13,"minecraft:iron_sword":291,"butchersdelight:hook":4,"minecraft:rotten_flesh":5,"securitycraft:keypad_item":2,"minecraft:carrot":2,"minecraft:birch_sapling":10,"minecraft:iron_helmet":1,"born_in_chaos_v1:gnawed_bones":4,"minecraft:stone_bricks":11,"minecraft:furnace":5,"minecraft:oak_sapling":6,"minecraft:egg":2,"minecraft:oak_planks":4,"realisticforging:smithing_anvil":1,"butchersdelight:skullcow":6,"minecraft:sand":1,"minecraft:blast_furnace":1,"minecraft:crossbow":3,"minecraft:melon_slice":4,"born_in_chaos_v1:monster_flesh":1,"minecraft:diamond_ore":1,"born_in_chaos_v1:mesh_door":1,"minecraft:grindstone":1,"minecraft:birch_log":27,"minecraft:smooth_stone_slab":14,"born_in_chaos_v1:dark_ritual_dagger":166,"minecraft:stone_sword":370,"minecraft:acacia_log":1,"minecraft:oak_door":1,"minecraft:torch":107,"minecraft:dirt":1958,"minecraft:hopper":3,"minecraft:wooden_axe":9,"minecraft:iron_axe":214,"minecraft:rooted_dirt":1,"minecraft:jungle_log":1,"minecraft:iron_boots":1,"minecraft:cooked_beef":5,"minecraft:wheat_seeds":1,"minecraft:cooked_mutton":78,"minecraft:cobblestone_stairs":1,"minecraft:birch_planks":4,"minecraft:stonecutter":1,"securitycraft:scanner_door_item":2,"minecraft:red_bed":2,"minecraft:oxeye_daisy":3,"minecraft:sunflower":4,"minecraft:iron_pickaxe":975,"minecraft:cobblestone":53,"minecraft:potion":1,"minecraft:purple_bed":2,"minecraft:cooked_porkchop":26,"minecraft:bucket":1,"minecraft:dandelion":2,"butchersdelight:rack":3},"minecraft:custom":{"minecraft:interact_with_crafting_table":127,"minecraft:open_barrel":12,"minecraft:leave_game":9,"minecraft:time_since_death":169461,"minecraft:damage_resisted":34,"minecraft:sprint_one_cm":1582092,"minecraft:drop":166,"minecraft:talked_to_villager":1,"minecraft:play_time":676245,"minecraft:deaths":9,"minecraft:jump":3699,"minecraft:interact_with_brewingstand":1,"minecraft:walk_on_water_one_cm":61275,"minecraft:interact_with_furnace":181,"minecraft:sleep_in_bed":9,"minecraft:open_enderchest":3,"minecraft:damage_dealt":38295,"minecraft:crouch_one_cm":23473,"minecraft:mob_kills":174,"minecraft:interact_with_anvil":1,"minecraft:inspect_hopper":10,"minecraft:damage_dealt_resisted":3057,"minecraft:climb_one_cm":17194,"minecraft:walk_one_cm":1752061,"minecraft:damage_dealt_absorbed":160,"minecraft:sneak_time":19852,"minecraft:walk_under_water_one_cm":40660,"minecraft:boat_one_cm":300825,"minecraft:interact_with_blast_furnace":59,"minecraft:total_world_time":676245,"minecraft:interact_with_grindstone":19,"minecraft:interact_with_stonecutter":13,"minecraft:time_since_rest":169882,"minecraft:damage_taken":9889,"minecraft:swim_one_cm":195284,"minecraft:fly_one_cm":495535,"minecraft:open_chest":825,"minecraft:fall_one_cm":62245},"minecraft:dropped":{"minecraft:iron_sword":2,"minecraft:moss_block":3,"minecraft:oak_log":25,"minecraft:glass_bottle":1,"minecraft:diamond":2,"minecraft:cooked_porkchop":10,"minecraft:glow_berries":2,"born_in_chaos_v1:dark_ritual_dagger":3,"minecraft:dirt":9,"realisticforging:rawironswordblade":2,"realisticforging:smithing_hammer":1,"realisticforging:cleanedironore":3,"minecraft:sunflower":3,"realisticforging:finished_iron_sword_guard":1,"minecraft:iron_pickaxe":1,"realisticforging:smithing_anvil":1,"realisticforging:hotironingot":5,"butchersdelight:cow_hide":1,"realisticforging:blacksmithstongs":1,"minecraft:bone":6,"realisticforging:hotrawironore":64,"realisticforging:ironsheet":1,"minecraft:rotten_flesh":4,"minecraft:cooked_mutton":7,"securitycraft:keypad_item":3,"born_in_chaos_v1:corpse_maggot":4,"minecraft:jungle_log":1,"minecraft:arrow":2,"minecraft:quartz":13,"minecraft:egg":1,"realisticforging:finisheddiamondswordblade":2,"minecraft:iron_ingot":2,"minecraft:wheat_seeds":1,"minecraft:feather":1,"minecraft:iron_helmet":1,"minecraft:cobblestone":54,"minecraft:copper_ingot":1,"realisticforging:unfinishedironchestplatepart":2,"minecraft:iron_block":1,"realisticforging:hotswordguard":3,"realisticforging:moldwithmeltedgold":1,"minecraft:iron_door":3,"realisticforging:panwithmeltedcopper":2,"minecraft:cactus":2,"minecraft:iron_shovel":1,"realisticforging:finishedlargewoodhandle":2,"minecraft:moss_carpet":2,"minecraft:clay_ball":16,"realisticforging:unfinishedironhelmetpart":1,"minecraft:shears":1,"realisticforging:barshapedmold":1,"realisticforging:threeironingots":1,"minecraft:flint_and_steel":1,"realisticforging:pickaxemold":2,"minecraft:peony":1,"minecraft:iron_chestplate":1,"minecraft:andesite":1,"realisticforging:twohotironingot":2,"realisticforging:twoironingots":1,"minecraft:spider_eye":1,"born_in_chaos_v1:bone_heart":1},"minecraft:crafted":{"realisticforging:hotironswordblade":2,"minecraft:oak_planks":140,"realisticforging:chisel":1,"securitycraft:keypad_item":5,"minecraft:heavy_weighted_pressure_plate":6,"butchersdelight:rack":3,"minecraft:hopper":4,"born_in_chaos_v1:dark_ritual_dagger":1,"realisticforging:smithing_hammer":4,"minecraft:iron_boots":1,"realisticforging:two_sticks":86,"minecraft:chest":4,"minecraft:iron_door":3,"realisticforging:chestplatemold":1,"realisticforging:shovelmold":1,"minecraft:cooked_porkchop":35,"minecraft:spruce_planks":32,"minecraft:iron_helmet":1,"minecraft:birch_planks":32,"butchersdelight:cleaver":2,"realisticforging:hoemold":1,"realisticforging:smithing_anvil":1,"realisticforging:hotrawironore":10,"realisticforging:twohotironingot":3,"minecraft:iron_chestplate":1,"minecraft:stick":172,"minecraft:iron_pickaxe":4,"minecraft:iron_block":2,"realisticforging:swordshapedmold":1,"realisticforging:panwithmeltedcopper":2,"minecraft:shears":2,"realisticforging:helmetmold":1,"minecraft:iron_nugget":27,"minecraft:stone_button":45,"minecraft:bone_meal":3,"realisticforging:wheatbroom":1,"realisticforging:emptymold":20,"realisticforging:hotironingot":6,"born_in_chaos_v1:bone_handle":2,"minecraft:iron_axe":1,"realisticforging:hotfourironingots":3,"realisticforging:hotshovelhead":1,"realisticforging:leggingsmold":1,"realisticforging:barshapedmold":2,"butchersdelight:hook":4,"minecraft:iron_sword":4,"born_in_chaos_v1:bone_heart":3,"realisticforging:bootsmold":1,"minecraft:jungle_planks":12,"realisticforging:pickaxemold":2,"realisticforging:hotpickaxehead":2,"realisticforging:blacksmithstongs":3,"minecraft:iron_shovel":1,"minecraft:iron_leggings":1,"realisticforging:threehotironingots":1,"realisticforging:rawlargewoodhandle":11,"minecraft:torch":120,"realisticforging:axemold":1,"realisticforging:hotswordguard":3},"minecraft:mined":{"minecraft:cobblestone_stairs":1,"minecraft:cave_vines_plant":1,"minecraft:acacia_log":1,"minecraft:grass_block":707,"minecraft:jungle_log":2,"minecraft:oxeye_daisy":7,"minecraft:iron_ore":34,"minecraft:moss_carpet":2,"minecraft:deepslate_lapis_ore":2,"minecraft:cave_vines":2,"minecraft:iron_bars":1,"minecraft:deepslate_redstone_ore":11,"minecraft:red_bed":2,"minecraft:blackstone":1,"minecraft:clay":4,"minecraft:torch":10,"minecraft:blast_furnace":1,"minecraft:melon":1,"minecraft:chest":40,"minecraft:dead_bush":3,"minecraft:cobblestone":6,"minecraft:grindstone":1,"minecraft:oak_planks":1,"minecraft:wall_torch":23,"minecraft:birch_log":67,"minecraft:wheat":1,"minecraft:smooth_stone_slab":15,"minecraft:grass":100,"minecraft:oak_log":35,"minecraft:sand":191,"minecraft:dirt":265,"minecraft:stonecutter":1,"minecraft:oak_leaves":15,"minecraft:deepslate":4,"minecraft:diamond_ore":1,"minecraft:oak_door":3,"born_in_chaos_v1:infected_diamond_ore":2,"minecraft:moss_block":108,"born_in_chaos_v1:gnawed_bones":3,"minecraft:rooted_dirt":1,"minecraft:redstone_ore":10,"minecraft:furnace":7,"minecraft:andesite":1,"minecraft:peony":2,"minecraft:cobblestone_slab":1,"minecraft:deepslate_iron_ore":9,"butchersdelight:skullcow":1,"minecraft:stone":583,"born_in_chaos_v1:mesh_door":1,"minecraft:dandelion":6,"minecraft:crafting_table":4,"minecraft:tall_grass":30,"minecraft:copper_ore":30,"minecraft:lapis_ore":6,"minecraft:deepslate_gold_ore":4,"realisticforging:smithing_anvil":1,"minecraft:spruce_stairs":1,"minecraft:purple_bed":2,"minecraft:spruce_log":8,"minecraft:coal_ore":172,"minecraft:cocoa":1,"minecraft:sunflower":34,"minecraft:gravel":11,"minecraft:cobweb":2,"minecraft:stone_bricks":30,"minecraft:gold_ore":1,"minecraft:fern":17},"minecraft:killed":{"born_in_chaos_v1:zombie_clown":2,"born_in_chaos_v1:restless_spirit":2,"born_in_chaos_v1:zombie_lumberjack":3,"minecraft:spider":12,"born_in_chaos_v1:baby_skeleton_minion":7,"born_in_chaos_v1:scarlet_persecutor":4,"minecraft:skeleton":8,"born_in_chaos_v1:bonescaller":3,"minecraft:zombie_villager":2,"born_in_chaos_v1:diamond_termite":2,"minecraft:creeper":3,"minecraft:pillager":12,"minecraft:zombie":25,"born_in_chaos_v1:dread_hound":6,"born_in_chaos_v1:corpse_fly":14,"born_in_chaos_v1:door_knight":3,"minecraft:vindicator":5,"born_in_chaos_v1:zombie_bruiser":11,"born_in_chaos_v1:maggot":20,"minecraft:phantom":2,"born_in_chaos_v1:dire_hound_leader":1,"minecraft:drowned":2,"born_in_chaos_v1:fallen_chaos_knight":2,"born_in_chaos_v1:baby_skeleton":2,"born_in_chaos_v1:swarmer":1,"born_in_chaos_v1:decrepit_skeleton":7,"born_in_chaos_v1:phantom_creeper_copy":1,"born_in_chaos_v1:bloody_gadfly":1,"born_in_chaos_v1:dark_vortex":2,"born_in_chaos_v1:nightmare_stalker":2}},"DataVersion":3120}