{"stats":{"minecraft:broken":{"minecraft:iron_shovel":4,"minecraft:iron_sword":1,"minecraft:stone_sword":1,"minecraft:iron_pickaxe":2},"minecraft:killed_by":{"born_in_chaos_v1:nightmare_stalker":3,"born_in_chaos_v1:corpse_fly":1,"minecraft:vindicator":1,"minecraft:zombie":1,"minecraft:skeleton":1},"minecraft:picked_up":{"realisticforging:pickedpanwithmeltedore":1,"minecraft:wheat":2,"realisticforging:finishedlargewoodhandle":2,"minecraft:potion":1,"minecraft:string":13,"born_in_chaos_v1:mesh_door":2,"minecraft:smooth_stone_slab":12,"realisticforging:threeironingots":1,"minecraft:cobbled_deepslate":3,"minecraft:bucket":1,"minecraft:cobblestone_slab":1,"minecraft:iron_pickaxe":1,"realisticforging:woodpestle":1,"minecraft:furnace":7,"minecraft:diamond_ore":1,"minecraft:stick":20,"born_in_chaos_v1:phantom_powder":1,"minecraft:torch":26,"minecraft:acacia_log":1,"born_in_chaos_v1:pileof_dark_metal":1,"minecraft:porkchop":24,"born_in_chaos_v1:nightmare_claw":2,"lightmanscurrency:coin_emerald":2,"realisticforging:smithing_anvil":1,"minecraft:cactus":65,"minecraft:rotten_flesh":44,"realisticforging:raw_iron_ore":192,"minecraft:cobblestone":424,"minecraft:birch_log":41,"realisticforging:ironoredust":1,"minecraft:cooked_beef":3,"realisticforging:two_sticks":7,"minecraft:jungle_log":4,"minecraft:andesite":1,"realisticforging:barshapedmold":1,"realisticforging:unfinishedironchestplatepart":2,"butchersdelight:deadpig":7,"minecraft:flint":1,"realisticforging:panwithmeltedcopper":1,"realisticforging:hotironingot":5,"minecraft:dirt":993,"minecraft:lapis_lazuli":34,"realisticforging:pan":1,"born_in_chaos_v1:monster_skin":3,"minecraft:bone":33,"minecraft:stonecutter":1,"minecraft:wheat_seeds":11,"realisticforging:pickaxemold":1,"minecraft:grindstone":1,"minecraft:moss_block":102,"minecraft:cooked_porkchop":10,"butchersdelight:cow_hide":2,"realisticforging:iron_sledgehammer":1,"minecraft:poisonous_potato":1,"butchersdelight:skullcow":1,"minecraft:sand":191,"realisticforging:purerawgoldore":15,"minecraft:diamond":4,"realisticforging:blacksmithstongs":1,"realisticforging:hotswordguard":2,"minecraft:emerald":3,"minecraft:rooted_dirt":1,"minecraft:oak_sapling":16,"realisticforging:rawironswordblade":2,"realisticforging:twohotironingot":2,"minecraft:crafting_table":2,"born_in_chaos_v1:diamond_termite_shard":4,"minecraft:clay_ball":16,"realisticforging:bigpan":1,"born_in_chaos_v1:seedof_chaos":2,"minecraft:red_bed":2,"minecraft:moss_carpet":1,"born_in_chaos_v1:intoxicating_decoction":2,"minecraft:iron_shovel":1,"realisticforging:smithing_hammer":1,"minecraft:beef":4,"minecraft:birch_sapling":10,"minecraft:chest":28,"realisticforging:finishedwoodhandle":2,"minecraft:egg":3,"minecraft:oak_door":3,"minecraft:copper_ingot":1,"born_in_chaos_v1:pieceofdarkmetal":6,"minecraft:redstone":23,"realisticforging:ironscrap":92,"realisticforging:diamond_sledge_hammerr":1,"minecraft:arrow":12,"realisticforging:twoironingots":1,"minecraft:peony":1,"minecraft:oxeye_daisy":8,"born_in_chaos_v1:corpse_maggot":11,"realisticforging:carvinghammer":1,"born_in_chaos_v1:monster_flesh":1,"minecraft:leather":3,"minecraft:red_mushroom":1,"minecraft:oak_log":56,"minecraft:gunpowder":4,"minecraft:cobblestone_stairs":1,"realisticforging:moldwithmeltedgold":1,"realisticforging:copperore":74,"realisticforging:unfinishedironhelmetpart":1,"minecraft:cooked_mutton":21,"minecraft:apple":1,"minecraft:stone_bricks":24,"minecraft:iron_ingot":42,"realisticforging:cleanedironore":3,"lightmanscurrency:coin_iron":80,"minecraft:iron_sword":1,"realisticforging:rawgoldore":16,"minecraft:sweet_berries":8,"born_in_chaos_v1:ethereal_spirit":4,"minecraft:dandelion":8,"realisticforging:hotrawironore":62,"minecraft:gravel":12,"realisticforging:chisel":1,"minecraft:blast_furnace":1,"minecraft:spruce_log":8,"minecraft:spider_eye":9,"lightmanscurrency:coin_copper":154,"minecraft:purple_bed":2,"minecraft:iron_helmet":1,"lightmanscurrency:coin_gold":5,"realisticforging:diamondshards":4,"minecraft:coal":166,"realisticforging:big_stone":1,"minecraft:sunflower":30},"minecraft:used":{"minecraft:moss_block":2,"minecraft:iron_shovel":1241,"minecraft:chest":13,"minecraft:iron_sword":291,"butchersdelight:hook":2,"minecraft:rotten_flesh":2,"securitycraft:keypad_item":2,"minecraft:birch_sapling":10,"minecraft:iron_helmet":1,"minecraft:stone_bricks":11,"minecraft:furnace":5,"minecraft:oak_sapling":6,"minecraft:egg":2,"realisticforging:smithing_anvil":1,"minecraft:sand":1,"minecraft:blast_furnace":1,"minecraft:crossbow":3,"born_in_chaos_v1:monster_flesh":1,"minecraft:diamond_ore":1,"born_in_chaos_v1:mesh_door":1,"minecraft:grindstone":1,"minecraft:smooth_stone_slab":10,"minecraft:stone_sword":148,"minecraft:acacia_log":1,"minecraft:oak_door":1,"minecraft:torch":70,"minecraft:dirt":1901,"minecraft:hopper":3,"minecraft:iron_axe":187,"minecraft:rooted_dirt":1,"minecraft:jungle_log":1,"minecraft:iron_boots":1,"minecraft:cooked_beef":3,"minecraft:wheat_seeds":1,"minecraft:cooked_mutton":78,"minecraft:cobblestone_stairs":1,"minecraft:stonecutter":1,"securitycraft:scanner_door_item":2,"minecraft:red_bed":2,"minecraft:oxeye_daisy":3,"minecraft:sunflower":4,"minecraft:iron_pickaxe":716,"minecraft:cobblestone":11,"minecraft:potion":1,"minecraft:purple_bed":2,"minecraft:cooked_porkchop":4,"minecraft:dandelion":2,"butchersdelight:rack":2},"minecraft:custom":{"minecraft:interact_with_crafting_table":112,"minecraft:open_barrel":4,"minecraft:leave_game":9,"minecraft:time_since_death":55461,"minecraft:sprint_one_cm":1274273,"minecraft:drop":146,"minecraft:talked_to_villager":1,"minecraft:play_time":562245,"minecraft:deaths":9,"minecraft:jump":2753,"minecraft:interact_with_brewingstand":1,"minecraft:walk_on_water_one_cm":49229,"minecraft:interact_with_furnace":169,"minecraft:sleep_in_bed":9,"minecraft:open_enderchest":3,"minecraft:damage_dealt":19413,"minecraft:crouch_one_cm":11550,"minecraft:mob_kills":86,"minecraft:interact_with_anvil":1,"minecraft:inspect_hopper":10,"minecraft:damage_dealt_resisted":232,"minecraft:climb_one_cm":11529,"minecraft:walk_one_cm":1388214,"minecraft:damage_dealt_absorbed":160,"minecraft:sneak_time":11746,"minecraft:walk_under_water_one_cm":33898,"minecraft:boat_one_cm":146973,"minecraft:interact_with_blast_furnace":59,"minecraft:total_world_time":562245,"minecraft:interact_with_grindstone":19,"minecraft:interact_with_stonecutter":13,"minecraft:time_since_rest":55882,"minecraft:damage_taken":7793,"minecraft:swim_one_cm":176623,"minecraft:fly_one_cm":391570,"minecraft:open_chest":730,"minecraft:fall_one_cm":47510},"minecraft:dropped":{"minecraft:iron_sword":2,"minecraft:oak_log":25,"minecraft:diamond":2,"minecraft:cooked_porkchop":10,"realisticforging:rawironswordblade":2,"realisticforging:smithing_hammer":1,"realisticforging:cleanedironore":3,"minecraft:sunflower":3,"realisticforging:finished_iron_sword_guard":1,"minecraft:iron_pickaxe":1,"realisticforging:smithing_anvil":1,"realisticforging:hotironingot":5,"butchersdelight:cow_hide":1,"realisticforging:blacksmithstongs":1,"minecraft:bone":4,"realisticforging:hotrawironore":64,"realisticforging:ironsheet":1,"minecraft:rotten_flesh":4,"minecraft:cooked_mutton":7,"securitycraft:keypad_item":3,"born_in_chaos_v1:corpse_maggot":1,"minecraft:jungle_log":1,"minecraft:egg":1,"realisticforging:finisheddiamondswordblade":2,"minecraft:iron_ingot":2,"minecraft:wheat_seeds":1,"minecraft:iron_helmet":1,"minecraft:cobblestone":54,"minecraft:copper_ingot":1,"realisticforging:unfinishedironchestplatepart":2,"minecraft:iron_block":1,"realisticforging:hotswordguard":3,"realisticforging:moldwithmeltedgold":1,"minecraft:iron_door":3,"realisticforging:panwithmeltedcopper":2,"minecraft:cactus":2,"minecraft:iron_shovel":1,"realisticforging:finishedlargewoodhandle":2,"minecraft:moss_carpet":1,"minecraft:clay_ball":16,"realisticforging:unfinishedironhelmetpart":1,"minecraft:shears":1,"realisticforging:barshapedmold":1,"realisticforging:threeironingots":1,"realisticforging:pickaxemold":2,"minecraft:peony":1,"minecraft:iron_chestplate":1,"minecraft:andesite":1,"realisticforging:twohotironingot":2,"realisticforging:twoironingots":1,"minecraft:spider_eye":1},"minecraft:crafted":{"realisticforging:hotironswordblade":2,"minecraft:oak_planks":128,"realisticforging:chisel":1,"securitycraft:keypad_item":5,"minecraft:heavy_weighted_pressure_plate":6,"butchersdelight:rack":2,"minecraft:hopper":4,"realisticforging:smithing_hammer":4,"minecraft:iron_boots":1,"realisticforging:two_sticks":86,"minecraft:chest":4,"minecraft:iron_door":3,"realisticforging:chestplatemold":1,"realisticforging:shovelmold":1,"minecraft:cooked_porkchop":24,"minecraft:spruce_planks":32,"minecraft:iron_helmet":1,"minecraft:birch_planks":28,"butchersdelight:cleaver":1,"realisticforging:hoemold":1,"realisticforging:smithing_anvil":1,"realisticforging:hotrawironore":10,"realisticforging:twohotironingot":3,"minecraft:iron_chestplate":1,"minecraft:stick":172,"minecraft:iron_pickaxe":4,"minecraft:iron_block":2,"realisticforging:swordshapedmold":1,"realisticforging:panwithmeltedcopper":2,"minecraft:shears":2,"realisticforging:helmetmold":1,"minecraft:iron_nugget":18,"minecraft:stone_button":45,"realisticforging:wheatbroom":1,"realisticforging:emptymold":20,"realisticforging:hotironingot":6,"minecraft:iron_axe":1,"realisticforging:hotfourironingots":3,"realisticforging:hotshovelhead":1,"realisticforging:leggingsmold":1,"realisticforging:barshapedmold":2,"butchersdelight:hook":2,"minecraft:iron_sword":4,"realisticforging:bootsmold":1,"minecraft:jungle_planks":12,"realisticforging:pickaxemold":2,"realisticforging:hotpickaxehead":2,"realisticforging:blacksmithstongs":3,"minecraft:iron_shovel":1,"minecraft:iron_leggings":1,"realisticforging:threehotironingots":1,"realisticforging:rawlargewoodhandle":11,"minecraft:torch":64,"realisticforging:axemold":1,"realisticforging:hotswordguard":3},"minecraft:mined":{"minecraft:cobblestone_stairs":1,"minecraft:acacia_log":1,"minecraft:grass_block":700,"minecraft:jungle_log":2,"minecraft:oxeye_daisy":7,"minecraft:iron_ore":17,"minecraft:moss_carpet":1,"minecraft:cave_vines":2,"minecraft:iron_bars":1,"minecraft:red_bed":2,"minecraft:clay":4,"minecraft:torch":6,"minecraft:blast_furnace":1,"minecraft:chest":28,"minecraft:cobblestone":1,"minecraft:grindstone":1,"minecraft:wall_torch":17,"minecraft:birch_log":40,"minecraft:wheat":1,"minecraft:smooth_stone_slab":6,"minecraft:grass":48,"minecraft:oak_log":35,"minecraft:sand":191,"minecraft:dirt":259,"minecraft:stonecutter":1,"minecraft:oak_leaves":15,"minecraft:deepslate":3,"minecraft:diamond_ore":1,"minecraft:oak_door":3,"born_in_chaos_v1:infected_diamond_ore":2,"minecraft:moss_block":107,"minecraft:rooted_dirt":1,"minecraft:redstone_ore":5,"minecraft:furnace":7,"minecraft:andesite":1,"minecraft:peony":2,"minecraft:cobblestone_slab":1,"minecraft:deepslate_iron_ore":9,"minecraft:stone":411,"born_in_chaos_v1:mesh_door":1,"minecraft:dandelion":6,"minecraft:crafting_table":2,"minecraft:tall_grass":22,"minecraft:copper_ore":30,"minecraft:lapis_ore":5,"minecraft:deepslate_gold_ore":3,"realisticforging:smithing_anvil":1,"minecraft:purple_bed":2,"minecraft:spruce_log":8,"minecraft:coal_ore":154,"minecraft:sunflower":32,"minecraft:gravel":11,"minecraft:cobweb":2,"minecraft:stone_bricks":20,"minecraft:gold_ore":1,"minecraft:fern":2},"minecraft:killed":{"born_in_chaos_v1:zombie_clown":2,"born_in_chaos_v1:restless_spirit":1,"born_in_chaos_v1:zombie_lumberjack":1,"minecraft:spider":11,"minecraft:skeleton":7,"born_in_chaos_v1:diamond_termite":2,"minecraft:creeper":2,"minecraft:pillager":7,"minecraft:zombie":14,"born_in_chaos_v1:dread_hound":1,"born_in_chaos_v1:corpse_fly":4,"born_in_chaos_v1:door_knight":1,"minecraft:vindicator":2,"born_in_chaos_v1:zombie_bruiser":4,"born_in_chaos_v1:maggot":9,"minecraft:drowned":2,"born_in_chaos_v1:fallen_chaos_knight":1,"born_in_chaos_v1:baby_skeleton":1,"born_in_chaos_v1:decrepit_skeleton":3,"born_in_chaos_v1:phantom_creeper_copy":1,"born_in_chaos_v1:bloody_gadfly":1,"born_in_chaos_v1:dark_vortex":1,"born_in_chaos_v1:nightmare_stalker":2}},"DataVersion":3120}