{"stats":{"minecraft:dropped":{"minecraft:bone":1},"minecraft:killed":{"born_in_chaos_v1:decrepit_skeleton":1},"minecraft:used":{"minecraft:rotten_flesh":2},"minecraft:custom":{"minecraft:time_since_rest":954,"minecraft:open_chest":14,"minecraft:crouch_one_cm":609,"minecraft:play_time":13251,"minecraft:sprint_one_cm":52044,"minecraft:deaths":1,"minecraft:damage_taken":221,"minecraft:walk_one_cm":43486,"minecraft:sneak_time":507,"minecraft:walk_under_water_one_cm":210,"minecraft:mob_kills":1,"minecraft:drop":1,"minecraft:jump":155,"minecraft:interact_with_brewingstand":1,"minecraft:damage_dealt":443,"minecraft:leave_game":1,"minecraft:time_since_death":925,"minecraft:walk_on_water_one_cm":635,"minecraft:total_world_time":13251,"minecraft:climb_one_cm":5297,"minecraft:fly_one_cm":13886,"minecraft:fall_one_cm":3869,"minecraft:interact_with_crafting_table":1},"minecraft:mined":{"minecraft:grass":1},"minecraft:killed_by":{"born_in_chaos_v1:corpse_fly":1},"minecraft:picked_up":{"minecraft:bone":1,"minecraft:rotten_flesh":2,"lightmanscurrency:coin_iron":3}},"DataVersion":3120}