{"stats":{"minecraft:killed":{"born_in_chaos_v1:decrepit_skeleton":1},"minecraft:used":{"minecraft:cooked_mutton":3,"minecraft:rotten_flesh":2,"minecraft:iron_pickaxe":1,"minecraft:potion":1,"minecraft:cooked_beef":3},"minecraft:dropped":{"minecraft:iron_ingot":2,"minecraft:iron_sword":1,"realisticforging:hotrawironore":11,"minecraft:oak_log":1,"realisticforging:ironsheet":1,"realisticforging:unfinishedironhelmetpart":1,"realisticforging:unfinishedironchestplatepart":2,"minecraft:copper_ingot":1,"realisticforging:barshapedmold":1,"realisticforging:threeironingots":1,"realisticforging:rawironswordblade":2,"realisticforging:pickaxemold":2,"realisticforging:hotswordguard":3,"realisticforging:panwithmeltedcopper":2,"realisticforging:twoironingots":1,"realisticforging:finished_iron_sword_guard":1,"realisticforging:cleanedironore":3,"realisticforging:finishedlargewoodhandle":2,"realisticforging:hotironingot":5,"minecraft:bone":1,"realisticforging:finisheddiamondswordblade":1},"minecraft:custom":{"minecraft:interact_with_furnace":91,"minecraft:mob_kills":1,"minecraft:interact_with_crafting_table":38,"minecraft:interact_with_grindstone":17,"minecraft:interact_with_stonecutter":10,"minecraft:leave_game":2,"minecraft:time_since_death":115363,"minecraft:climb_one_cm":5297,"minecraft:time_since_rest":115392,"minecraft:sprint_one_cm":115540,"minecraft:damage_taken":931,"minecraft:walk_one_cm":238210,"minecraft:drop":44,"minecraft:damage_dealt":443,"minecraft:fly_one_cm":14886,"minecraft:open_chest":85,"minecraft:crouch_one_cm":4118,"minecraft:play_time":127689,"minecraft:deaths":1,"minecraft:sneak_time":3640,"minecraft:walk_under_water_one_cm":210,"minecraft:jump":167,"minecraft:interact_with_brewingstand":1,"minecraft:interact_with_blast_furnace":33,"minecraft:walk_on_water_one_cm":966,"minecraft:total_world_time":127689,"minecraft:fall_one_cm":3869},"minecraft:mined":{"minecraft:copper_ore":1,"minecraft:grass":1},"minecraft:crafted":{"realisticforging:hotironswordblade":1,"minecraft:oak_planks":16,"realisticforging:barshapedmold":2,"realisticforging:helmetmold":1,"minecraft:iron_nugget":9,"minecraft:iron_sword":1,"realisticforging:hotironingot":6,"realisticforging:emptymold":20,"realisticforging:hoemold":1,"realisticforging:bootsmold":1,"realisticforging:pickaxemold":2,"realisticforging:hotpickaxehead":2,"realisticforging:hotrawironore":10,"realisticforging:twohotironingot":2,"realisticforging:two_sticks":3,"minecraft:stick":4,"minecraft:iron_pickaxe":1,"realisticforging:hotfourironingots":3,"minecraft:iron_shovel":1,"realisticforging:panwithmeltedcopper":2,"realisticforging:swordshapedmold":1,"realisticforging:threehotironingots":1,"realisticforging:hotshovelhead":1,"realisticforging:chestplatemold":1,"realisticforging:leggingsmold":1,"realisticforging:rawlargewoodhandle":9,"realisticforging:shovelmold":1,"realisticforging:hotswordguard":3,"realisticforging:axemold":1},"minecraft:killed_by":{"born_in_chaos_v1:corpse_fly":1},"minecraft:picked_up":{"realisticforging:ironoredust":1,"realisticforging:pickedpanwithmeltedore":1,"minecraft:cooked_beef":3,"realisticforging:bigpan":1,"realisticforging:barshapedmold":1,"realisticforging:finishedlargewoodhandle":1,"realisticforging:unfinishedironchestplatepart":2,"minecraft:potion":1,"realisticforging:panwithmeltedcopper":1,"realisticforging:hotironingot":5,"realisticforging:copperore":3,"realisticforging:unfinishedironhelmetpart":1,"realisticforging:pan":1,"minecraft:cooked_mutton":17,"minecraft:bone":1,"realisticforging:threeironingots":1,"realisticforging:smithing_hammer":1,"minecraft:iron_ingot":40,"realisticforging:pickaxemold":1,"realisticforging:cleanedironore":3,"minecraft:iron_pickaxe":1,"lightmanscurrency:coin_iron":3,"realisticforging:woodpestle":1,"minecraft:iron_sword":1,"minecraft:copper_ingot":1,"realisticforging:iron_sledgehammer":1,"realisticforging:hotrawironore":12,"realisticforging:ironscrap":4,"realisticforging:diamond_sledge_hammerr":1,"minecraft:rotten_flesh":2,"minecraft:diamond":2,"realisticforging:twoironingots":1,"realisticforging:blacksmithstongs":1,"realisticforging:raw_iron_ore":64,"realisticforging:hotswordguard":2,"realisticforging:diamondshards":2,"realisticforging:rawironswordblade":2,"minecraft:coal":13,"realisticforging:big_stone":1}},"DataVersion":3120}