{"stats":{"minecraft:picked_up":{"minecraft:dirt":2},"minecraft:used":{"minecraft:dirt":2},"minecraft:custom":{"minecraft:jump":42,"minecraft:open_chest":2,"minecraft:time_since_rest":2031,"minecraft:damage_dealt":32,"minecraft:damage_taken":170,"minecraft:sprint_one_cm":12248,"minecraft:play_time":2537,"minecraft:time_since_death":2537,"minecraft:walk_one_cm":8769,"minecraft:sleep_in_bed":1,"minecraft:climb_one_cm":628,"minecraft:total_world_time":2537,"minecraft:fall_one_cm":4349,"minecraft:fly_one_cm":10848},"minecraft:mined":{"minecraft:jungle_leaves":4,"minecraft:glass_pane":4,"minecraft:dirt":2}},"DataVersion":3120}