{"stats":{"minecraft:broken":{"prefab:item_swift_blade_stone":1},"minecraft:killed_by":{"born_in_chaos_v1:nightmare_stalker":1},"minecraft:picked_up":{"minecraft:birch_log":67,"born_in_chaos_v1:corpse_maggot":8,"minecraft:charcoal":8,"minecraft:coarse_dirt":1,"minecraft:crafting_table":4,"minecraft:wheat":29,"born_in_chaos_v1:monster_flesh":3,"minecraft:potato":52,"minecraft:birch_planks":2,"minecraft:flint":2,"minecraft:chain":2,"minecraft:string":2,"minecraft:dirt":10,"minecraft:red_bed":1,"minecraft:moss_carpet":2,"minecraft:iron_shovel":1,"minecraft:bone":9,"minecraft:oak_sign":1,"minecraft:beetroot":26,"minecraft:bow":1,"minecraft:wheat_seeds":85,"minecraft:orange_tulip":2,"minecraft:beef":4,"minecraft:iron_pickaxe":1,"minecraft:rabbit":3,"lightmanscurrency:coin_iron":19,"minecraft:chest":1,"minecraft:birch_sapling":7,"minecraft:egg":3,"minecraft:stick":11,"born_in_chaos_v1:shattered_skull":1,"minecraft:torch":4,"born_in_chaos_v1:ethereal_spirit":4,"minecraft:oak_pressure_plate":1,"minecraft:gravel":14,"minecraft:porkchop":5,"minecraft:spruce_sapling":7,"born_in_chaos_v1:nightmare_claw":1,"minecraft:spruce_log":31,"born_in_chaos_v1:pieceofdarkmetal":2,"minecraft:mossy_cobblestone":6,"lightmanscurrency:coin_copper":35,"butchersdelight:deadsheep":3,"minecraft:arrow":2,"minecraft:rotten_flesh":7,"minecraft:slime_ball":1,"minecraft:beetroot_seeds":69,"minecraft:bread":64,"minecraft:baked_potato":27,"born_in_chaos_v1:rotten_fish":2,"minecraft:mutton":4,"realisticforging:big_stone":1,"minecraft:coal":29,"minecraft:white_wool":3,"minecraft:cobblestone":63,"born_in_chaos_v1:fused_bone":2},"minecraft:used":{"minecraft:beetroot":6,"minecraft:wheat_seeds":24,"minecraft:iron_shovel":4,"minecraft:birch_planks":25,"minecraft:stone_shovel":32,"minecraft:stone_pickaxe":56,"minecraft:baked_potato":11,"minecraft:chest":2,"minecraft:oak_sign":1,"minecraft:wooden_pickaxe":13,"minecraft:orange_tulip":2,"minecraft:birch_boat":1,"minecraft:torch":13,"minecraft:dirt":5,"minecraft:crafting_table":4,"minecraft:wooden_axe":48,"realisticforging:big_stone":1,"minecraft:bread":9,"minecraft:birch_sapling":1,"minecraft:iron_pickaxe":29,"minecraft:oak_pressure_plate":1,"minecraft:stone_axe":95,"prefab:item_swift_blade_stone":183,"minecraft:cobblestone":4,"minecraft:cooked_porkchop":3,"minecraft:beetroot_seeds":38,"minecraft:cooked_rabbit":3,"minecraft:chain":2,"minecraft:cooked_beef":4,"minecraft:potato":31,"minecraft:coarse_dirt":1},"minecraft:custom":{"minecraft:interact_with_furnace":6,"minecraft:mob_kills":37,"minecraft:inspect_hopper":1,"minecraft:interact_with_crafting_table":10,"minecraft:open_barrel":13,"minecraft:damage_dealt_resisted":80,"minecraft:leave_game":1,"minecraft:time_since_death":54902,"minecraft:sleep_in_bed":6,"minecraft:climb_one_cm":15559,"minecraft:time_since_rest":16231,"minecraft:sprint_one_cm":312674,"minecraft:damage_taken":1999,"minecraft:walk_one_cm":163131,"minecraft:drop":1,"minecraft:damage_dealt":7059,"minecraft:swim_one_cm":48019,"minecraft:fly_one_cm":330835,"minecraft:open_chest":52,"minecraft:crouch_one_cm":141,"minecraft:play_time":92297,"minecraft:deaths":1,"minecraft:sneak_time":218,"minecraft:walk_under_water_one_cm":5935,"minecraft:boat_one_cm":616174,"minecraft:jump":1338,"minecraft:walk_on_water_one_cm":8709,"minecraft:total_world_time":92297,"minecraft:interact_with_smoker":16,"minecraft:fall_one_cm":43146},"minecraft:dropped":{"minecraft:rotten_flesh":1},"minecraft:crafted":{"minecraft:crafting_table":2,"prefab:item_swift_blade_stone":1,"minecraft:birch_boat":1,"minecraft:wooden_pickaxe":1,"minecraft:birch_planks":232,"minecraft:stone_axe":1,"minecraft:bread":9,"minecraft:stick":36,"minecraft:stone_pickaxe":1,"minecraft:wooden_axe":1,"minecraft:stone_sword":1,"minecraft:chest":2,"minecraft:torch":44},"minecraft:killed":{"minecraft:zombie_villager":1,"born_in_chaos_v1:restless_spirit":3,"born_in_chaos_v1:swarmer":1,"minecraft:spider":1,"born_in_chaos_v1:siamese_skeletonsright":2,"born_in_chaos_v1:decrepit_skeleton":2,"born_in_chaos_v1:maggot":5,"minecraft:sheep":3,"minecraft:skeleton":3,"born_in_chaos_v1:zombie_fisherman":1,"minecraft:zombie":5,"born_in_chaos_v1:dread_hound":1,"born_in_chaos_v1:corpse_fly":6,"born_in_chaos_v1:nightmare_stalker":1,"born_in_chaos_v1:siamese_skeletonsleft":1},"minecraft:mined":{"minecraft:glass_pane":4,"minecraft:red_bed":1,"minecraft:mossy_cobblestone":6,"minecraft:jungle_leaves":4,"minecraft:torch":2,"minecraft:crafting_table":4,"minecraft:grass_block":2,"minecraft:chest":1,"minecraft:dead_bush":1,"minecraft:campfire":4,"minecraft:oak_pressure_plate":1,"minecraft:cobblestone":4,"minecraft:spruce_leaves":2,"realisticforging:big_stone":1,"minecraft:wall_torch":2,"minecraft:chain":1,"minecraft:birch_planks":2,"minecraft:coarse_dirt":1,"minecraft:birch_log":81,"minecraft:wheat":29,"minecraft:moss_carpet":2,"minecraft:spruce_log":31,"minecraft:birch_leaves":3,"minecraft:orange_tulip":2,"minecraft:grass":4,"minecraft:potatoes":23,"minecraft:coal_ore":21,"minecraft:oak_sign":1,"minecraft:beetroots":26,"minecraft:gravel":16,"minecraft:dirt":8,"minecraft:stone":59,"minecraft:podzol":3,"minecraft:oak_leaves":7,"minecraft:fern":1}},"DataVersion":3120}