{"stats":{"minecraft:killed_by":{"born_in_chaos_v1:nightmare_stalker":1},"minecraft:picked_up":{"born_in_chaos_v1:fused_bone":2,"born_in_chaos_v1:corpse_maggot":8,"minecraft:birch_log":58,"minecraft:charcoal":8,"minecraft:coarse_dirt":1,"minecraft:crafting_table":4,"minecraft:wheat":29,"born_in_chaos_v1:monster_flesh":3,"minecraft:potato":52,"minecraft:flint":2,"minecraft:chain":1,"minecraft:dirt":2,"minecraft:red_bed":1,"minecraft:bone":9,"minecraft:oak_sign":1,"minecraft:beetroot":26,"minecraft:bow":1,"minecraft:orange_tulip":2,"minecraft:wheat_seeds":85,"minecraft:beef":4,"minecraft:rabbit":3,"lightmanscurrency:coin_iron":10,"minecraft:chest":1,"minecraft:birch_sapling":6,"minecraft:stick":9,"born_in_chaos_v1:shattered_skull":1,"born_in_chaos_v1:ethereal_spirit":3,"minecraft:oak_pressure_plate":1,"minecraft:gravel":14,"minecraft:porkchop":5,"born_in_chaos_v1:nightmare_claw":1,"born_in_chaos_v1:pieceofdarkmetal":2,"minecraft:arrow":2,"lightmanscurrency:coin_copper":4,"butchersdelight:deadsheep":3,"minecraft:rotten_flesh":6,"minecraft:slime_ball":1,"minecraft:beetroot_seeds":69,"born_in_chaos_v1:rotten_fish":2,"minecraft:mutton":4,"minecraft:coal":28,"realisticforging:big_stone":1,"minecraft:white_wool":3,"minecraft:cobblestone":41},"minecraft:used":{"minecraft:beetroot":6,"minecraft:wheat_seeds":24,"minecraft:stone_shovel":27,"minecraft:stone_pickaxe":52,"minecraft:oak_sign":1,"minecraft:orange_tulip":2,"minecraft:birch_boat":1,"minecraft:chest":2,"minecraft:wooden_pickaxe":13,"minecraft:dirt":2,"minecraft:crafting_table":4,"minecraft:wooden_axe":48,"realisticforging:big_stone":1,"minecraft:bread":4,"minecraft:oak_pressure_plate":1,"minecraft:stone_axe":24,"prefab:item_swift_blade_stone":118,"minecraft:cooked_porkchop":3,"minecraft:beetroot_seeds":38,"minecraft:cooked_rabbit":3,"minecraft:cooked_beef":4,"minecraft:potato":31,"minecraft:coarse_dirt":1},"minecraft:custom":{"minecraft:interact_with_furnace":5,"minecraft:mob_kills":28,"minecraft:inspect_hopper":1,"minecraft:interact_with_crafting_table":8,"minecraft:open_barrel":13,"minecraft:damage_dealt_resisted":80,"minecraft:time_since_death":31142,"minecraft:sleep_in_bed":5,"minecraft:climb_one_cm":15559,"minecraft:time_since_rest":3950,"minecraft:sprint_one_cm":197966,"minecraft:damage_taken":1248,"minecraft:walk_one_cm":110832,"minecraft:damage_dealt":4688,"minecraft:swim_one_cm":10398,"minecraft:fly_one_cm":208989,"minecraft:open_chest":41,"minecraft:play_time":68537,"minecraft:deaths":1,"minecraft:sneak_time":33,"minecraft:walk_under_water_one_cm":359,"minecraft:boat_one_cm":616174,"minecraft:jump":825,"minecraft:walk_on_water_one_cm":2810,"minecraft:total_world_time":68537,"minecraft:interact_with_smoker":16,"minecraft:fall_one_cm":25392},"minecraft:crafted":{"minecraft:crafting_table":2,"minecraft:birch_boat":1,"minecraft:wooden_pickaxe":1,"minecraft:birch_planks":232,"minecraft:stone_axe":1,"minecraft:bread":9,"minecraft:stick":32,"minecraft:stone_pickaxe":1,"minecraft:wooden_axe":1,"minecraft:chest":2},"minecraft:killed":{"minecraft:zombie_villager":1,"born_in_chaos_v1:restless_spirit":2,"born_in_chaos_v1:swarmer":1,"born_in_chaos_v1:siamese_skeletonsright":1,"born_in_chaos_v1:decrepit_skeleton":2,"born_in_chaos_v1:maggot":5,"minecraft:sheep":3,"minecraft:skeleton":3,"born_in_chaos_v1:zombie_fisherman":1,"born_in_chaos_v1:dread_hound":1,"born_in_chaos_v1:corpse_fly":6,"born_in_chaos_v1:nightmare_stalker":1,"born_in_chaos_v1:siamese_skeletonsleft":1},"minecraft:mined":{"minecraft:glass_pane":4,"minecraft:red_bed":1,"minecraft:jungle_leaves":4,"minecraft:crafting_table":4,"minecraft:chest":1,"minecraft:campfire":4,"minecraft:oak_pressure_plate":1,"realisticforging:big_stone":1,"minecraft:coarse_dirt":1,"minecraft:birch_log":60,"minecraft:wheat":29,"minecraft:birch_leaves":3,"minecraft:orange_tulip":2,"minecraft:grass":4,"minecraft:potatoes":23,"minecraft:coal_ore":20,"minecraft:beetroots":26,"minecraft:oak_sign":1,"minecraft:gravel":16,"minecraft:dirt":2,"minecraft:stone":41,"minecraft:oak_leaves":7}},"DataVersion":3120}