{"stats":{"minecraft:broken":{"prefab:item_swift_blade_stone":1},"minecraft:killed_by":{"born_in_chaos_v1:nightmare_stalker":1},"minecraft:picked_up":{"born_in_chaos_v1:fused_bone":2,"born_in_chaos_v1:corpse_maggot":8,"minecraft:birch_log":67,"minecraft:charcoal":8,"minecraft:coarse_dirt":1,"minecraft:crafting_table":4,"minecraft:wheat":29,"born_in_chaos_v1:monster_flesh":3,"minecraft:potato":52,"minecraft:birch_planks":1,"minecraft:flint":2,"minecraft:chain":1,"minecraft:dirt":4,"minecraft:red_bed":1,"minecraft:iron_shovel":1,"minecraft:bone":9,"minecraft:oak_sign":1,"minecraft:beetroot":26,"minecraft:bow":1,"minecraft:orange_tulip":2,"minecraft:wheat_seeds":85,"minecraft:beef":4,"minecraft:iron_pickaxe":1,"minecraft:rabbit":3,"lightmanscurrency:coin_iron":14,"minecraft:chest":1,"minecraft:birch_sapling":7,"minecraft:stick":10,"born_in_chaos_v1:shattered_skull":1,"minecraft:torch":2,"born_in_chaos_v1:ethereal_spirit":3,"minecraft:oak_pressure_plate":1,"minecraft:gravel":14,"minecraft:porkchop":5,"born_in_chaos_v1:nightmare_claw":1,"born_in_chaos_v1:pieceofdarkmetal":2,"minecraft:arrow":2,"lightmanscurrency:coin_copper":16,"butchersdelight:deadsheep":3,"minecraft:rotten_flesh":7,"minecraft:slime_ball":1,"minecraft:beetroot_seeds":69,"minecraft:bread":64,"minecraft:baked_potato":27,"born_in_chaos_v1:rotten_fish":2,"minecraft:mutton":4,"minecraft:coal":28,"realisticforging:big_stone":1,"minecraft:white_wool":3,"minecraft:cobblestone":45},"minecraft:used":{"minecraft:beetroot":6,"minecraft:wheat_seeds":24,"minecraft:birch_planks":1,"minecraft:stone_shovel":32,"minecraft:stone_pickaxe":56,"minecraft:baked_potato":5,"minecraft:oak_sign":1,"minecraft:orange_tulip":2,"minecraft:birch_boat":1,"minecraft:chest":2,"minecraft:wooden_pickaxe":13,"minecraft:torch":2,"minecraft:dirt":4,"minecraft:crafting_table":4,"minecraft:wooden_axe":48,"realisticforging:big_stone":1,"minecraft:bread":4,"minecraft:birch_sapling":1,"minecraft:oak_pressure_plate":1,"minecraft:stone_axe":54,"prefab:item_swift_blade_stone":134,"minecraft:cobblestone":4,"minecraft:cooked_porkchop":3,"minecraft:beetroot_seeds":38,"minecraft:cooked_rabbit":3,"minecraft:cooked_beef":4,"minecraft:potato":31,"minecraft:coarse_dirt":1},"minecraft:custom":{"minecraft:interact_with_furnace":6,"minecraft:mob_kills":31,"minecraft:inspect_hopper":1,"minecraft:interact_with_crafting_table":10,"minecraft:open_barrel":13,"minecraft:damage_dealt_resisted":80,"minecraft:time_since_death":43142,"minecraft:sleep_in_bed":6,"minecraft:climb_one_cm":15559,"minecraft:time_since_rest":4471,"minecraft:sprint_one_cm":258330,"minecraft:damage_taken":1403,"minecraft:walk_one_cm":136593,"minecraft:drop":1,"minecraft:damage_dealt":5473,"minecraft:swim_one_cm":12971,"minecraft:fly_one_cm":264808,"minecraft:crouch_one_cm":141,"minecraft:open_chest":50,"minecraft:play_time":80537,"minecraft:deaths":1,"minecraft:sneak_time":78,"minecraft:walk_under_water_one_cm":457,"minecraft:boat_one_cm":616174,"minecraft:jump":1041,"minecraft:walk_on_water_one_cm":3091,"minecraft:total_world_time":80537,"minecraft:interact_with_smoker":16,"minecraft:fall_one_cm":31947},"minecraft:dropped":{"minecraft:rotten_flesh":1},"minecraft:crafted":{"prefab:item_swift_blade_stone":1,"minecraft:crafting_table":2,"minecraft:birch_boat":1,"minecraft:wooden_pickaxe":1,"minecraft:birch_planks":232,"minecraft:stone_axe":1,"minecraft:bread":9,"minecraft:stick":32,"minecraft:stone_pickaxe":1,"minecraft:wooden_axe":1,"minecraft:stone_sword":1,"minecraft:chest":2,"minecraft:torch":4},"minecraft:killed":{"minecraft:zombie_villager":1,"born_in_chaos_v1:restless_spirit":2,"born_in_chaos_v1:swarmer":1,"born_in_chaos_v1:siamese_skeletonsright":1,"born_in_chaos_v1:decrepit_skeleton":2,"born_in_chaos_v1:maggot":5,"minecraft:sheep":3,"minecraft:skeleton":3,"born_in_chaos_v1:zombie_fisherman":1,"minecraft:zombie":3,"born_in_chaos_v1:dread_hound":1,"born_in_chaos_v1:corpse_fly":6,"born_in_chaos_v1:nightmare_stalker":1,"born_in_chaos_v1:siamese_skeletonsleft":1},"minecraft:mined":{"minecraft:glass_pane":4,"minecraft:red_bed":1,"minecraft:jungle_leaves":4,"minecraft:torch":1,"minecraft:crafting_table":4,"minecraft:chest":1,"minecraft:campfire":4,"minecraft:oak_pressure_plate":1,"realisticforging:big_stone":1,"minecraft:wall_torch":1,"minecraft:birch_planks":1,"minecraft:coarse_dirt":1,"minecraft:birch_log":81,"minecraft:wheat":29,"minecraft:birch_leaves":3,"minecraft:orange_tulip":2,"minecraft:grass":4,"minecraft:potatoes":23,"minecraft:coal_ore":20,"minecraft:beetroots":26,"minecraft:oak_sign":1,"minecraft:gravel":16,"minecraft:dirt":7,"minecraft:stone":45,"minecraft:oak_leaves":7}},"DataVersion":3120}