{"stats":{"minecraft:broken":{"prefab:item_swift_blade_stone":1,"minecraft:leather_helmet":1,"minecraft:leather_leggings":1,"minecraft:leather_chestplate":1,"minecraft:leather_boots":1},"minecraft:killed_by":{"born_in_chaos_v1:nightmare_stalker":1},"minecraft:picked_up":{"minecraft:crafting_table":4,"minecraft:charcoal":8,"minecraft:coarse_dirt":1,"minecraft:wheat":29,"minecraft:clay_ball":172,"minecraft:chain":2,"minecraft:cornflower":12,"minecraft:string":4,"minecraft:red_bed":2,"minecraft:moss_carpet":2,"minecraft:iron_shovel":1,"minecraft:oak_sign":1,"minecraft:beetroot":26,"minecraft:beef":4,"minecraft:iron_pickaxe":1,"minecraft:chest":1,"minecraft:birch_sapling":7,"minecraft:egg":3,"minecraft:stick":11,"born_in_chaos_v1:shattered_skull":1,"minecraft:big_dripleaf":1,"minecraft:torch":14,"minecraft:porkchop":5,"born_in_chaos_v1:nightmare_claw":2,"born_in_chaos_v1:pieceofdarkmetal":2,"minecraft:rotten_flesh":13,"butchersdelight:deadsheep":3,"minecraft:arrow":4,"minecraft:beetroot_seeds":69,"realisticforging:raw_iron_ore":100,"minecraft:pink_tulip":14,"minecraft:mutton":4,"minecraft:white_wool":3,"minecraft:cobblestone":68,"born_in_chaos_v1:fused_bone":2,"minecraft:birch_log":67,"born_in_chaos_v1:corpse_maggot":8,"born_in_chaos_v1:monster_flesh":6,"minecraft:potato":52,"minecraft:birch_planks":2,"minecraft:flint":2,"realisticforging:copperore":30,"minecraft:dirt":11,"minecraft:bone":10,"minecraft:bow":1,"minecraft:orange_tulip":2,"minecraft:wheat_seeds":85,"minecraft:rabbit":3,"lightmanscurrency:coin_iron":23,"born_in_chaos_v1:ethereal_spirit":4,"minecraft:oak_pressure_plate":1,"minecraft:gravel":14,"minecraft:spruce_sapling":8,"minecraft:spruce_log":31,"minecraft:mossy_cobblestone":6,"lightmanscurrency:coin_copper":46,"minecraft:slime_ball":1,"minecraft:bread":64,"minecraft:baked_potato":27,"born_in_chaos_v1:rotten_fish":2,"minecraft:coal":35,"realisticforging:big_stone":1},"minecraft:used":{"minecraft:beetroot":6,"minecraft:iron_shovel":44,"minecraft:stone_shovel":32,"minecraft:oak_sign":1,"minecraft:chest":2,"minecraft:torch":42,"minecraft:dirt":9,"minecraft:big_dripleaf":1,"minecraft:wooden_axe":48,"minecraft:birch_sapling":1,"prefab:item_swift_blade_stone":277,"minecraft:bow":1,"minecraft:beetroot_seeds":38,"minecraft:cooked_beef":4,"minecraft:potato":31,"minecraft:wheat_seeds":24,"minecraft:birch_planks":25,"minecraft:stone_pickaxe":56,"minecraft:baked_potato":11,"minecraft:orange_tulip":2,"minecraft:birch_boat":1,"minecraft:wooden_pickaxe":13,"minecraft:crafting_table":4,"minecraft:red_bed":1,"minecraft:diamond_pickaxe":52,"realisticforging:big_stone":1,"minecraft:bread":32,"minecraft:iron_pickaxe":43,"minecraft:oak_pressure_plate":1,"minecraft:stone_axe":96,"minecraft:cobblestone":4,"minecraft:cooked_porkchop":3,"minecraft:cooked_rabbit":3,"minecraft:chain":2,"minecraft:coarse_dirt":1},"minecraft:custom":{"minecraft:mob_kills":48,"minecraft:inspect_hopper":1,"minecraft:interact_with_crafting_table":17,"minecraft:open_barrel":13,"minecraft:damage_dealt_resisted":80,"minecraft:leave_game":2,"minecraft:time_since_death":78171,"minecraft:climb_one_cm":15791,"minecraft:sprint_one_cm":387747,"minecraft:walk_one_cm":220163,"minecraft:drop":4,"minecraft:play_time":115566,"minecraft:deaths":1,"minecraft:sneak_time":311,"minecraft:walk_under_water_one_cm":8824,"minecraft:boat_one_cm":616174,"minecraft:jump":1931,"minecraft:walk_on_water_one_cm":18458,"minecraft:total_world_time":115566,"minecraft:interact_with_furnace":6,"minecraft:sleep_in_bed":6,"minecraft:time_since_rest":39500,"minecraft:damage_taken":2950,"minecraft:damage_dealt":9699,"minecraft:swim_one_cm":82454,"minecraft:fly_one_cm":458698,"minecraft:open_chest":69,"minecraft:crouch_one_cm":304,"minecraft:interact_with_smoker":16,"minecraft:fall_one_cm":59919},"minecraft:dropped":{"minecraft:red_bed":1,"minecraft:string":2,"minecraft:moss_carpet":8,"minecraft:rotten_flesh":1},"minecraft:crafted":{"minecraft:birch_boat":1,"minecraft:stone_pickaxe":1,"minecraft:chest":2,"prefab:item_swift_blade_stone":1,"minecraft:crafting_table":2,"minecraft:wooden_pickaxe":1,"minecraft:birch_planks":232,"minecraft:stone_axe":1,"minecraft:bread":9,"minecraft:stick":36,"minecraft:wooden_axe":1,"minecraft:stone_sword":1,"minecraft:torch":44},"minecraft:mined":{"minecraft:mossy_cobblestone":6,"minecraft:jungle_leaves":4,"minecraft:cave_vines_plant":1,"minecraft:grass_block":2,"minecraft:oak_pressure_plate":1,"minecraft:spruce_leaves":10,"realisticforging:big_stone":1,"minecraft:moss_block":1,"minecraft:iron_ore":41,"minecraft:moss_carpet":2,"minecraft:cave_vines":1,"minecraft:potatoes":23,"minecraft:oak_sign":1,"minecraft:pink_tulip":14,"minecraft:stone":65,"minecraft:podzol":3,"minecraft:glass_pane":4,"minecraft:red_bed":1,"minecraft:clay":41,"minecraft:crafting_table":4,"minecraft:cornflower":12,"minecraft:torch":8,"minecraft:chest":1,"minecraft:dead_bush":1,"minecraft:campfire":4,"minecraft:copper_ore":10,"minecraft:cobblestone":4,"minecraft:wall_torch":6,"minecraft:chain":1,"minecraft:birch_planks":2,"minecraft:coarse_dirt":1,"minecraft:birch_log":81,"minecraft:wheat":29,"minecraft:spruce_log":31,"minecraft:birch_leaves":3,"minecraft:orange_tulip":2,"minecraft:grass":12,"minecraft:coal_ore":27,"minecraft:beetroots":26,"minecraft:gravel":16,"minecraft:dirt":9,"minecraft:oak_leaves":7,"minecraft:fern":4},"minecraft:killed":{"born_in_chaos_v1:zombie_clown":1,"born_in_chaos_v1:restless_spirit":3,"minecraft:spider":2,"born_in_chaos_v1:siamese_skeletonsright":2,"born_in_chaos_v1:maggot":5,"minecraft:skeleton":4,"minecraft:zombie_villager":1,"born_in_chaos_v1:swarmer":1,"born_in_chaos_v1:decrepit_skeleton":3,"minecraft:sheep":3,"born_in_chaos_v1:zombie_fisherman":1,"minecraft:zombie":7,"born_in_chaos_v1:dread_hound":3,"born_in_chaos_v1:corpse_fly":6,"born_in_chaos_v1:nightmare_stalker":2,"born_in_chaos_v1:siamese_skeletonsleft":1}},"DataVersion":3120}