{"stats":{"minecraft:broken":{"prefab:item_swift_blade_stone":2,"minecraft:leather_helmet":1,"minecraft:leather_leggings":1,"minecraft:leather_chestplate":1,"minecraft:leather_boots":1,"minecraft:stone_axe":1},"minecraft:killed_by":{"born_in_chaos_v1:nightmare_stalker":1,"minecraft:vindicator":1},"minecraft:picked_up":{"minecraft:birch_door":5,"minecraft:crafting_table":6,"minecraft:charcoal":8,"minecraft:coarse_dirt":1,"minecraft:wheat":35,"securitycraft:keypad_item":2,"minecraft:suspicious_stew":1,"minecraft:flower_pot":1,"minecraft:clay_ball":172,"born_in_chaos_v1:seedof_chaos":1,"minecraft:oak_stairs":1,"minecraft:chain":2,"minecraft:cornflower":12,"minecraft:string":4,"minecraft:red_bed":2,"minecraft:moss_carpet":2,"minecraft:smooth_stone_slab":1,"minecraft:iron_shovel":1,"butchersdelight:dead_cow":5,"minecraft:oak_sign":2,"minecraft:beetroot":26,"minecraft:cobbled_deepslate":6,"minecraft:spruce_planks":1,"minecraft:beef":4,"minecraft:iron_pickaxe":1,"minecraft:chest":1,"minecraft:birch_sapling":8,"minecraft:furnace":2,"minecraft:egg":3,"minecraft:stripped_crimson_hyphae":1,"minecraft:stick":15,"born_in_chaos_v1:shattered_skull":1,"minecraft:big_dripleaf":1,"minecraft:oak_fence":2,"minecraft:torch":37,"minecraft:spruce_fence":1,"minecraft:porkchop":5,"born_in_chaos_v1:nightmare_claw":2,"born_in_chaos_v1:pieceofdarkmetal":2,"minecraft:redstone":58,"minecraft:cauldron":1,"lightmanscurrency:coin_emerald":3,"minecraft:rotten_flesh":18,"butchersdelight:deadsheep":3,"minecraft:arrow":6,"minecraft:tropical_fish":1,"minecraft:beetroot_seeds":69,"realisticforging:raw_iron_ore":100,"minecraft:pink_tulip":14,"minecraft:mutton":16,"minecraft:white_wool":3,"minecraft:cobblestone":68,"minecraft:oxeye_daisy":2,"born_in_chaos_v1:fused_bone":2,"minecraft:birch_log":73,"born_in_chaos_v1:corpse_maggot":16,"minecraft:lilac":2,"born_in_chaos_v1:monster_flesh":6,"minecraft:iron_door":4,"minecraft:potato":52,"minecraft:birch_planks":7,"butchersdelight:deadpig":4,"minecraft:flint":2,"minecraft:oak_log":27,"minecraft:gunpowder":1,"realisticforging:copperore":30,"minecraft:dirt":95,"minecraft:bone":21,"minecraft:apple":1,"minecraft:stonecutter":1,"minecraft:bow":1,"minecraft:orange_tulip":2,"minecraft:wheat_seeds":105,"minecraft:iron_ingot":1,"minecraft:rabbit":3,"lightmanscurrency:coin_iron":48,"minecraft:oak_planks":5,"realisticforging:rawgoldore":24,"minecraft:oak_slab":4,"minecraft:birch_boat":1,"born_in_chaos_v1:ethereal_spirit":4,"minecraft:oak_pressure_plate":4,"minecraft:gravel":14,"minecraft:barrel":4,"minecraft:blast_furnace":1,"minecraft:spruce_sapling":8,"minecraft:spruce_log":31,"minecraft:dark_oak_log":2,"minecraft:spruce_door":1,"minecraft:mossy_cobblestone":6,"lightmanscurrency:coin_copper":131,"butchersdelight:sheephide":3,"minecraft:slime_ball":1,"minecraft:lever":5,"lightmanscurrency:coin_gold":1,"minecraft:emerald":1,"minecraft:bread":64,"securitycraft:keypad":1,"minecraft:oak_sapling":8,"minecraft:baked_potato":27,"born_in_chaos_v1:rotten_fish":2,"minecraft:coal":49,"realisticforging:big_stone":7},"minecraft:used":{"minecraft:beetroot":6,"minecraft:iron_shovel":82,"minecraft:flint_and_steel":1,"minecraft:stone_shovel":32,"minecraft:oak_sign":2,"minecraft:chest":2,"butchersdelight:hook":1,"securitycraft:keypad_door_item":1,"minecraft:torch":76,"minecraft:dirt":46,"securitycraft:keypad_item":4,"minecraft:spruce_fence":1,"minecraft:big_dripleaf":1,"minecraft:birch_door":6,"minecraft:wooden_axe":48,"minecraft:birch_sapling":1,"prefab:item_swift_blade_stone":410,"minecraft:bow":4,"minecraft:furnace":2,"minecraft:beetroot_seeds":38,"minecraft:cooked_beef":4,"minecraft:potato":31,"minecraft:wheat_seeds":42,"minecraft:cooked_mutton":8,"minecraft:water_bucket":1,"minecraft:birch_planks":51,"minecraft:oak_planks":1,"minecraft:stone_pickaxe":56,"realisticforging:smithing_anvil":1,"minecraft:baked_potato":27,"minecraft:orange_tulip":2,"minecraft:birch_boat":3,"minecraft:wooden_pickaxe":13,"securitycraft:keypad_frame":1,"minecraft:stonecutter":2,"minecraft:cauldron":1,"prefab:item_swift_blade_iron":122,"minecraft:oak_slab":4,"minecraft:crafting_table":7,"minecraft:blast_furnace":2,"minecraft:red_bed":1,"minecraft:smoker":1,"minecraft:oak_log":21,"minecraft:lever":5,"minecraft:flower_pot":2,"minecraft:diamond_pickaxe":124,"minecraft:apple":1,"realisticforging:big_stone":5,"minecraft:bread":68,"minecraft:suspicious_stew":2,"minecraft:iron_pickaxe":43,"minecraft:oak_pressure_plate":3,"minecraft:iron_door":2,"minecraft:lilac":2,"minecraft:stone_axe":213,"minecraft:cobblestone":5,"minecraft:grindstone":1,"minecraft:cooked_porkchop":3,"minecraft:bucket":1,"minecraft:cooked_rabbit":3,"minecraft:birch_log":4,"minecraft:chain":2,"minecraft:smooth_stone_slab":1,"minecraft:coarse_dirt":1},"minecraft:custom":{"minecraft:mob_kills":105,"minecraft:inspect_hopper":1,"minecraft:interact_with_crafting_table":63,"minecraft:open_barrel":29,"minecraft:fill_cauldron":1,"minecraft:damage_dealt_resisted":291,"minecraft:leave_game":3,"minecraft:time_since_death":18249,"minecraft:climb_one_cm":30944,"minecraft:sprint_one_cm":677112,"minecraft:walk_one_cm":495067,"minecraft:drop":6,"minecraft:play_time":279119,"minecraft:deaths":3,"minecraft:sneak_time":3416,"minecraft:walk_under_water_one_cm":38192,"minecraft:boat_one_cm":838663,"minecraft:jump":3077,"minecraft:interact_with_blast_furnace":16,"minecraft:walk_on_water_one_cm":28850,"minecraft:total_world_time":279119,"minecraft:interact_with_furnace":219,"minecraft:pot_flower":3,"minecraft:interact_with_grindstone":2,"minecraft:interact_with_stonecutter":6,"minecraft:sleep_in_bed":6,"minecraft:time_since_rest":18279,"minecraft:damage_taken":7225,"minecraft:damage_dealt":21032,"minecraft:swim_one_cm":185116,"minecraft:fly_one_cm":699103,"minecraft:open_chest":170,"minecraft:crouch_one_cm":3211,"minecraft:interact_with_smoker":26,"minecraft:fall_one_cm":85458},"minecraft:dropped":{"minecraft:tropical_fish":1,"minecraft:cod":5,"minecraft:red_bed":1,"minecraft:string":2,"minecraft:moss_carpet":8,"minecraft:rotten_flesh":1},"minecraft:crafted":{"minecraft:brick":10,"minecraft:grindstone":1,"minecraft:smooth_stone":3,"minecraft:iron_nugget":9,"minecraft:birch_boat":2,"minecraft:furnace":2,"minecraft:stone_button":16,"minecraft:blast_furnace":1,"minecraft:stone":26,"securitycraft:keypad_item":2,"realisticforging:wheatbroom":1,"securitycraft:keypad_frame":1,"minecraft:heavy_weighted_pressure_plate":2,"minecraft:pink_dye":4,"minecraft:cooked_mutton":12,"realisticforging:smithing_stone_hammer":1,"realisticforging:smithing_hammer":1,"realisticforging:two_sticks":11,"minecraft:stone_pickaxe":1,"minecraft:chest":2,"minecraft:birch_door":6,"minecraft:dark_oak_planks":8,"securitycraft:keypad_door_item":1,"minecraft:flower_pot":2,"minecraft:smoker":1,"butchersdelight:hook":1,"prefab:item_swift_blade_stone":2,"minecraft:crafting_table":5,"minecraft:wooden_pickaxe":1,"butchersdelight:cleaver":1,"minecraft:bucket":1,"minecraft:birch_planks":268,"minecraft:stone_axe":2,"prefab:item_swift_blade_iron":1,"minecraft:bread":9,"minecraft:air":0,"realisticforging:smithing_anvil":1,"realisticforging:hotrawironore":51,"securitycraft:door_indestructible_iron_item":1,"minecraft:stone_slab":6,"minecraft:stick":44,"realisticforging:blacksmithstongs":1,"minecraft:iron_ingot":1,"minecraft:wooden_axe":1,"minecraft:iron_block":1,"minecraft:stone_sword":1,"minecraft:stonecutter":1,"minecraft:torch":44,"realisticforging:hotrawironnugget":29},"minecraft:mined":{"minecraft:spruce_planks":1,"minecraft:farmland":2,"minecraft:mossy_cobblestone":6,"minecraft:jungle_leaves":4,"minecraft:lever":5,"minecraft:cave_vines_plant":1,"minecraft:stripped_crimson_hyphae":2,"minecraft:jungle_planks":2,"minecraft:spruce_fence":2,"minecraft:grass_block":6,"minecraft:oak_pressure_plate":4,"minecraft:spruce_leaves":10,"realisticforging:big_stone":7,"minecraft:moss_block":1,"minecraft:spawner":1,"minecraft:oak_trapdoor":1,"minecraft:furnace":2,"minecraft:barrel":2,"minecraft:fire":6,"minecraft:iron_ore":41,"minecraft:moss_carpet":2,"minecraft:vine":1,"minecraft:dirt_path":1,"minecraft:cave_vines":1,"minecraft:potatoes":23,"minecraft:oak_sign":2,"minecraft:oak_stairs":1,"minecraft:pink_tulip":14,"minecraft:stone":65,"minecraft:podzol":3,"minecraft:deepslate_redstone_ore":13,"minecraft:oak_slab":3,"minecraft:glass_pane":4,"minecraft:red_bed":1,"minecraft:spruce_door":1,"minecraft:oak_fence":2,"minecraft:clay":41,"minecraft:crafting_table":6,"minecraft:cornflower":12,"minecraft:torch":12,"minecraft:blast_furnace":1,"minecraft:chest":1,"minecraft:dead_bush":1,"minecraft:campfire":4,"minecraft:copper_ore":10,"minecraft:cobblestone":5,"minecraft:deepslate_gold_ore":9,"minecraft:oak_planks":7,"minecraft:iron_door":5,"minecraft:wall_torch":16,"minecraft:cauldron":1,"minecraft:chain":1,"minecraft:birch_planks":8,"minecraft:coarse_dirt":1,"minecraft:light_gray_stained_glass":1,"minecraft:birch_log":86,"minecraft:wheat":38,"minecraft:lilac":2,"minecraft:smooth_stone_slab":1,"minecraft:spruce_log":31,"minecraft:birch_leaves":3,"minecraft:birch_door":4,"minecraft:orange_tulip":2,"minecraft:grass":50,"minecraft:oak_log":27,"minecraft:coal_ore":41,"minecraft:beetroots":26,"minecraft:flower_pot":1,"minecraft:gravel":16,"minecraft:dirt":16,"minecraft:stonecutter":1,"minecraft:deepslate":6,"minecraft:oak_leaves":12,"minecraft:fern":4},"minecraft:killed":{"born_in_chaos_v1:zombie_clown":1,"born_in_chaos_v1:zombie_lumberjack":3,"born_in_chaos_v1:restless_spirit":3,"minecraft:vindicator":3,"minecraft:spider":3,"born_in_chaos_v1:siamese_skeletonsright":2,"born_in_chaos_v1:maggot":10,"minecraft:skeleton":6,"born_in_chaos_v1:corpse_fish":5,"born_in_chaos_v1:bonescaller":1,"minecraft:zombie_villager":1,"born_in_chaos_v1:swarmer":2,"born_in_chaos_v1:decrepit_skeleton":5,"minecraft:sheep":3,"minecraft:pillager":7,"born_in_chaos_v1:bloody_gadfly":1,"born_in_chaos_v1:zombie_fisherman":3,"minecraft:zombie":16,"born_in_chaos_v1:dread_hound":4,"born_in_chaos_v1:corpse_fly":16,"born_in_chaos_v1:nightmare_stalker":2,"born_in_chaos_v1:siamese_skeletonsleft":1}},"DataVersion":3120}