{"stats":{"minecraft:picked_up":{"minecraft:charcoal":8,"minecraft:wheat":29,"minecraft:potato":52,"minecraft:porkchop":5,"minecraft:dirt":2,"minecraft:red_bed":1,"minecraft:beetroot":24,"minecraft:beetroot_seeds":63,"minecraft:wheat_seeds":85,"minecraft:orange_tulip":2,"minecraft:beef":4,"minecraft:rabbit":3,"minecraft:mutton":4},"minecraft:used":{"minecraft:wheat_seeds":24,"minecraft:beetroot":4,"minecraft:bread":4,"minecraft:orange_tulip":2,"minecraft:dirt":2,"minecraft:beetroot_seeds":24,"minecraft:potato":31},"minecraft:custom":{"minecraft:time_since_rest":14031,"minecraft:interact_with_furnace":1,"minecraft:sprint_one_cm":59065,"minecraft:damage_taken":215,"minecraft:walk_one_cm":35013,"minecraft:damage_dealt":32,"minecraft:interact_with_crafting_table":2,"minecraft:fly_one_cm":57345,"minecraft:open_barrel":11,"minecraft:open_chest":2,"minecraft:play_time":14537,"minecraft:jump":213,"minecraft:time_since_death":14537,"minecraft:walk_on_water_one_cm":471,"minecraft:interact_with_smoker":14,"minecraft:climb_one_cm":1240,"minecraft:sleep_in_bed":1,"minecraft:total_world_time":14537,"minecraft:fall_one_cm":8918},"minecraft:crafted":{"minecraft:bread":9},"minecraft:mined":{"minecraft:glass_pane":4,"minecraft:red_bed":1,"minecraft:wheat":29,"minecraft:jungle_leaves":4,"minecraft:orange_tulip":2,"minecraft:potatoes":23,"minecraft:beetroots":24,"minecraft:dirt":2,"minecraft:campfire":4,"minecraft:oak_leaves":5}},"DataVersion":3120}