{"stats":{"minecraft:killed_by":{"born_in_chaos_v1:nightmare_stalker":1},"minecraft:picked_up":{"born_in_chaos_v1:fused_bone":2,"born_in_chaos_v1:corpse_maggot":8,"minecraft:birch_log":58,"minecraft:charcoal":8,"minecraft:coarse_dirt":1,"minecraft:crafting_table":4,"minecraft:wheat":29,"born_in_chaos_v1:monster_flesh":2,"minecraft:potato":52,"minecraft:flint":2,"minecraft:dirt":2,"minecraft:red_bed":1,"minecraft:bone":5,"minecraft:oak_sign":1,"minecraft:beetroot":24,"minecraft:orange_tulip":2,"minecraft:wheat_seeds":85,"minecraft:beef":4,"minecraft:rabbit":3,"lightmanscurrency:coin_iron":5,"minecraft:chest":1,"minecraft:birch_sapling":6,"minecraft:stick":9,"born_in_chaos_v1:ethereal_spirit":2,"minecraft:oak_pressure_plate":1,"minecraft:gravel":14,"minecraft:porkchop":5,"born_in_chaos_v1:nightmare_claw":1,"born_in_chaos_v1:pieceofdarkmetal":2,"lightmanscurrency:coin_copper":4,"butchersdelight:deadsheep":3,"minecraft:rotten_flesh":6,"minecraft:slime_ball":1,"minecraft:beetroot_seeds":63,"born_in_chaos_v1:rotten_fish":2,"minecraft:mutton":4,"minecraft:coal":28,"realisticforging:big_stone":1,"minecraft:white_wool":3,"minecraft:cobblestone":41},"minecraft:used":{"minecraft:beetroot":4,"minecraft:wheat_seeds":24,"minecraft:stone_shovel":27,"minecraft:stone_pickaxe":50,"minecraft:oak_sign":1,"minecraft:orange_tulip":2,"minecraft:birch_boat":1,"minecraft:chest":2,"minecraft:wooden_pickaxe":13,"minecraft:dirt":2,"minecraft:crafting_table":4,"minecraft:wooden_axe":48,"realisticforging:big_stone":1,"minecraft:bread":4,"minecraft:oak_pressure_plate":1,"minecraft:stone_axe":24,"prefab:item_swift_blade_stone":86,"minecraft:cooked_porkchop":3,"minecraft:beetroot_seeds":36,"minecraft:cooked_rabbit":3,"minecraft:cooked_beef":1,"minecraft:potato":31,"minecraft:coarse_dirt":1},"minecraft:custom":{"minecraft:interact_with_furnace":3,"minecraft:mob_kills":24,"minecraft:inspect_hopper":1,"minecraft:interact_with_crafting_table":8,"minecraft:open_barrel":13,"minecraft:damage_dealt_resisted":80,"minecraft:time_since_death":19142,"minecraft:sleep_in_bed":4,"minecraft:climb_one_cm":15559,"minecraft:time_since_rest":19169,"minecraft:sprint_one_cm":145054,"minecraft:damage_taken":875,"minecraft:walk_one_cm":91124,"minecraft:damage_dealt":3611,"minecraft:swim_one_cm":10398,"minecraft:fly_one_cm":159077,"minecraft:open_chest":23,"minecraft:play_time":56537,"minecraft:deaths":1,"minecraft:sneak_time":33,"minecraft:walk_under_water_one_cm":359,"minecraft:boat_one_cm":391624,"minecraft:jump":636,"minecraft:walk_on_water_one_cm":2810,"minecraft:total_world_time":56537,"minecraft:interact_with_smoker":16,"minecraft:fall_one_cm":21711},"minecraft:crafted":{"minecraft:crafting_table":2,"minecraft:birch_boat":1,"minecraft:wooden_pickaxe":1,"minecraft:birch_planks":232,"minecraft:stone_axe":1,"minecraft:bread":9,"minecraft:stick":32,"minecraft:stone_pickaxe":1,"minecraft:wooden_axe":1,"minecraft:chest":2},"minecraft:killed":{"minecraft:zombie_villager":1,"born_in_chaos_v1:restless_spirit":1,"born_in_chaos_v1:swarmer":1,"born_in_chaos_v1:siamese_skeletonsright":1,"born_in_chaos_v1:decrepit_skeleton":2,"born_in_chaos_v1:maggot":5,"minecraft:sheep":3,"minecraft:skeleton":1,"born_in_chaos_v1:zombie_fisherman":1,"born_in_chaos_v1:corpse_fly":6,"born_in_chaos_v1:nightmare_stalker":1,"born_in_chaos_v1:siamese_skeletonsleft":1},"minecraft:mined":{"minecraft:glass_pane":4,"minecraft:red_bed":1,"minecraft:jungle_leaves":4,"minecraft:crafting_table":4,"minecraft:chest":1,"minecraft:campfire":4,"minecraft:oak_pressure_plate":1,"realisticforging:big_stone":1,"minecraft:coarse_dirt":1,"minecraft:birch_log":60,"minecraft:wheat":29,"minecraft:birch_leaves":3,"minecraft:orange_tulip":2,"minecraft:grass":1,"minecraft:potatoes":23,"minecraft:coal_ore":20,"minecraft:beetroots":24,"minecraft:oak_sign":1,"minecraft:gravel":16,"minecraft:dirt":2,"minecraft:stone":41,"minecraft:oak_leaves":7}},"DataVersion":3120}