{"stats":{"minecraft:mined":{"minecraft:glass_pane":2,"minecraft:red_bed":1,"minecraft:smooth_stone_slab":2,"minecraft:iron_bars":1,"minecraft:dirt":1,"minecraft:cracked_stone_bricks":1,"minecraft:spruce_leaves":1,"minecraft:stone_bricks":3},"minecraft:custom":{"minecraft:time_since_rest":12366,"minecraft:interact_with_smithing_table":1,"minecraft:interact_with_furnace":14,"minecraft:sprint_one_cm":75596,"minecraft:damage_taken":566,"minecraft:walk_one_cm":45931,"minecraft:drop":2,"minecraft:inspect_hopper":1,"minecraft:interact_with_cartography_table":1,"minecraft:swim_one_cm":4043,"minecraft:interact_with_crafting_table":1,"minecraft:fly_one_cm":61375,"minecraft:open_barrel":2,"minecraft:open_chest":139,"minecraft:crouch_one_cm":916,"minecraft:play_time":18753,"minecraft:deaths":1,"minecraft:sneak_time":410,"minecraft:walk_under_water_one_cm":849,"minecraft:jump":310,"minecraft:interact_with_stonecutter":1,"minecraft:interact_with_blast_furnace":2,"minecraft:leave_game":1,"minecraft:time_since_death":12342,"minecraft:walk_on_water_one_cm":1584,"minecraft:total_world_time":18753,"minecraft:interact_with_smoker":2,"minecraft:climb_one_cm":1029,"minecraft:fall_one_cm":9650},"minecraft:dropped":{"realisticforging:hotrawironore":2},"minecraft:picked_up":{"minecraft:wheat":1,"realisticforging:hotrawironore":1,"minecraft:red_bed":1,"minecraft:leather_helmet":1,"minecraft:smooth_stone_slab":4,"minecraft:stone_bricks":3,"minecraft:cracked_stone_bricks":1,"minecraft:wheat_seeds":3,"minecraft:lever":1,"minecraft:iron_bars":1},"minecraft:used":{"minecraft:iron_bars":1,"minecraft:stone_shovel":1,"minecraft:bread":4,"minecraft:stone_pickaxe":8,"minecraft:iron_pickaxe":1,"minecraft:stone_bricks":3,"minecraft:cracked_stone_bricks":1,"minecraft:stone_axe":2}},"DataVersion":3120}