{"stats":{"minecraft:mined":{"minecraft:dark_oak_planks":1,"minecraft:light_gray_stained_glass_pane":1,"minecraft:glass_pane":13,"minecraft:red_bed":1,"minecraft:jungle_leaves":1,"minecraft:sea_lantern":1,"minecraft:grass_block":19,"minecraft:cobblestone":5,"minecraft:tall_grass":12,"minecraft:spruce_leaves":1,"minecraft:moss_block":1,"minecraft:purple_wool":2,"minecraft:blue_terracotta":3,"butchersdelight:deadcowblock":1,"minecraft:fire":2,"minecraft:lilac":1,"minecraft:spruce_log":1,"minecraft:jukebox":1,"minecraft:purple_concrete":7,"minecraft:quartz_pillar":8,"minecraft:smooth_stone_slab":2,"minecraft:dark_oak_stairs":1,"minecraft:grass":9,"minecraft:oak_log":2,"minecraft:iron_bars":1,"minecraft:dirt":5,"minecraft:cracked_stone_bricks":1,"minecraft:stone_bricks":12,"minecraft:stone":2,"minecraft:birch_fence":1},"minecraft:crafted":{"minecraft:oak_planks":8,"minecraft:copper_ingot":1},"minecraft:custom":{"minecraft:interact_with_smithing_table":1,"minecraft:interact_with_furnace":16,"minecraft:mob_kills":16,"minecraft:inspect_hopper":1,"minecraft:traded_with_villager":1,"minecraft:interact_with_cartography_table":1,"minecraft:interact_with_crafting_table":2,"minecraft:open_barrel":4,"minecraft:eat_cake_slice":2,"minecraft:interact_with_stonecutter":1,"minecraft:leave_game":4,"minecraft:time_since_death":62375,"minecraft:climb_one_cm":3436,"minecraft:time_since_rest":62399,"minecraft:sprint_one_cm":241321,"minecraft:damage_taken":1540,"minecraft:walk_one_cm":134748,"minecraft:drop":2,"minecraft:damage_dealt":3976,"minecraft:swim_one_cm":25430,"minecraft:fly_one_cm":387736,"minecraft:open_chest":204,"minecraft:crouch_one_cm":2637,"minecraft:play_time":68786,"minecraft:deaths":1,"minecraft:sneak_time":1231,"minecraft:walk_under_water_one_cm":6410,"minecraft:jump":1636,"minecraft:interact_with_blast_furnace":2,"minecraft:walk_on_water_one_cm":11014,"minecraft:interact_with_smoker":3,"minecraft:total_world_time":68786,"minecraft:fall_one_cm":42449},"minecraft:dropped":{"realisticforging:hotrawironore":2},"minecraft:picked_up":{"minecraft:wheat":1,"minecraft:lilac":1,"minecraft:oak_log":2,"minecraft:dirt":22,"minecraft:red_bed":1,"minecraft:smooth_stone_slab":4,"minecraft:bone":2,"butchersdelight:dead_cow":2,"minecraft:stone_bricks":12,"minecraft:cracked_stone_bricks":1,"minecraft:wheat_seeds":4,"minecraft:cooked_chicken":30,"lightmanscurrency:coin_iron":17,"minecraft:dark_oak_stairs":1,"minecraft:purple_concrete":2,"realisticforging:hotrawironore":1,"minecraft:quartz_pillar":8,"minecraft:spruce_log":1,"minecraft:prismarine_crystals":2,"realisticforging:unfinishedironbootspart":2,"minecraft:leather_helmet":1,"minecraft:dark_oak_planks":1,"lightmanscurrency:coin_emerald":5,"lightmanscurrency:coin_copper":49,"minecraft:blue_terracotta":2,"minecraft:rotten_flesh":2,"minecraft:lever":1,"lightmanscurrency:coin_gold":5,"minecraft:iron_bars":1,"minecraft:cobblestone":6},"minecraft:killed":{"minecraft:vindicator":1,"born_in_chaos_v1:decrepit_skeleton":1,"minecraft:pillager":11},"minecraft:used":{"minecraft:iron_bars":1,"minecraft:stone_shovel":22,"minecraft:stone_pickaxe":19,"minecraft:oak_planks":8,"minecraft:iron_sword":22,"minecraft:cooked_chicken":2,"minecraft:cracked_stone_bricks":1,"minecraft:dirt":7,"minecraft:carrot":4,"minecraft:bread":20,"minecraft:iron_pickaxe":53,"minecraft:stone_bricks":12,"minecraft:stone_axe":2,"prefab:item_swift_blade_stone":134,"minecraft:cobblestone":6,"minecraft:smooth_stone_slab":4,"minecraft:cooked_beef":3,"minecraft:potato":12}},"DataVersion":3120}