{"stats":{"minecraft:mined":{"minecraft:red_bed":1,"minecraft:dirt":1},"minecraft:custom":{"minecraft:time_since_rest":366,"minecraft:open_chest":46,"minecraft:interact_with_smithing_table":1,"minecraft:sprint_one_cm":23600,"minecraft:interact_with_furnace":2,"minecraft:play_time":6753,"minecraft:deaths":1,"minecraft:damage_taken":416,"minecraft:walk_one_cm":13480,"minecraft:sneak_time":17,"minecraft:walk_under_water_one_cm":74,"minecraft:drop":2,"minecraft:jump":114,"minecraft:inspect_hopper":1,"minecraft:interact_with_stonecutter":1,"minecraft:interact_with_blast_furnace":1,"minecraft:leave_game":1,"minecraft:walk_on_water_one_cm":67,"minecraft:time_since_death":342,"minecraft:interact_with_smoker":2,"minecraft:total_world_time":6753,"minecraft:interact_with_crafting_table":1,"minecraft:swim_one_cm":328,"minecraft:interact_with_cartography_table":1,"minecraft:fall_one_cm":3347,"minecraft:fly_one_cm":26889},"minecraft:dropped":{"realisticforging:hotrawironore":2},"minecraft:picked_up":{"realisticforging:hotrawironore":1,"minecraft:leather_helmet":1,"minecraft:red_bed":1},"minecraft:used":{"minecraft:bread":1,"minecraft:stone_shovel":1,"minecraft:stone_pickaxe":1}},"DataVersion":3120}