{"stats":{"minecraft:mined":{"minecraft:dark_oak_planks":1,"minecraft:light_gray_stained_glass_pane":1,"minecraft:glass_pane":13,"minecraft:red_bed":1,"minecraft:fire":2,"minecraft:spruce_log":1,"minecraft:quartz_pillar":8,"minecraft:sea_lantern":1,"minecraft:dark_oak_stairs":1,"minecraft:smooth_stone_slab":2,"minecraft:grass_block":1,"minecraft:oak_log":2,"minecraft:iron_bars":1,"minecraft:dirt":1,"minecraft:cobblestone":4,"minecraft:cracked_stone_bricks":1,"minecraft:spruce_leaves":1,"minecraft:stone":2,"minecraft:stone_bricks":12},"minecraft:crafted":{"minecraft:oak_planks":8},"minecraft:custom":{"minecraft:time_since_rest":24050,"minecraft:interact_with_smithing_table":1,"minecraft:interact_with_furnace":16,"minecraft:sprint_one_cm":135897,"minecraft:damage_taken":798,"minecraft:walk_one_cm":80748,"minecraft:mob_kills":1,"minecraft:drop":2,"minecraft:inspect_hopper":1,"minecraft:damage_dealt":394,"minecraft:interact_with_crafting_table":2,"minecraft:swim_one_cm":7665,"minecraft:interact_with_cartography_table":1,"minecraft:fly_one_cm":117621,"minecraft:open_barrel":4,"minecraft:open_chest":185,"minecraft:crouch_one_cm":932,"minecraft:play_time":30437,"minecraft:deaths":1,"minecraft:sneak_time":442,"minecraft:walk_under_water_one_cm":1333,"minecraft:jump":621,"minecraft:eat_cake_slice":2,"minecraft:interact_with_stonecutter":1,"minecraft:interact_with_blast_furnace":2,"minecraft:leave_game":2,"minecraft:time_since_death":24026,"minecraft:walk_on_water_one_cm":2262,"minecraft:climb_one_cm":2344,"minecraft:interact_with_smoker":3,"minecraft:total_world_time":30437,"minecraft:fall_one_cm":16653},"minecraft:dropped":{"realisticforging:hotrawironore":2},"minecraft:picked_up":{"minecraft:wheat":1,"realisticforging:hotrawironore":1,"minecraft:oak_log":2,"minecraft:quartz_pillar":8,"minecraft:spruce_log":1,"minecraft:red_bed":1,"minecraft:prismarine_crystals":2,"minecraft:leather_helmet":1,"minecraft:dark_oak_planks":1,"minecraft:smooth_stone_slab":4,"minecraft:bone":2,"minecraft:rotten_flesh":2,"minecraft:stone_bricks":12,"minecraft:cracked_stone_bricks":1,"minecraft:wheat_seeds":3,"minecraft:lever":1,"minecraft:iron_bars":1,"minecraft:dark_oak_stairs":1,"minecraft:cobblestone":6},"minecraft:killed":{"born_in_chaos_v1:decrepit_skeleton":1},"minecraft:used":{"minecraft:iron_bars":1,"minecraft:oak_planks":8,"minecraft:stone_shovel":4,"minecraft:bread":8,"minecraft:stone_pickaxe":19,"minecraft:iron_pickaxe":30,"minecraft:stone_bricks":9,"minecraft:cracked_stone_bricks":1,"minecraft:stone_axe":2,"prefab:item_swift_blade_stone":13,"minecraft:cobblestone":6,"minecraft:smooth_stone_slab":4,"minecraft:cooked_beef":2}},"DataVersion":3120}