{"stats":{"minecraft:used":{"minecraft:apple":1,"minecraft:iron_axe":195},"minecraft:picked_up":{"minecraft:birch_log":34,"minecraft:stick":43,"minecraft:apple":6,"butchersdelight:deadpig":1,"minecraft:oak_log":127,"minecraft:oak_sapling":42,"minecraft:birch_sapling":8,"minecraft:mutton":2,"minecraft:white_wool":1},"minecraft:crafted":{"minecraft:oak_planks":4},"minecraft:custom":{"minecraft:time_since_rest":7213,"minecraft:crouch_one_cm":11,"minecraft:damage_taken":100,"minecraft:play_time":13076,"minecraft:sprint_one_cm":28288,"minecraft:deaths":1,"minecraft:walk_one_cm":14468,"minecraft:sneak_time":19,"minecraft:mob_kills":1,"minecraft:jump":118,"minecraft:damage_dealt":180,"minecraft:leave_game":4,"minecraft:time_since_death":7182,"minecraft:total_world_time":13076,"minecraft:fall_one_cm":836,"minecraft:fly_one_cm":61816},"minecraft:killed":{"minecraft:sheep":1},"minecraft:mined":{"minecraft:grass":2,"minecraft:oak_log":127,"minecraft:birch_log":34,"minecraft:oak_leaves":7}},"DataVersion":3120}