{"stats":{"minecraft:custom":{"minecraft:open_barrel":1,"minecraft:time_since_rest":65629,"minecraft:open_chest":5,"minecraft:crouch_one_cm":683,"minecraft:play_time":89409,"minecraft:sprint_one_cm":26206,"minecraft:walk_one_cm":54266,"minecraft:sneak_time":560,"minecraft:walk_under_water_one_cm":59,"minecraft:jump":65,"minecraft:leave_game":2,"minecraft:time_since_death":89409,"minecraft:walk_on_water_one_cm":311,"minecraft:sleep_in_bed":1,"minecraft:total_world_time":89409,"minecraft:climb_one_cm":9697,"minecraft:fly_one_cm":89951},"minecraft:picked_up":{"minecraft:item_frame":4,"minecraft:splash_potion":1,"minecraft:pumpkin_seeds":2,"minecraft:honey_bottle":1,"minecraft:oak_sign":1,"minecraft:wheat_seeds":10,"minecraft:writable_book":1,"minecraft:potion":2,"minecraft:birch_sign":1,"minecraft:sugar_cane":1,"minecraft:egg":1},"minecraft:used":{"casinocraft:arcade_base_white":3,"minecraft:smooth_quartz_stairs":1,"lightmanscurrency:atm":4,"lightmanscurrency:piggy_bank":1,"minecraft:white_carpet":29,"endofherobrine:herobrine_head":1,"casinocraft:arcade_slot_black":3,"minecraft:brick_slab":2,"minecraft:grass_block":26,"minecraft:white_concrete":2,"easy_npc:humanoid_spawn_egg":11,"minecraft:farmland":1}},"DataVersion":3120}