{"stats":{"minecraft:killed_by":{"sanitydim:rotting_stalker":2},"minecraft:used":{"minecraft:stone_pickaxe":114,"minecraft:wooden_pickaxe":20,"minecraft:farmland":1,"casinocraft:arcade_base_white":3,"minecraft:iron_chestplate":1,"minecraft:smooth_quartz_stairs":1,"minecraft:torch":16,"minecraft:dirt":7,"minecraft:white_carpet":29,"minecraft:crafting_table":4,"casinocraft:arcade_slot_black":3,"minecraft:brick_slab":2,"minecraft:carrot":25,"minecraft:white_bed":1,"easy_npc:humanoid_spawn_egg":11,"minecraft:wooden_axe":58,"lightmanscurrency:atm":4,"easy_npc:iron_golem_spawn_egg":1,"minecraft:light_gray_concrete":9,"minecraft:grass_block":26,"minecraft:iron_helmet":1,"minecraft:iron_boots":1,"minecraft:stone_axe":36,"lightmanscurrency:piggy_bank":1,"endofherobrine:herobrine_head":1,"minecraft:yellow_bed":1,"minecraft:oak_boat":1,"minecraft:white_concrete":2},"minecraft:custom":{"minecraft:interact_with_furnace":2,"minecraft:mob_kills":4,"minecraft:traded_with_villager":6,"minecraft:interact_with_crafting_table":9,"minecraft:open_barrel":1,"minecraft:leave_game":6,"minecraft:time_since_death":49094,"minecraft:sleep_in_bed":2,"minecraft:climb_one_cm":13691,"minecraft:time_since_rest":26650,"minecraft:sprint_one_cm":130360,"minecraft:damage_taken":960,"minecraft:walk_one_cm":184153,"minecraft:damage_dealt":816,"minecraft:talked_to_villager":1,"minecraft:fly_one_cm":230506,"minecraft:open_chest":6,"minecraft:crouch_one_cm":1267,"minecraft:play_time":228716,"minecraft:deaths":2,"minecraft:sneak_time":942,"minecraft:walk_under_water_one_cm":6696,"minecraft:boat_one_cm":38719,"minecraft:jump":662,"minecraft:walk_on_water_one_cm":2581,"minecraft:total_world_time":228716,"minecraft:fall_one_cm":13370},"minecraft:mined":{"minecraft:dark_oak_log":10,"minecraft:crafting_table":4,"minecraft:grass_block":3,"minecraft:mushroom_stem":9,"minecraft:stone_slab":1,"minecraft:copper_ore":8,"minecraft:hay_block":31,"minecraft:seagrass":1,"minecraft:carrots":18,"minecraft:iron_ore":19,"minecraft:wheat":14,"minecraft:spruce_log":29,"minecraft:orange_tulip":1,"minecraft:yellow_bed":1,"minecraft:grass":3,"minecraft:oak_log":30,"minecraft:coal_ore":63,"minecraft:vine":2,"minecraft:dirt":7,"minecraft:azalea_leaves":2,"minecraft:red_mushroom_block":1,"minecraft:stone":41,"minecraft:fern":1},"minecraft:crafted":{"minecraft:oak_planks":68,"minecraft:emerald":6,"minecraft:iron_nugget":9,"minecraft:crafting_table":1,"minecraft:wooden_pickaxe":1,"minecraft:iron_helmet":1,"butchersdelight:cleaver":1,"minecraft:stone_axe":1,"minecraft:iron_boots":1,"minecraft:iron_chestplate":1,"minecraft:stick":8,"minecraft:stone_pickaxe":1,"minecraft:wooden_axe":1,"minecraft:dark_oak_planks":4,"minecraft:torch":28},"minecraft:broken":{"minecraft:wooden_axe":1},"minecraft:killed":{"born_in_chaos_v1:baby_skeleton":1,"minecraft:sheep":1},"minecraft:picked_up":{"minecraft:crafting_table":4,"minecraft:wheat":14,"minecraft:splash_potion":1,"minecraft:stone_slab":1,"minecraft:potion":2,"minecraft:oak_log":29,"minecraft:yellow_bed":1,"minecraft:shield":1,"minecraft:dirt":10,"minecraft:raw_copper":33,"minecraft:item_frame":4,"minecraft:bone":12,"butchersdelight:dead_cow":3,"minecraft:oak_sign":3,"minecraft:orange_tulip":1,"minecraft:wheat_seeds":48,"minecraft:beef":12,"minecraft:oak_boat":1,"minecraft:sugar_cane":1,"minecraft:egg":1,"minecraft:stick":11,"minecraft:raw_iron":19,"born_in_chaos_v1:shattered_skull":1,"butchersdelight:skullcow":3,"butchersdelight:cow_hide":3,"minecraft:carrot":64,"minecraft:spruce_log":29,"minecraft:dark_oak_log":1,"butchersdelight:sheephide":1,"minecraft:arrow":1,"minecraft:pumpkin_seeds":2,"minecraft:honey_bottle":1,"butchersdelight:deadsheep":1,"minecraft:writable_book":1,"minecraft:hay_block":30,"minecraft:birch_sign":1,"minecraft:oak_sapling":5,"born_in_chaos_v1:rotten_fish":1,"minecraft:mutton":4,"minecraft:coal":63,"minecraft:white_wool":1,"minecraft:cobblestone":41}},"DataVersion":3120}