{"stats":{"minecraft:killed_by":{"sanitydim:rotting_stalker":1},"minecraft:used":{"minecraft:wooden_axe":21,"lightmanscurrency:atm":4,"easy_npc:iron_golem_spawn_egg":1,"minecraft:light_gray_concrete":9,"minecraft:grass_block":26,"minecraft:wooden_pickaxe":10,"minecraft:farmland":1,"casinocraft:arcade_base_white":3,"minecraft:smooth_quartz_stairs":1,"lightmanscurrency:piggy_bank":1,"minecraft:dirt":1,"minecraft:white_carpet":29,"endofherobrine:herobrine_head":1,"minecraft:crafting_table":2,"minecraft:brick_slab":2,"casinocraft:arcade_slot_black":3,"minecraft:white_concrete":2,"easy_npc:humanoid_spawn_egg":11},"minecraft:custom":{"minecraft:time_since_rest":3658,"minecraft:damage_taken":295,"minecraft:sprint_one_cm":53550,"minecraft:walk_one_cm":75916,"minecraft:mob_kills":1,"minecraft:damage_dealt":179,"minecraft:traded_with_villager":6,"minecraft:interact_with_crafting_table":2,"minecraft:fly_one_cm":146573,"minecraft:open_barrel":1,"minecraft:open_chest":5,"minecraft:crouch_one_cm":773,"minecraft:play_time":170489,"minecraft:deaths":1,"minecraft:sneak_time":718,"minecraft:walk_under_water_one_cm":59,"minecraft:jump":242,"minecraft:leave_game":4,"minecraft:walk_on_water_one_cm":311,"minecraft:time_since_death":3629,"minecraft:sleep_in_bed":1,"minecraft:climb_one_cm":9837,"minecraft:total_world_time":170489,"minecraft:fall_one_cm":4153},"minecraft:mined":{"minecraft:crafting_table":2,"minecraft:grass":2,"minecraft:grass_block":1,"minecraft:oak_log":17,"minecraft:dirt":1,"minecraft:stone":10},"minecraft:crafted":{"minecraft:oak_planks":68,"minecraft:emerald":6,"minecraft:crafting_table":1,"minecraft:stick":4,"minecraft:wooden_pickaxe":1,"minecraft:wooden_axe":1},"minecraft:picked_up":{"minecraft:stick":9,"minecraft:crafting_table":2,"minecraft:splash_potion":1,"minecraft:potion":2,"minecraft:oak_log":17,"minecraft:dirt":2,"minecraft:item_frame":4,"minecraft:pumpkin_seeds":2,"butchersdelight:deadsheep":1,"minecraft:honey_bottle":1,"minecraft:oak_sign":3,"minecraft:wheat_seeds":10,"minecraft:writable_book":1,"minecraft:birch_sign":1,"minecraft:oak_sapling":5,"minecraft:sugar_cane":1,"minecraft:white_wool":1,"minecraft:cobblestone":10,"minecraft:egg":1},"minecraft:killed":{"minecraft:sheep":1}},"DataVersion":3120}