{"stats":{"minecraft:killed_by":{"sanitydim:rotting_stalker":2},"minecraft:used":{"minecraft:wooden_axe":36,"lightmanscurrency:atm":4,"easy_npc:iron_golem_spawn_egg":1,"minecraft:light_gray_concrete":9,"minecraft:grass_block":26,"minecraft:wooden_pickaxe":11,"minecraft:farmland":1,"casinocraft:arcade_base_white":3,"minecraft:smooth_quartz_stairs":1,"lightmanscurrency:piggy_bank":1,"minecraft:dirt":1,"minecraft:white_carpet":29,"endofherobrine:herobrine_head":1,"minecraft:crafting_table":2,"minecraft:brick_slab":2,"casinocraft:arcade_slot_black":3,"minecraft:carrot":11,"minecraft:yellow_bed":1,"minecraft:oak_boat":1,"minecraft:white_concrete":2,"easy_npc:humanoid_spawn_egg":11},"minecraft:custom":{"minecraft:time_since_rest":2891,"minecraft:damage_taken":765,"minecraft:sprint_one_cm":86554,"minecraft:walk_one_cm":108770,"minecraft:mob_kills":3,"minecraft:damage_dealt":416,"minecraft:traded_with_villager":6,"minecraft:interact_with_crafting_table":2,"minecraft:fly_one_cm":181024,"minecraft:open_barrel":1,"minecraft:open_chest":6,"minecraft:crouch_one_cm":842,"minecraft:play_time":182489,"minecraft:deaths":2,"minecraft:sneak_time":788,"minecraft:walk_under_water_one_cm":6696,"minecraft:boat_one_cm":38719,"minecraft:jump":395,"minecraft:leave_game":4,"minecraft:walk_on_water_one_cm":2406,"minecraft:time_since_death":2867,"minecraft:sleep_in_bed":1,"minecraft:climb_one_cm":13691,"minecraft:total_world_time":182489,"minecraft:fall_one_cm":8493},"minecraft:crafted":{"minecraft:oak_planks":68,"minecraft:emerald":6,"minecraft:crafting_table":1,"minecraft:stick":4,"minecraft:wooden_pickaxe":1,"minecraft:wooden_axe":1},"minecraft:mined":{"minecraft:hay_block":6,"minecraft:seagrass":1,"minecraft:carrots":18,"minecraft:wheat":14,"minecraft:spruce_log":9,"minecraft:yellow_bed":1,"minecraft:crafting_table":2,"minecraft:vine":2,"minecraft:grass":2,"minecraft:grass_block":1,"minecraft:oak_log":17,"minecraft:dirt":1,"minecraft:stone":10,"minecraft:fern":1},"minecraft:killed":{"minecraft:sheep":1},"minecraft:picked_up":{"minecraft:wheat":14,"minecraft:stick":9,"minecraft:crafting_table":2,"minecraft:splash_potion":1,"minecraft:potion":2,"minecraft:oak_log":17,"minecraft:yellow_bed":1,"minecraft:carrot":64,"minecraft:spruce_log":9,"minecraft:dirt":2,"minecraft:item_frame":4,"minecraft:pumpkin_seeds":2,"butchersdelight:deadsheep":1,"minecraft:honey_bottle":1,"minecraft:oak_sign":3,"minecraft:wheat_seeds":48,"minecraft:writable_book":1,"minecraft:hay_block":4,"minecraft:oak_boat":1,"minecraft:birch_sign":1,"born_in_chaos_v1:rotten_fish":1,"minecraft:oak_sapling":5,"minecraft:sugar_cane":1,"minecraft:white_wool":1,"minecraft:cobblestone":10,"minecraft:egg":1}},"DataVersion":3120}