{"stats":{"minecraft:mined":{"minecraft:birch_log":34,"minecraft:grass":2,"minecraft:oak_log":127,"minecraft:oak_leaves":7},"minecraft:picked_up":{"minecraft:birch_log":34,"minecraft:stick":43,"minecraft:salmon":1,"butchersdelight:deadpig":1,"minecraft:oak_log":127,"minecraft:apple":6,"minecraft:orange_tulip":2,"minecraft:wheat_seeds":9,"minecraft:white_tulip":1,"minecraft:oak_sapling":42,"minecraft:mutton":2,"minecraft:birch_sapling":8,"minecraft:white_wool":1},"minecraft:used":{"minecraft:warden_spawn_egg":2,"minecraft:apple":1,"minecraft:iron_axe":195,"minecraft:grass_block":87,"minecraft:chest":7,"easy_npc:illusioner_spawn_egg":1,"minecraft:stone":2,"cgm:assault_rifle":48,"easy_npc:fairy_spawn_egg":2,"minecraft:cobblestone":3,"easy_npc:humanoid_slim_spawn_egg":1,"minecraft:iron_trapdoor":3,"twilightforest:yeti_helmet":1,"easy_npc:humanoid_spawn_egg":3,"cgm:heavy_rifle":3,"minecraft:cobweb":9},"minecraft:killed":{"minecraft:sheep":1},"minecraft:crafted":{"minecraft:oak_planks":4},"minecraft:custom":{"minecraft:time_since_rest":29986,"minecraft:sprint_one_cm":88240,"minecraft:damage_taken":100,"minecraft:walk_one_cm":59638,"minecraft:mob_kills":1,"minecraft:damage_dealt":200,"minecraft:swim_one_cm":6451,"minecraft:interact_with_cartography_table":1,"minecraft:fly_one_cm":422030,"minecraft:open_chest":9,"minecraft:crouch_one_cm":3156,"minecraft:play_time":64721,"minecraft:deaths":3,"minecraft:sneak_time":1035,"minecraft:walk_under_water_one_cm":31917,"minecraft:jump":319,"minecraft:leave_game":5,"minecraft:time_since_death":29962,"minecraft:walk_on_water_one_cm":3243,"minecraft:climb_one_cm":4100,"minecraft:total_world_time":64721,"minecraft:fall_one_cm":836}},"DataVersion":3120}