{"stats":{"minecraft:used":{"minecraft:apple":1,"minecraft:cobblestone":3,"minecraft:iron_axe":195,"twilightforest:yeti_helmet":1,"easy_npc:humanoid_spawn_egg":2},"minecraft:picked_up":{"minecraft:birch_log":34,"minecraft:stick":43,"minecraft:apple":6,"minecraft:wheat_seeds":1,"butchersdelight:deadpig":1,"minecraft:oak_log":127,"minecraft:oak_sapling":42,"minecraft:birch_sapling":8,"minecraft:mutton":2,"minecraft:white_wool":1},"minecraft:crafted":{"minecraft:oak_planks":4},"minecraft:custom":{"minecraft:open_chest":2,"minecraft:time_since_rest":11420,"minecraft:crouch_one_cm":209,"minecraft:damage_taken":100,"minecraft:play_time":25042,"minecraft:sprint_one_cm":41354,"minecraft:deaths":2,"minecraft:walk_one_cm":25305,"minecraft:sneak_time":130,"minecraft:mob_kills":1,"minecraft:jump":178,"minecraft:damage_dealt":180,"minecraft:leave_game":4,"minecraft:time_since_death":11388,"minecraft:climb_one_cm":1706,"minecraft:total_world_time":25042,"minecraft:interact_with_cartography_table":1,"minecraft:fall_one_cm":836,"minecraft:fly_one_cm":94505},"minecraft:killed":{"minecraft:sheep":1},"minecraft:mined":{"minecraft:grass":2,"minecraft:oak_log":127,"minecraft:birch_log":34,"minecraft:oak_leaves":7}},"DataVersion":3120}