{"stats":{"minecraft:crafted":{"minecraft:oak_planks":4},"minecraft:custom":{"minecraft:time_since_rest":59490,"minecraft:sprint_one_cm":130129,"minecraft:damage_taken":195,"minecraft:walk_one_cm":93967,"minecraft:mob_kills":4,"minecraft:damage_dealt":217,"minecraft:swim_one_cm":23826,"minecraft:interact_with_cartography_table":1,"minecraft:fly_one_cm":779646,"minecraft:open_chest":11,"minecraft:crouch_one_cm":3158,"minecraft:play_time":94225,"minecraft:deaths":3,"minecraft:sneak_time":1211,"minecraft:walk_under_water_one_cm":55612,"minecraft:damage_dealt_resisted":24,"minecraft:jump":423,"minecraft:leave_game":7,"minecraft:walk_on_water_one_cm":6022,"minecraft:time_since_death":59466,"minecraft:climb_one_cm":4100,"minecraft:total_world_time":94225,"minecraft:fall_one_cm":1045},"minecraft:mined":{"minecraft:birch_log":34,"minecraft:grass":2,"minecraft:oak_log":127,"minecraft:oak_leaves":7},"minecraft:killed":{"minecraft:sheep":1,"minecraft:horse":1,"twilightforest:ur_ghast":1,"born_in_chaos_v1:senor_pumpkin":1},"minecraft:picked_up":{"minecraft:birch_log":34,"minecraft:stick":43,"born_in_chaos_v1:shattered_skull":1,"minecraft:lilac":2,"born_in_chaos_v1:seedof_chaos":1,"minecraft:salmon":1,"minecraft:leather":1,"twilightforest:ur_ghast_trophy":1,"butchersdelight:deadpig":1,"minecraft:oak_log":127,"twilightforest:carminite":10,"minecraft:apple":6,"twilightforest:fiery_tears":6,"minecraft:orange_tulip":2,"minecraft:wheat_seeds":17,"minecraft:white_tulip":1,"minecraft:oak_sapling":42,"minecraft:birch_sapling":8,"minecraft:mutton":2,"minecraft:white_wool":1},"minecraft:used":{"minecraft:warden_spawn_egg":2,"twilightforest:ur_ghast_trophy":1,"born_in_chaos_v1:senor_pumpkin_spawn_egg":12,"minecraft:apple":1,"prefab:block_dark_lamp":2,"born_in_chaos_v1:bloody_gadfly_spawn_egg":1,"minecraft:grass_block":88,"minecraft:iron_axe":195,"twilightforest:ur_ghast_spawn_egg":2,"born_in_chaos_v1:swarmer_spawn_egg":5,"born_in_chaos_v1:nightmare_stalker_spawn_egg":7,"minecraft:chest":7,"easy_npc:illusioner_spawn_egg":1,"minecraft:stone":2,"born_in_chaos_v1:diamond_termite_spawn_egg":1,"prefab:item_ton_of_timber":15,"born_in_chaos_v1:dark_vortex_spawn_egg":1,"cgm:assault_rifle":78,"securitycraft:sentry":2,"minecraft:stone_bricks":9,"born_in_chaos_v1:bonescaller_spawn_egg":1,"easy_npc:fairy_spawn_egg":2,"born_in_chaos_v1:pumpkin_spirit_spawn_egg":1,"twilightforest:carminite_ghastling_spawn_egg":4,"minecraft:cobblestone":3,"easy_npc:humanoid_slim_spawn_egg":1,"minecraft:iron_trapdoor":3,"born_in_chaos_v1:supreme_bonescaller_spawn_egg":4,"twilightforest:yeti_helmet":1,"born_in_chaos_v1:lord_pumpkinhead_spawn_egg":3,"twilightforest:yeti_spawn_egg":1,"twilightforest:snow_queen_spawn_egg":2,"born_in_chaos_v1:restless_spirit_spawn_egg":1,"cgm:mini_gun":249,"easy_npc:humanoid_spawn_egg":3,"cgm:heavy_rifle":6,"minecraft:cobweb":9}},"DataVersion":3120}