{"stats":{"minecraft:crafted":{"minecraft:oak_planks":4},"minecraft:custom":{"minecraft:time_since_rest":47653,"minecraft:sprint_one_cm":112225,"minecraft:damage_taken":100,"minecraft:walk_one_cm":78315,"minecraft:mob_kills":2,"minecraft:damage_dealt":210,"minecraft:swim_one_cm":16267,"minecraft:interact_with_cartography_table":1,"minecraft:fly_one_cm":694148,"minecraft:open_chest":10,"minecraft:crouch_one_cm":3158,"minecraft:play_time":82388,"minecraft:deaths":3,"minecraft:sneak_time":1108,"minecraft:walk_under_water_one_cm":39237,"minecraft:damage_dealt_resisted":24,"minecraft:jump":377,"minecraft:leave_game":6,"minecraft:walk_on_water_one_cm":3914,"minecraft:time_since_death":47629,"minecraft:climb_one_cm":4100,"minecraft:total_world_time":82388,"minecraft:fall_one_cm":836},"minecraft:mined":{"minecraft:birch_log":34,"minecraft:grass":2,"minecraft:oak_log":127,"minecraft:oak_leaves":7},"minecraft:killed":{"minecraft:sheep":1,"minecraft:horse":1},"minecraft:picked_up":{"minecraft:birch_log":34,"minecraft:stick":43,"minecraft:lilac":2,"minecraft:salmon":1,"minecraft:leather":1,"butchersdelight:deadpig":1,"minecraft:oak_log":127,"minecraft:apple":6,"minecraft:orange_tulip":2,"minecraft:wheat_seeds":17,"minecraft:white_tulip":1,"minecraft:oak_sapling":42,"minecraft:birch_sapling":8,"minecraft:mutton":2,"minecraft:white_wool":1},"minecraft:used":{"minecraft:warden_spawn_egg":2,"minecraft:apple":1,"prefab:block_dark_lamp":2,"minecraft:grass_block":88,"minecraft:iron_axe":195,"minecraft:chest":7,"easy_npc:illusioner_spawn_egg":1,"minecraft:stone":2,"prefab:item_ton_of_timber":15,"cgm:assault_rifle":70,"easy_npc:fairy_spawn_egg":2,"minecraft:cobblestone":3,"easy_npc:humanoid_slim_spawn_egg":1,"minecraft:iron_trapdoor":3,"twilightforest:yeti_helmet":1,"born_in_chaos_v1:lord_pumpkinhead_spawn_egg":3,"easy_npc:humanoid_spawn_egg":3,"cgm:heavy_rifle":3,"minecraft:cobweb":9}},"DataVersion":3120}