{"stats":{"minecraft:custom":{"minecraft:open_barrel":1,"minecraft:time_since_rest":17629,"minecraft:open_chest":5,"minecraft:crouch_one_cm":581,"minecraft:play_time":41409,"minecraft:sprint_one_cm":14276,"minecraft:walk_one_cm":41855,"minecraft:sneak_time":440,"minecraft:walk_under_water_one_cm":59,"minecraft:jump":30,"minecraft:leave_game":2,"minecraft:time_since_death":41409,"minecraft:walk_on_water_one_cm":311,"minecraft:sleep_in_bed":1,"minecraft:total_world_time":41409,"minecraft:climb_one_cm":8485,"minecraft:fly_one_cm":40542},"minecraft:picked_up":{"minecraft:pumpkin_seeds":2,"minecraft:writable_book":1,"minecraft:sugar_cane":1},"minecraft:used":{"minecraft:smooth_quartz_stairs":1,"minecraft:white_carpet":29,"endofherobrine:herobrine_head":1,"minecraft:brick_slab":2,"minecraft:grass_block":26,"minecraft:white_concrete":2,"easy_npc:humanoid_spawn_egg":11,"minecraft:farmland":1}},"DataVersion":3120}