{"stats":{"minecraft:custom":{"minecraft:open_barrel":1,"minecraft:time_since_rest":92687,"minecraft:open_chest":5,"minecraft:crouch_one_cm":773,"minecraft:play_time":116467,"minecraft:sprint_one_cm":29030,"minecraft:walk_one_cm":57026,"minecraft:sneak_time":703,"minecraft:walk_under_water_one_cm":59,"minecraft:jump":67,"minecraft:leave_game":3,"minecraft:time_since_death":116467,"minecraft:walk_on_water_one_cm":311,"minecraft:sleep_in_bed":1,"minecraft:total_world_time":116467,"minecraft:climb_one_cm":9697,"minecraft:fly_one_cm":90940},"minecraft:picked_up":{"minecraft:item_frame":4,"minecraft:splash_potion":1,"minecraft:pumpkin_seeds":2,"minecraft:honey_bottle":1,"minecraft:oak_sign":1,"minecraft:wheat_seeds":10,"minecraft:writable_book":1,"minecraft:potion":2,"minecraft:birch_sign":1,"minecraft:sugar_cane":1,"minecraft:egg":1},"minecraft:used":{"casinocraft:arcade_base_white":3,"minecraft:smooth_quartz_stairs":1,"lightmanscurrency:atm":4,"lightmanscurrency:piggy_bank":1,"minecraft:white_carpet":29,"endofherobrine:herobrine_head":1,"minecraft:light_gray_concrete":9,"casinocraft:arcade_slot_black":3,"minecraft:brick_slab":2,"minecraft:grass_block":26,"minecraft:white_concrete":2,"easy_npc:humanoid_spawn_egg":11,"minecraft:farmland":1}},"DataVersion":3120}