{"stats":{"minecraft:dropped":{"realisticforging:hotrawironore":2,"prefab:item_house":1},"minecraft:used":{"minecraft:wheat_seeds":23,"minecraft:leather_leggings":1,"minecraft:stone_shovel":19,"minecraft:bread":14,"minecraft:stone_pickaxe":16,"minecraft:leather_helmet":1,"minecraft:leather_chestplate":1,"butchersdelight:hook":1,"minecraft:leather_boots":1,"minecraft:stone_axe":2,"prefab:item_swift_blade_stone":25,"minecraft:cobblestone":27,"minecraft:sweet_berries":21,"minecraft:carrot":3,"minecraft:potato":6,"minecraft:cobbled_deepslate":3},"minecraft:killed":{"minecraft:sheep":1,"minecraft:skeleton":1,"minecraft:zombie":2,"born_in_chaos_v1:corpse_fly":2,"born_in_chaos_v1:maggot":3},"minecraft:custom":{"minecraft:time_since_rest":2462,"minecraft:interact_with_furnace":7,"minecraft:sprint_one_cm":48969,"minecraft:damage_taken":1300,"minecraft:walk_one_cm":79379,"minecraft:mob_kills":9,"minecraft:drop":3,"minecraft:damage_dealt":1063,"minecraft:swim_one_cm":7191,"minecraft:interact_with_crafting_table":3,"minecraft:interact_with_campfire":4,"minecraft:fly_one_cm":38338,"minecraft:open_barrel":19,"minecraft:open_chest":17,"minecraft:crouch_one_cm":935,"minecraft:play_time":29937,"minecraft:deaths":2,"minecraft:sneak_time":310,"minecraft:walk_under_water_one_cm":350,"minecraft:jump":289,"minecraft:walk_on_water_one_cm":1144,"minecraft:time_since_death":18625,"minecraft:interact_with_smoker":1,"minecraft:sleep_in_bed":6,"minecraft:total_world_time":29937,"minecraft:climb_one_cm":20354,"minecraft:fall_one_cm":5823},"minecraft:mined":{"butchersdelight:deadsheepblock":2,"minecraft:grass":74,"minecraft:grass_block":16,"minecraft:deepslate_iron_ore":5,"minecraft:iron_bars":1,"minecraft:tall_grass":15,"minecraft:stone":5,"minecraft:deepslate":3},"minecraft:crafted":{"realisticforging:hotrawironore":2,"minecraft:air":0},"minecraft:killed_by":{"minecraft:skeleton":1},"minecraft:picked_up":{"born_in_chaos_v1:corpse_maggot":4,"minecraft:sweet_berries":19,"prefab:item_house":1,"realisticforging:hotrawironore":2,"minecraft:cooked_mutton":4,"minecraft:dirt":16,"minecraft:bone":1,"lightmanscurrency:coin_copper":11,"minecraft:arrow":1,"butchersdelight:deadsheep":3,"minecraft:rotten_flesh":2,"butchersdelight:cleaver":1,"minecraft:wheat_seeds":21,"minecraft:cobbled_deepslate":3,"realisticforging:raw_iron_ore":14,"butchersdelight:hook":1,"lightmanscurrency:coin_iron":5,"minecraft:iron_bars":1,"minecraft:mutton":4,"minecraft:white_wool":1,"minecraft:cobblestone":5}},"DataVersion":3120}