{"stats":{"minecraft:killed":{"minecraft:spider":1,"born_in_chaos_v1:maggot":3,"minecraft:sheep":2,"minecraft:skeleton":3,"minecraft:zombie":2,"born_in_chaos_v1:corpse_fly":2},"minecraft:dropped":{"realisticforging:hotrawironore":2,"minecraft:wheat_seeds":2,"minecraft:cooked_beef":5,"minecraft:mossy_cobblestone":1,"minecraft:birch_sapling":1,"prefab:item_house":1,"minecraft:cobblestone":2,"minecraft:rose_bush":1,"realisticforging:cleanedironore":11},"minecraft:used":{"minecraft:wheat_seeds":23,"minecraft:cooked_mutton":4,"minecraft:leather_leggings":1,"minecraft:stone_sword":22,"minecraft:stone_shovel":19,"minecraft:stone_pickaxe":29,"minecraft:leather_chestplate":1,"butchersdelight:hook":1,"minecraft:leather_boots":1,"minecraft:torch":4,"minecraft:carrot":3,"minecraft:bread":18,"minecraft:leather_helmet":1,"minecraft:stone_axe":38,"prefab:item_swift_blade_stone":31,"minecraft:cobblestone":29,"minecraft:sweet_berries":150,"minecraft:cooked_porkchop":2,"minecraft:cooked_beef":7,"minecraft:potato":8,"minecraft:cobbled_deepslate":3},"minecraft:custom":{"minecraft:interact_with_furnace":9,"minecraft:mob_kills":13,"minecraft:interact_with_crafting_table":8,"minecraft:open_barrel":149,"minecraft:interact_with_campfire":9,"minecraft:leave_game":1,"minecraft:time_since_death":59270,"minecraft:sleep_in_bed":6,"minecraft:climb_one_cm":34882,"minecraft:time_since_rest":62717,"minecraft:sprint_one_cm":176127,"minecraft:damage_taken":2791,"minecraft:walk_one_cm":221568,"minecraft:drop":16,"minecraft:damage_dealt":4852,"minecraft:swim_one_cm":27760,"minecraft:fly_one_cm":219133,"minecraft:open_chest":21,"minecraft:crouch_one_cm":1150,"minecraft:play_time":97943,"minecraft:deaths":3,"minecraft:sneak_time":481,"minecraft:walk_under_water_one_cm":8649,"minecraft:jump":1220,"minecraft:walk_on_water_one_cm":8601,"minecraft:total_world_time":97943,"minecraft:interact_with_smoker":13,"minecraft:fall_one_cm":31665},"minecraft:mined":{"minecraft:mossy_cobblestone":1,"minecraft:torch":2,"butchersdelight:deadsheepblock":2,"minecraft:grass_block":16,"minecraft:rose_bush":1,"minecraft:cobblestone":5,"minecraft:tall_grass":15,"minecraft:iron_ore":3,"minecraft:sweet_berry_bush":5,"minecraft:orange_tulip":1,"minecraft:grass":91,"minecraft:deepslate_iron_ore":7,"minecraft:oak_log":2,"minecraft:iron_bars":1,"minecraft:stone":5,"minecraft:deepslate":4},"minecraft:crafted":{"minecraft:cooked_beef":64,"minecraft:oak_planks":8,"minecraft:cooked_porkchop":56,"minecraft:stone_axe":1,"minecraft:air":0,"realisticforging:hotrawironore":2,"realisticforging:two_sticks":1,"minecraft:stick":8,"minecraft:stone_pickaxe":1,"minecraft:stone_sword":1,"realisticforging:rawlargewoodhandle":1},"minecraft:killed_by":{"born_in_chaos_v1:nightmare_stalker":1,"minecraft:skeleton":1},"minecraft:picked_up":{"born_in_chaos_v1:corpse_maggot":4,"minecraft:cooked_beef":8,"prefab:item_house":1,"butchersdelight:deadpig":14,"minecraft:oak_log":2,"minecraft:dirt":16,"minecraft:cooked_mutton":12,"minecraft:bone":30,"butchersdelight:dead_cow":15,"butchersdelight:cleaver":1,"minecraft:orange_tulip":2,"minecraft:wheat_seeds":25,"minecraft:cobbled_deepslate":4,"minecraft:beef":64,"minecraft:iron_ingot":11,"minecraft:rose_bush":2,"lightmanscurrency:coin_iron":5,"minecraft:birch_sapling":1,"minecraft:egg":1,"minecraft:sweet_berries":190,"minecraft:torch":2,"sophisticatedbackpacks:backpack":1,"butchersdelight:cow_hide":15,"butchersdelight:skullcow":21,"realisticforging:hotrawironore":2,"minecraft:porkchop":56,"minecraft:spider_eye":1,"minecraft:mossy_cobblestone":1,"lightmanscurrency:coin_copper":13,"minecraft:rotten_flesh":2,"butchersdelight:deadsheep":4,"minecraft:arrow":1,"realisticforging:raw_iron_ore":26,"butchersdelight:hook":1,"minecraft:mutton":5,"minecraft:iron_bars":1,"minecraft:white_wool":2,"minecraft:cobblestone":13}},"DataVersion":3120}