{"stats":{"minecraft:killed":{"born_in_chaos_v1:maggot":3,"minecraft:sheep":2,"minecraft:skeleton":3,"minecraft:zombie":2,"born_in_chaos_v1:corpse_fly":2},"minecraft:dropped":{"realisticforging:hotrawironore":2,"minecraft:wheat_seeds":2,"minecraft:cooked_beef":5,"minecraft:mossy_cobblestone":1,"minecraft:birch_sapling":1,"prefab:item_house":1,"minecraft:rose_bush":1,"realisticforging:cleanedironore":11},"minecraft:used":{"minecraft:wheat_seeds":23,"minecraft:cooked_mutton":1,"minecraft:leather_leggings":1,"minecraft:stone_sword":13,"minecraft:stone_shovel":19,"minecraft:stone_pickaxe":29,"minecraft:leather_chestplate":1,"butchersdelight:hook":1,"minecraft:leather_boots":1,"minecraft:torch":4,"minecraft:carrot":3,"minecraft:bread":18,"minecraft:leather_helmet":1,"minecraft:stone_axe":38,"prefab:item_swift_blade_stone":31,"minecraft:cobblestone":29,"minecraft:sweet_berries":58,"minecraft:cooked_beef":4,"minecraft:potato":6,"minecraft:cobbled_deepslate":3},"minecraft:custom":{"minecraft:interact_with_furnace":8,"minecraft:mob_kills":12,"minecraft:interact_with_crafting_table":8,"minecraft:open_barrel":76,"minecraft:interact_with_campfire":9,"minecraft:time_since_death":27264,"minecraft:sleep_in_bed":6,"minecraft:climb_one_cm":34464,"minecraft:time_since_rest":30711,"minecraft:sprint_one_cm":130301,"minecraft:damage_taken":2117,"minecraft:walk_one_cm":147323,"minecraft:drop":14,"minecraft:damage_dealt":4445,"minecraft:swim_one_cm":17403,"minecraft:fly_one_cm":151823,"minecraft:open_chest":21,"minecraft:crouch_one_cm":1150,"minecraft:play_time":65937,"minecraft:deaths":3,"minecraft:sneak_time":404,"minecraft:walk_under_water_one_cm":4354,"minecraft:jump":890,"minecraft:walk_on_water_one_cm":4606,"minecraft:total_world_time":65937,"minecraft:interact_with_smoker":6,"minecraft:fall_one_cm":24141},"minecraft:mined":{"minecraft:mossy_cobblestone":1,"minecraft:torch":2,"butchersdelight:deadsheepblock":2,"minecraft:grass_block":16,"minecraft:rose_bush":1,"minecraft:cobblestone":5,"minecraft:tall_grass":15,"minecraft:iron_ore":3,"minecraft:sweet_berry_bush":2,"minecraft:grass":79,"minecraft:deepslate_iron_ore":7,"minecraft:oak_log":2,"minecraft:iron_bars":1,"minecraft:stone":5,"minecraft:deepslate":4},"minecraft:crafted":{"minecraft:cooked_beef":4,"minecraft:oak_planks":8,"minecraft:stone_axe":1,"minecraft:air":0,"realisticforging:hotrawironore":2,"realisticforging:two_sticks":1,"minecraft:stick":8,"minecraft:stone_pickaxe":1,"minecraft:stone_sword":1,"realisticforging:rawlargewoodhandle":1},"minecraft:killed_by":{"born_in_chaos_v1:nightmare_stalker":1,"minecraft:skeleton":1},"minecraft:picked_up":{"born_in_chaos_v1:corpse_maggot":4,"minecraft:cooked_beef":8,"prefab:item_house":1,"butchersdelight:deadpig":13,"minecraft:oak_log":2,"minecraft:dirt":16,"minecraft:cooked_mutton":4,"minecraft:bone":3,"butchersdelight:dead_cow":15,"butchersdelight:cleaver":1,"minecraft:wheat_seeds":23,"minecraft:cobbled_deepslate":4,"minecraft:beef":4,"minecraft:iron_ingot":11,"minecraft:rose_bush":2,"lightmanscurrency:coin_iron":5,"minecraft:birch_sapling":1,"minecraft:sweet_berries":54,"minecraft:torch":2,"butchersdelight:skullcow":1,"realisticforging:hotrawironore":2,"minecraft:mossy_cobblestone":1,"lightmanscurrency:coin_copper":13,"minecraft:rotten_flesh":2,"butchersdelight:deadsheep":4,"minecraft:arrow":1,"realisticforging:raw_iron_ore":26,"butchersdelight:hook":1,"minecraft:mutton":5,"minecraft:iron_bars":1,"minecraft:white_wool":2,"minecraft:cobblestone":10}},"DataVersion":3120}