{"stats":{"minecraft:killed":{"minecraft:zombie":2,"born_in_chaos_v1:corpse_fly":2,"born_in_chaos_v1:maggot":3},"minecraft:dropped":{"realisticforging:hotrawironore":2,"prefab:item_house":1},"minecraft:used":{"minecraft:wheat_seeds":7,"minecraft:leather_leggings":1,"minecraft:bread":7,"minecraft:stone_pickaxe":15,"minecraft:leather_helmet":1,"minecraft:leather_chestplate":1,"minecraft:leather_boots":1,"prefab:item_swift_blade_stone":21,"minecraft:cobblestone":5,"minecraft:potato":6,"minecraft:cobbled_deepslate":3},"minecraft:custom":{"minecraft:time_since_rest":6648,"minecraft:interact_with_furnace":7,"minecraft:sprint_one_cm":22307,"minecraft:damage_taken":970,"minecraft:walk_one_cm":37697,"minecraft:mob_kills":7,"minecraft:drop":3,"minecraft:damage_dealt":783,"minecraft:swim_one_cm":7191,"minecraft:interact_with_crafting_table":3,"minecraft:fly_one_cm":19927,"minecraft:open_chest":17,"minecraft:crouch_one_cm":272,"minecraft:play_time":17937,"minecraft:deaths":2,"minecraft:sneak_time":132,"minecraft:walk_under_water_one_cm":350,"minecraft:jump":159,"minecraft:walk_on_water_one_cm":551,"minecraft:time_since_death":6625,"minecraft:sleep_in_bed":1,"minecraft:total_world_time":17937,"minecraft:climb_one_cm":16508,"minecraft:fall_one_cm":3838},"minecraft:mined":{"minecraft:grass":1,"minecraft:deepslate_iron_ore":5,"minecraft:stone":5,"minecraft:deepslate":3},"minecraft:crafted":{"realisticforging:hotrawironore":2,"minecraft:air":0},"minecraft:killed_by":{"minecraft:skeleton":1},"minecraft:picked_up":{"born_in_chaos_v1:corpse_maggot":4,"prefab:item_house":1,"realisticforging:hotrawironore":2,"lightmanscurrency:coin_copper":11,"minecraft:rotten_flesh":2,"minecraft:wheat_seeds":4,"minecraft:cobbled_deepslate":3,"realisticforging:raw_iron_ore":14,"lightmanscurrency:coin_iron":5,"minecraft:cobblestone":5}},"DataVersion":3120}