{"stats":{"minecraft:killed":{"born_in_chaos_v1:maggot":3,"minecraft:sheep":2,"minecraft:skeleton":3,"minecraft:zombie":2,"born_in_chaos_v1:corpse_fly":2},"minecraft:dropped":{"realisticforging:hotrawironore":2,"minecraft:cooked_beef":5,"prefab:item_house":1,"realisticforging:cleanedironore":11},"minecraft:used":{"minecraft:wheat_seeds":23,"minecraft:cooked_mutton":1,"minecraft:leather_leggings":1,"minecraft:stone_shovel":19,"minecraft:stone_pickaxe":20,"minecraft:leather_chestplate":1,"butchersdelight:hook":1,"minecraft:leather_boots":1,"minecraft:torch":4,"minecraft:carrot":3,"minecraft:bread":18,"minecraft:leather_helmet":1,"minecraft:stone_axe":16,"prefab:item_swift_blade_stone":31,"minecraft:cobblestone":29,"minecraft:sweet_berries":58,"minecraft:cooked_beef":1,"minecraft:potato":6,"minecraft:cobbled_deepslate":3},"minecraft:custom":{"minecraft:interact_with_furnace":8,"minecraft:mob_kills":12,"minecraft:interact_with_crafting_table":8,"minecraft:open_barrel":76,"minecraft:interact_with_campfire":9,"minecraft:time_since_death":15264,"minecraft:sleep_in_bed":6,"minecraft:climb_one_cm":34464,"minecraft:time_since_rest":18711,"minecraft:sprint_one_cm":84651,"minecraft:damage_taken":2077,"minecraft:walk_one_cm":130066,"minecraft:drop":9,"minecraft:damage_dealt":2307,"minecraft:swim_one_cm":7191,"minecraft:fly_one_cm":78218,"minecraft:open_chest":18,"minecraft:crouch_one_cm":1043,"minecraft:play_time":53937,"minecraft:deaths":3,"minecraft:sneak_time":356,"minecraft:walk_under_water_one_cm":615,"minecraft:jump":531,"minecraft:walk_on_water_one_cm":1995,"minecraft:total_world_time":53937,"minecraft:interact_with_smoker":6,"minecraft:fall_one_cm":13518},"minecraft:mined":{"minecraft:torch":2,"butchersdelight:deadsheepblock":2,"minecraft:grass_block":16,"minecraft:tall_grass":15,"minecraft:sweet_berry_bush":2,"minecraft:grass":77,"minecraft:deepslate_iron_ore":7,"minecraft:oak_log":2,"minecraft:iron_bars":1,"minecraft:stone":5,"minecraft:deepslate":4},"minecraft:crafted":{"minecraft:cooked_beef":4,"minecraft:oak_planks":8,"minecraft:stone_axe":1,"minecraft:air":0,"realisticforging:hotrawironore":2,"realisticforging:two_sticks":1,"minecraft:stick":8,"minecraft:stone_pickaxe":1,"minecraft:stone_sword":1,"realisticforging:rawlargewoodhandle":1},"minecraft:killed_by":{"born_in_chaos_v1:nightmare_stalker":1,"minecraft:skeleton":1},"minecraft:picked_up":{"born_in_chaos_v1:corpse_maggot":4,"minecraft:cooked_beef":8,"prefab:item_house":1,"butchersdelight:deadpig":3,"minecraft:oak_log":2,"minecraft:dirt":16,"minecraft:cooked_mutton":4,"minecraft:bone":3,"butchersdelight:dead_cow":3,"butchersdelight:cleaver":1,"minecraft:wheat_seeds":22,"minecraft:cobbled_deepslate":4,"minecraft:beef":4,"minecraft:iron_ingot":11,"lightmanscurrency:coin_iron":5,"minecraft:sweet_berries":54,"minecraft:torch":2,"butchersdelight:skullcow":1,"realisticforging:hotrawironore":2,"lightmanscurrency:coin_copper":13,"minecraft:rotten_flesh":2,"butchersdelight:deadsheep":4,"minecraft:arrow":1,"realisticforging:raw_iron_ore":19,"butchersdelight:hook":1,"minecraft:mutton":5,"minecraft:iron_bars":1,"minecraft:white_wool":2,"minecraft:cobblestone":5}},"DataVersion":3120}