{"stats":{"minecraft:broken":{"minecraft:iron_shovel":10,"minecraft:stone_axe":3,"minecraft:wooden_axe":3,"minecraft:iron_axe":4,"minecraft:iron_pickaxe":3},"minecraft:killed_by":{"born_in_chaos_v1:nightmare_stalker":3,"born_in_chaos_v1:corpse_fly":1,"born_in_chaos_v1:swarmer":1,"born_in_chaos_v1:decaying_zombie":1},"minecraft:picked_up":{"minecraft:iron_chestplate":1,"minecraft:black_carpet":2,"casinocraft:rulebook_7_0":1,"realisticforging:pickedhotironingot_4":1,"minecraft:white_tulip":1,"minecraft:azalea":32,"minecraft:iron_pickaxe":1,"minecraft:enchanted_golden_apple":2,"realisticforging:woodpestle":1,"minecraft:mangrove_log":2,"born_in_chaos_v1:soulbane":1,"minecraft:stick":235,"born_in_chaos_v1:shattered_skull":1,"born_in_chaos_v1:phantom_powder":3,"minecraft:torch":33,"minecraft:acacia_log":264,"realisticforging:finisheddiamondswordblade":2,"born_in_chaos_v1:nightmare_claw":1,"minecraft:cactus":75,"minecraft:rotten_flesh":54,"realisticforging:ironsheet":1,"born_in_chaos_v1:magical_holiday_candy":31,"born_in_chaos_v1:lord_pumpkinheads_lamp":1,"prefab:item_swift_blade_stone":1,"realisticforging:raw_iron_ore":92,"twilightforest:seeker_bow":1,"minecraft:snowball":118,"minecraft:cobblestone":947,"minecraft:leather_chestplate":1,"minecraft:jungle_log":342,"minecraft:potato":3,"butchersdelight:deadpig":12,"realisticforging:panwithmeltedcopper":1,"minecraft:dirt":2147,"minecraft:lantern":1,"born_in_chaos_v1:pumpkin_pistol":1,"born_in_chaos_v1:monster_skin":5,"minecraft:leather_boots":1,"minecraft:bone":43,"minecraft:bow":1,"minecraft:wheat_seeds":45,"realisticforging:pickaxemold":1,"minecraft:moss_block":261,"minecraft:stone_hoe":1,"minecraft:oak_planks":1,"minecraft:cooked_porkchop":10,"minecraft:sand":327,"minecraft:dark_oak_log":1,"minecraft:diamond":3,"realisticforging:hotswordguard":1,"minecraft:bread":20,"minecraft:rooted_dirt":2,"realisticforging:rawironswordblade":1,"minecraft:oak_sapling":160,"minecraft:dark_oak_fence":1,"born_in_chaos_v1:diamond_termite_shard":2,"minecraft:crafting_table":13,"minecraft:clay_ball":4,"minecraft:leather_leggings":1,"minecraft:brown_mushroom":3,"minecraft:packed_ice":42,"born_in_chaos_v1:intoxicating_decoction":1,"butchersdelight:dead_cow":6,"twilightforest:snow_queen_trophy":2,"minecraft:blackstone":1,"cgm:mini_gun":1,"minecraft:oak_boat":8,"minecraft:jungle_sapling":53,"minecraft:egg":9,"minecraft:stripped_crimson_hyphae":2,"minecraft:oak_door":1,"minecraft:copper_ingot":1,"born_in_chaos_v1:pieceofdarkmetal":1,"minecraft:carrot":3,"realisticforging:ironscrap":9,"realisticforging:diamond_sledge_hammerr":1,"minecraft:arrow":17,"butchersdelight:deadsheep":1,"minecraft:stone_shovel":1,"realisticforging:twoironingots":1,"minecraft:hay_block":28,"minecraft:black_banner":3,"minecraft:glow_berries":1,"minecraft:white_wool":1,"minecraft:oxeye_daisy":17,"born_in_chaos_v1:fused_bone":7,"born_in_chaos_v1:corpse_maggot":29,"born_in_chaos_v1:monster_flesh":9,"minecraft:acacia_wood":87,"minecraft:bedrock":1,"minecraft:oak_log":311,"minecraft:gunpowder":9,"realisticforging:unfinishedironhelmetpart":1,"butchersdelight:deadchiken":2,"minecraft:cooked_mutton":7,"minecraft:apple":79,"minecraft:stone_bricks":2,"minecraft:kelp":14,"minecraft:stone_pickaxe":1,"realisticforging:cleanedironore":11,"lightmanscurrency:coin_iron":34,"minecraft:acacia_sapling":99,"minecraft:iron_sword":1,"born_in_chaos_v1:ethereal_spirit":1,"minecraft:dandelion":32,"realisticforging:hotrawironore":2,"minecraft:spruce_log":1,"minecraft:leather_helmet":1,"lightmanscurrency:coin_copper":149,"butchersdelight:sheephide":1,"minecraft:slime_ball":2,"minecraft:stone_axe":1,"minecraft:gray_banner":2,"minecraft:iron_helmet":1,"minecraft:terracotta":2,"minecraft:coal":134,"minecraft:sunflower":63},"minecraft:used":{"minecraft:moss_block":2,"minecraft:iron_shovel":2838,"securitycraft:reinforced_spruce_slab":20,"minecraft:smooth_quartz_slab":18,"minecraft:oak_sign":15,"minecraft:chest":12,"minecraft:stone":109,"minecraft:iron_sword":46,"lightmanscurrency:vending_machine_large":1,"minecraft:rotten_flesh":7,"minecraft:iron_chestplate":1,"easy_npc:humanoid_spawn_egg":1,"prefab:block_quartz_crete_smooth_stairs":8,"minecraft:lantern":18,"minecraft:grass_block":373,"minecraft:copper_ore":2,"minecraft:iron_helmet":1,"minecraft:stone_brick_stairs":12,"minecraft:stone_bricks":18,"minecraft:bedrock":5,"minecraft:oak_sapling":15,"minecraft:furnace":2,"casinocraft:arcade_base_red":1,"minecraft:egg":181,"cgm:heavy_rifle":9,"minecraft:end_rod":7,"securitycraft:reinforced_spruce_planks":503,"minecraft:stone_pickaxe":62,"realisticforging:smithing_anvil":4,"minecraft:oak_planks":2,"minecraft:wooden_pickaxe":24,"minecraft:composter":2,"casinocraft:arcade_base_black":7,"minecraft:sand":2,"minecraft:blast_furnace":3,"prefab:block_quartz_crete_stairs":4,"lightmanscurrency:atm":7,"minecraft:black_concrete":112,"minecraft:bread":19,"minecraft:diamond_ore":1,"twilightforest:triple_bow":2,"easy_npc:piglin_zombified_spawn_egg":1,"minecraft:grindstone":2,"minecraft:smooth_stone_slab":20,"minecraft:oak_boat":9,"minecraft:white_concrete":1488,"cgm:mini_gun":1688,"minecraft:oak_trapdoor":4,"minecraft:acacia_log":1,"born_in_chaos_v1:ethereal_spirit":3,"minecraft:armor_stand":1,"casinocraft:cardtable_base_white":3,"minecraft:oak_door":1,"minecraft:orange_stained_glass":2,"minecraft:torch":246,"minecraft:dirt":873,"minecraft:hopper":2,"casinocraft:arcade_slot_black":6,"securitycraft:reinforced_black_wool":43,"minecraft:wooden_axe":294,"minecraft:dark_oak_planks":4,"minecraft:sea_lantern":2,"minecraft:light_gray_stained_glass":11,"minecraft:iron_axe":1184,"lightmanscurrency:vending_machine":5,"minecraft:barrel":2,"minecraft:white_stained_glass_pane":317,"minecraft:cooked_beef":5,"born_in_chaos_v1:lord_pumpkinheads_lamp":1,"prefab:block_quartz_crete_smooth":14,"minecraft:cooked_mutton":52,"minecraft:water_bucket":115,"minecraft:cauldron":1,"minecraft:stonecutter":1,"securitycraft:scanner_door_item":1,"minecraft:crafting_table":17,"minecraft:red_bed":3,"minecraft:white_bed":1,"minecraft:painting":5,"minecraft:mushroom_stem":2,"minecraft:dark_oak_door":4,"casinocraft:cardtable_wide_white":6,"minecraft:cyan_stained_glass":2,"minecraft:flower_pot":6,"minecraft:apple":9,"realisticforging:big_stone":1,"minecraft:iron_pickaxe":986,"securitycraft:reinforced_black_concrete":28,"minecraft:stone_axe":411,"minecraft:cobblestone":69,"minecraft:potion":1,"minecraft:stripped_crimson_hyphae":2,"minecraft:cobbled_deepslate_slab":2,"minecraft:glass_pane":6,"butchersdelight:rack":1},"minecraft:custom":{"minecraft:interact_with_crafting_table":43,"minecraft:open_barrel":18,"minecraft:leave_game":17,"minecraft:time_since_death":282095,"minecraft:sprint_one_cm":1109770,"minecraft:drop":71,"minecraft:talked_to_villager":2,"minecraft:play_time":918391,"minecraft:deaths":7,"minecraft:jump":4987,"minecraft:walk_on_water_one_cm":46976,"minecraft:interact_with_furnace":46,"minecraft:sleep_in_bed":13,"minecraft:damage_dealt":11137,"minecraft:crouch_one_cm":24432,"minecraft:mob_kills":87,"minecraft:inspect_hopper":1,"minecraft:fill_cauldron":1,"minecraft:damage_dealt_resisted":3774,"minecraft:climb_one_cm":23654,"minecraft:walk_one_cm":1351387,"minecraft:sneak_time":12687,"minecraft:walk_under_water_one_cm":36836,"minecraft:boat_one_cm":634142,"minecraft:interact_with_blast_furnace":8,"minecraft:total_world_time":918391,"minecraft:interact_with_stonecutter":12,"minecraft:time_since_rest":38726,"minecraft:damage_taken":5975,"minecraft:swim_one_cm":11056,"minecraft:fly_one_cm":3059843,"minecraft:open_chest":269,"minecraft:fall_one_cm":97566},"minecraft:dropped":{"minecraft:oak_log":3,"minecraft:baked_potato":27,"minecraft:diamond":4,"minecraft:cooked_porkchop":10,"realisticforging:raw_iron_ore":64,"realisticforging:pickedpanwithmeltedore":1,"minecraft:dirt":1,"realisticforging:rawironswordblade":1,"realisticforging:bigpan":1,"realisticforging:pan":1,"realisticforging:two_sticks":6,"realisticforging:smithing_hammer":2,"minecraft:iron_pickaxe":2,"realisticforging:iron_sledgehammer":1,"realisticforging:blacksmithstongs":2,"realisticforging:hotrawironore":1,"butchersdelight:cleaver":2,"born_in_chaos_v1:ethereal_spirit":1,"minecraft:enchanted_golden_apple":2,"minecraft:cooked_mutton":21,"realisticforging:woodpestle":2,"minecraft:mangrove_log":1,"born_in_chaos_v1:diamond_termite_shard":2,"butchersdelight:hook":2,"realisticforging:carvinghammer":1,"minecraft:iron_ingot":66,"minecraft:bread":64,"cgm:mini_gun":1,"minecraft:apple":64,"minecraft:copper_ingot":1,"realisticforging:diamond_sledge_hammerr":2,"minecraft:potion":1,"minecraft:iron_shovel":1,"realisticforging:unfinishedironhelmetpart":1,"realisticforging:big_stone":1,"realisticforging:pickedhotironingot_4":1,"realisticforging:chisel":1,"minecraft:oak_sign":2,"realisticforging:ironoredust":1,"realisticforging:twoironingots":1,"minecraft:spruce_log":1,"lightmanscurrency:coin_iron":7},"minecraft:crafted":{"minecraft:oak_planks":216,"realisticforging:chisel":1,"realisticforging:two_sticks":39,"minecraft:chest":4,"minecraft:cauldron":1,"minecraft:crafting_table":3,"minecraft:wooden_pickaxe":2,"realisticforging:hotrawironore":7,"minecraft:stick":104,"minecraft:iron_nugget":9,"realisticforging:emptymold":1,"realisticforging:hotironingot":4,"minecraft:stone_pickaxe":2,"minecraft:dark_oak_planks":4,"minecraft:wheat":153,"minecraft:stone_axe":4,"minecraft:air":0,"minecraft:bread":51,"minecraft:jungle_planks":128,"realisticforging:pickaxemold":3,"minecraft:oak_boat":2,"minecraft:wooden_axe":6,"minecraft:acacia_planks":160,"minecraft:torch":32},"minecraft:killed":{"born_in_chaos_v1:zombie_lumberjack":1,"born_in_chaos_v1:skeleton_demoman":1,"minecraft:spider":1,"born_in_chaos_v1:lord_the_headless":1,"born_in_chaos_v1:siamese_skeletonsright":2,"born_in_chaos_v1:baby_skeleton_minion":2,"twilightforest:snow_queen":1,"minecraft:skeleton":6,"minecraft:chicken":1,"born_in_chaos_v1:bonescaller":1,"born_in_chaos_v1:diamond_termite":1,"born_in_chaos_v1:senor_pumpkin":1,"minecraft:creeper":9,"minecraft:sheep":1,"minecraft:pillager":5,"minecraft:zombie":11,"born_in_chaos_v1:dread_hound":2,"born_in_chaos_v1:corpse_fly":21,"twilightforest:ur_ghast":1,"born_in_chaos_v1:door_knight":1,"born_in_chaos_v1:siamese_skeletonsleft":2,"born_in_chaos_v1:lords_felsteed":1,"born_in_chaos_v1:lord_pumpkinhead_head":1,"born_in_chaos_v1:maggot":2,"born_in_chaos_v1:baby_skeleton":1,"born_in_chaos_v1:swarmer":2,"born_in_chaos_v1:decrepit_skeleton":3,"born_in_chaos_v1:phantom_creeper_copy":2,"born_in_chaos_v1:bloody_gadfly":1,"born_in_chaos_v1:nightmare_stalker":1},"minecraft:mined":{"minecraft:jungle_leaves":12,"minecraft:acacia_log":417,"minecraft:stripped_crimson_hyphae":2,"minecraft:grass_block":1532,"minecraft:jungle_log":540,"minecraft:oxeye_daisy":6,"minecraft:spawner":1,"minecraft:iron_ore":31,"minecraft:cave_vines":1,"minecraft:azalea_leaves":1,"minecraft:azalea":1,"minecraft:brown_mushroom":1,"minecraft:blackstone":1,"minecraft:clay":1,"minecraft:cobblestone":48,"minecraft:oak_planks":1,"minecraft:wall_torch":1,"minecraft:wheat":1,"minecraft:grass":90,"minecraft:oak_log":312,"minecraft:sand":347,"minecraft:dirt":603,"minecraft:oak_leaves":52,"minecraft:dark_oak_log":1,"minecraft:dark_oak_fence":1,"minecraft:moss_block":265,"minecraft:rooted_dirt":2,"minecraft:hay_block":28,"minecraft:acacia_wood":121,"minecraft:vine":3,"minecraft:white_tulip":1,"minecraft:stone":888,"minecraft:dandelion":4,"minecraft:crafting_table":13,"minecraft:tall_grass":5,"minecraft:coal_ore":93,"minecraft:sunflower":51,"minecraft:terracotta":2,"minecraft:stone_bricks":2}},"DataVersion":3120}