{"stats":{"minecraft:used":{"prefab:block_quartz_crete_smooth":14,"minecraft:oak_trapdoor":4,"minecraft:end_rod":7,"minecraft:sea_lantern":1,"minecraft:grass_block":1,"minecraft:stone":4,"casinocraft:cardtable_base_white":3,"easy_npc:piglin_zombified_spawn_egg":1,"minecraft:bedrock":3,"casinocraft:arcade_base_black":7,"minecraft:dirt":39,"minecraft:cobbled_deepslate_slab":2,"casinocraft:arcade_slot_black":6,"minecraft:glass_pane":6,"cgm:mini_gun":83,"prefab:block_quartz_crete_smooth_stairs":1,"casinocraft:cardtable_wide_white":6},"minecraft:custom":{"minecraft:time_since_rest":73713,"minecraft:interact_with_furnace":1,"minecraft:sprint_one_cm":104294,"minecraft:damage_taken":240,"minecraft:walk_one_cm":60986,"minecraft:fly_one_cm":407747,"minecraft:open_chest":14,"minecraft:crouch_one_cm":329,"minecraft:play_time":74316,"minecraft:deaths":1,"minecraft:sneak_time":630,"minecraft:walk_under_water_one_cm":9030,"minecraft:jump":144,"minecraft:leave_game":6,"minecraft:walk_on_water_one_cm":3308,"minecraft:time_since_death":73023,"minecraft:climb_one_cm":1970,"minecraft:total_world_time":74316},"minecraft:killed_by":{"born_in_chaos_v1:swarmer":1},"minecraft:picked_up":{"minecraft:black_carpet":2,"minecraft:leather_chestplate":1,"minecraft:leather_leggings":1,"minecraft:torch":20,"minecraft:dandelion":3,"minecraft:potato":3,"minecraft:carrot":3,"minecraft:dirt":64,"minecraft:leather_helmet":1,"minecraft:lantern":1,"butchersdelight:deadchiken":1,"minecraft:leather_boots":1,"minecraft:stone_shovel":1,"minecraft:stone_axe":1,"minecraft:wheat_seeds":15,"minecraft:gray_banner":2,"prefab:item_swift_blade_stone":1,"minecraft:stone_pickaxe":1,"minecraft:bread":20,"minecraft:black_banner":3,"minecraft:oak_sapling":3,"minecraft:stone_hoe":1,"minecraft:coal":20,"minecraft:cobblestone":64}},"DataVersion":3120}