{"stats":{"minecraft:mined":{"minecraft:jungle_leaves":11,"minecraft:acacia_log":417,"minecraft:grass_block":568,"minecraft:jungle_log":530,"minecraft:moss_block":123,"minecraft:oxeye_daisy":2,"minecraft:hay_block":28,"minecraft:acacia_wood":121,"minecraft:vine":3,"minecraft:azalea_leaves":1,"minecraft:stone":219,"minecraft:white_tulip":1,"minecraft:brown_mushroom":1,"minecraft:dandelion":1,"minecraft:crafting_table":11,"minecraft:tall_grass":5,"minecraft:wall_torch":1,"minecraft:wheat":1,"minecraft:grass":46,"minecraft:oak_log":278,"minecraft:coal_ore":22,"minecraft:sand":115,"minecraft:sunflower":19,"minecraft:dirt":197,"minecraft:terracotta":2,"minecraft:oak_leaves":35},"minecraft:crafted":{"minecraft:oak_planks":104,"minecraft:iron_nugget":9,"realisticforging:chisel":1,"realisticforging:emptymold":1,"realisticforging:hotironingot":4,"minecraft:stone_pickaxe":2,"minecraft:chest":4,"minecraft:wheat":153,"minecraft:cauldron":1,"minecraft:crafting_table":2,"minecraft:wooden_pickaxe":2,"minecraft:stone_axe":4,"minecraft:jungle_planks":128,"minecraft:bread":51,"minecraft:air":0,"realisticforging:pickaxemold":3,"minecraft:oak_boat":1,"realisticforging:hotrawironore":7,"minecraft:stick":8,"minecraft:wooden_axe":5,"minecraft:acacia_planks":160},"minecraft:custom":{"minecraft:mob_kills":20,"minecraft:interact_with_crafting_table":40,"minecraft:open_barrel":3,"minecraft:fill_cauldron":1,"minecraft:damage_dealt_resisted":2405,"minecraft:leave_game":11,"minecraft:time_since_death":7605,"minecraft:climb_one_cm":13785,"minecraft:sprint_one_cm":678489,"minecraft:walk_one_cm":633425,"minecraft:drop":48,"minecraft:talked_to_villager":2,"minecraft:play_time":584574,"minecraft:deaths":6,"minecraft:sneak_time":4032,"minecraft:walk_under_water_one_cm":30931,"minecraft:boat_one_cm":285843,"minecraft:jump":3079,"minecraft:interact_with_blast_furnace":8,"minecraft:walk_on_water_one_cm":31588,"minecraft:total_world_time":584574,"minecraft:interact_with_furnace":40,"minecraft:interact_with_stonecutter":12,"minecraft:sleep_in_bed":3,"minecraft:time_since_rest":6194,"minecraft:damage_taken":3630,"minecraft:damage_dealt":4209,"minecraft:swim_one_cm":8879,"minecraft:fly_one_cm":2051214,"minecraft:open_chest":147,"minecraft:crouch_one_cm":3068,"minecraft:fall_one_cm":81294},"minecraft:dropped":{"minecraft:iron_ingot":66,"minecraft:diamond":4,"realisticforging:raw_iron_ore":64,"realisticforging:pickedpanwithmeltedore":1,"minecraft:copper_ingot":1,"realisticforging:bigpan":1,"realisticforging:rawironswordblade":1,"realisticforging:pan":1,"realisticforging:diamond_sledge_hammerr":2,"realisticforging:smithing_hammer":2,"minecraft:potion":1,"minecraft:iron_pickaxe":1,"realisticforging:iron_sledgehammer":1,"realisticforging:blacksmithstongs":2,"realisticforging:hotrawironore":1,"butchersdelight:cleaver":2,"minecraft:enchanted_golden_apple":2,"realisticforging:unfinishedironhelmetpart":1,"realisticforging:big_stone":1,"minecraft:cooked_mutton":21,"realisticforging:pickedhotironingot_4":1,"realisticforging:chisel":1,"realisticforging:woodpestle":2,"realisticforging:ironoredust":1,"born_in_chaos_v1:diamond_termite_shard":2,"realisticforging:twoironingots":1,"lightmanscurrency:coin_iron":2,"butchersdelight:hook":2,"realisticforging:carvinghammer":1},"minecraft:broken":{"minecraft:iron_shovel":4,"minecraft:iron_axe":3,"minecraft:stone_axe":3,"minecraft:wooden_axe":3},"minecraft:picked_up":{"born_in_chaos_v1:diamond_termite_shard":2,"minecraft:crafting_table":11,"minecraft:black_carpet":2,"minecraft:leather_leggings":1,"minecraft:brown_mushroom":3,"minecraft:packed_ice":42,"realisticforging:pickedhotironingot_4":1,"casinocraft:rulebook_7_0":1,"born_in_chaos_v1:intoxicating_decoction":1,"twilightforest:snow_queen_trophy":2,"butchersdelight:dead_cow":6,"minecraft:white_tulip":1,"minecraft:oak_boat":6,"minecraft:azalea":31,"minecraft:jungle_sapling":53,"minecraft:enchanted_golden_apple":2,"realisticforging:woodpestle":1,"born_in_chaos_v1:soulbane":1,"minecraft:egg":6,"minecraft:stick":226,"minecraft:copper_ingot":1,"minecraft:torch":21,"minecraft:acacia_log":263,"realisticforging:finisheddiamondswordblade":2,"minecraft:carrot":3,"realisticforging:ironscrap":9,"minecraft:arrow":8,"minecraft:cactus":33,"born_in_chaos_v1:lord_pumpkinheads_lamp":1,"minecraft:rotten_flesh":24,"realisticforging:diamond_sledge_hammerr":1,"butchersdelight:deadsheep":1,"minecraft:stone_shovel":1,"realisticforging:twoironingots":1,"born_in_chaos_v1:magical_holiday_candy":31,"realisticforging:ironsheet":1,"minecraft:hay_block":28,"prefab:item_swift_blade_stone":1,"realisticforging:raw_iron_ore":15,"twilightforest:seeker_bow":1,"minecraft:black_banner":3,"minecraft:glow_berries":1,"minecraft:cobblestone":281,"minecraft:snowball":118,"minecraft:white_wool":1,"minecraft:oxeye_daisy":8,"born_in_chaos_v1:fused_bone":1,"born_in_chaos_v1:corpse_maggot":6,"minecraft:leather_chestplate":1,"born_in_chaos_v1:monster_flesh":6,"minecraft:jungle_log":339,"minecraft:acacia_wood":87,"minecraft:potato":3,"butchersdelight:deadpig":12,"minecraft:bedrock":1,"minecraft:oak_log":251,"realisticforging:panwithmeltedcopper":1,"realisticforging:unfinishedironhelmetpart":1,"minecraft:dirt":710,"minecraft:lantern":1,"born_in_chaos_v1:pumpkin_pistol":1,"born_in_chaos_v1:monster_skin":4,"butchersdelight:deadchiken":2,"minecraft:leather_boots":1,"minecraft:bone":13,"minecraft:apple":14,"minecraft:wheat_seeds":28,"minecraft:stone_pickaxe":1,"realisticforging:pickaxemold":1,"realisticforging:cleanedironore":11,"minecraft:moss_block":121,"lightmanscurrency:coin_iron":5,"minecraft:acacia_sapling":99,"minecraft:stone_hoe":1,"minecraft:dandelion":11,"realisticforging:hotrawironore":1,"minecraft:sand":115,"minecraft:leather_helmet":1,"lightmanscurrency:coin_copper":21,"butchersdelight:sheephide":1,"minecraft:diamond":3,"minecraft:stone_axe":1,"minecraft:gray_banner":2,"realisticforging:hotswordguard":1,"minecraft:bread":20,"minecraft:terracotta":2,"minecraft:oak_sapling":142,"realisticforging:rawironswordblade":1,"minecraft:coal":63,"minecraft:sunflower":18},"minecraft:killed_by":{"born_in_chaos_v1:nightmare_stalker":2,"born_in_chaos_v1:swarmer":1,"born_in_chaos_v1:corpse_fly":1,"born_in_chaos_v1:decaying_zombie":1},"minecraft:killed":{"born_in_chaos_v1:lords_felsteed":1,"born_in_chaos_v1:lord_pumpkinhead_head":1,"born_in_chaos_v1:lord_the_headless":1,"twilightforest:snow_queen":1,"minecraft:skeleton":2,"born_in_chaos_v1:diamond_termite":1,"born_in_chaos_v1:senor_pumpkin":1,"born_in_chaos_v1:decrepit_skeleton":1,"minecraft:sheep":1,"minecraft:zombie":1,"born_in_chaos_v1:dread_hound":2,"born_in_chaos_v1:corpse_fly":4,"twilightforest:ur_ghast":1},"minecraft:used":{"minecraft:moss_block":2,"minecraft:oak_trapdoor":4,"minecraft:iron_shovel":1042,"born_in_chaos_v1:ethereal_spirit":3,"minecraft:chest":12,"minecraft:stone":13,"casinocraft:cardtable_base_white":3,"lightmanscurrency:vending_machine_large":1,"minecraft:rotten_flesh":7,"minecraft:dirt":40,"minecraft:hopper":2,"casinocraft:arcade_slot_black":6,"easy_npc:humanoid_spawn_egg":1,"prefab:block_quartz_crete_smooth_stairs":1,"minecraft:wooden_axe":247,"minecraft:sea_lantern":2,"minecraft:iron_axe":1010,"minecraft:grass_block":1,"lightmanscurrency:vending_machine":5,"minecraft:copper_ore":2,"minecraft:stone_brick_stairs":12,"minecraft:stone_bricks":17,"minecraft:bedrock":3,"minecraft:oak_sapling":10,"minecraft:egg":1,"casinocraft:arcade_base_red":1,"minecraft:cooked_beef":2,"cgm:heavy_rifle":3,"born_in_chaos_v1:lord_pumpkinheads_lamp":1,"prefab:block_quartz_crete_smooth":14,"minecraft:cooked_mutton":29,"minecraft:water_bucket":1,"minecraft:end_rod":7,"minecraft:stone_pickaxe":62,"minecraft:oak_planks":2,"realisticforging:smithing_anvil":4,"minecraft:wooden_pickaxe":24,"minecraft:cauldron":1,"minecraft:stonecutter":1,"securitycraft:scanner_door_item":1,"casinocraft:arcade_base_black":7,"minecraft:crafting_table":13,"minecraft:blast_furnace":3,"minecraft:white_bed":1,"minecraft:mushroom_stem":2,"minecraft:cyan_stained_glass":2,"casinocraft:cardtable_wide_white":6,"lightmanscurrency:atm":7,"minecraft:apple":9,"realisticforging:big_stone":1,"minecraft:bread":7,"minecraft:iron_pickaxe":158,"minecraft:diamond_ore":1,"twilightforest:triple_bow":2,"easy_npc:piglin_zombified_spawn_egg":1,"minecraft:stone_axe":411,"minecraft:potion":1,"minecraft:cobblestone":13,"minecraft:cobbled_deepslate_slab":2,"minecraft:grindstone":2,"minecraft:glass_pane":6,"minecraft:smooth_stone_slab":18,"minecraft:oak_boat":7,"cgm:mini_gun":1050,"butchersdelight:rack":1}},"DataVersion":3120}