{"stats":{"minecraft:dropped":{"minecraft:enchanted_golden_apple":2,"lightmanscurrency:coin_iron":2},"minecraft:killed":{"born_in_chaos_v1:lords_felsteed":1,"born_in_chaos_v1:lord_pumpkinhead_head":1,"born_in_chaos_v1:senor_pumpkin":1,"born_in_chaos_v1:lord_the_headless":1,"twilightforest:snow_queen":1,"minecraft:zombie":1,"twilightforest:ur_ghast":1},"minecraft:used":{"prefab:block_quartz_crete_smooth":14,"minecraft:oak_trapdoor":4,"minecraft:end_rod":7,"born_in_chaos_v1:ethereal_spirit":3,"minecraft:stone":4,"casinocraft:cardtable_base_white":3,"lightmanscurrency:vending_machine_large":1,"casinocraft:arcade_base_black":7,"minecraft:dirt":39,"minecraft:crafting_table":2,"casinocraft:arcade_slot_black":6,"casinocraft:cardtable_wide_white":6,"prefab:block_quartz_crete_smooth_stairs":1,"minecraft:cyan_stained_glass":2,"minecraft:wooden_axe":58,"lightmanscurrency:atm":7,"minecraft:sea_lantern":2,"minecraft:grass_block":1,"lightmanscurrency:vending_machine":5,"twilightforest:triple_bow":2,"easy_npc:piglin_zombified_spawn_egg":1,"minecraft:stone_bricks":1,"minecraft:bedrock":3,"minecraft:cobbled_deepslate_slab":2,"minecraft:glass_pane":6,"minecraft:smooth_stone_slab":1,"casinocraft:arcade_base_red":1,"minecraft:cooked_beef":2,"cgm:mini_gun":1050,"cgm:heavy_rifle":3,"born_in_chaos_v1:lord_pumpkinheads_lamp":1},"minecraft:custom":{"minecraft:interact_with_furnace":2,"minecraft:mob_kills":6,"minecraft:interact_with_crafting_table":2,"minecraft:damage_dealt_resisted":2405,"minecraft:leave_game":9,"minecraft:time_since_death":31819,"minecraft:climb_one_cm":13411,"minecraft:time_since_rest":34556,"minecraft:sprint_one_cm":225732,"minecraft:damage_taken":555,"minecraft:walk_one_cm":144318,"minecraft:drop":3,"minecraft:damage_dealt":172,"minecraft:swim_one_cm":7154,"minecraft:fly_one_cm":1056544,"minecraft:open_chest":24,"minecraft:crouch_one_cm":469,"minecraft:play_time":257009,"minecraft:deaths":3,"minecraft:sneak_time":1518,"minecraft:walk_under_water_one_cm":26111,"minecraft:jump":542,"minecraft:walk_on_water_one_cm":24508,"minecraft:total_world_time":257009,"minecraft:fall_one_cm":7930},"minecraft:mined":{"minecraft:jungle_leaves":1,"minecraft:crafting_table":2,"minecraft:grass":3,"minecraft:oak_log":57},"minecraft:crafted":{"minecraft:oak_planks":12,"minecraft:crafting_table":1,"minecraft:stick":4,"minecraft:wooden_axe":1},"minecraft:picked_up":{"minecraft:crafting_table":2,"minecraft:leather_chestplate":1,"minecraft:black_carpet":2,"minecraft:leather_leggings":1,"minecraft:packed_ice":42,"minecraft:potato":3,"minecraft:bedrock":1,"minecraft:oak_log":52,"casinocraft:rulebook_7_0":1,"minecraft:dirt":64,"minecraft:lantern":1,"born_in_chaos_v1:pumpkin_pistol":1,"butchersdelight:deadchiken":1,"minecraft:leather_boots":1,"minecraft:bone":1,"butchersdelight:dead_cow":1,"twilightforest:snow_queen_trophy":2,"minecraft:apple":2,"minecraft:wheat_seeds":15,"minecraft:stone_pickaxe":1,"minecraft:enchanted_golden_apple":2,"lightmanscurrency:coin_iron":3,"minecraft:stone_hoe":1,"born_in_chaos_v1:soulbane":1,"minecraft:stick":16,"minecraft:torch":20,"minecraft:dandelion":3,"minecraft:carrot":3,"minecraft:leather_helmet":1,"lightmanscurrency:coin_copper":6,"born_in_chaos_v1:lord_pumpkinheads_lamp":1,"minecraft:stone_shovel":1,"born_in_chaos_v1:magical_holiday_candy":31,"minecraft:diamond":1,"minecraft:stone_axe":1,"minecraft:gray_banner":2,"prefab:item_swift_blade_stone":1,"twilightforest:seeker_bow":1,"minecraft:black_banner":3,"minecraft:bread":20,"minecraft:oak_sapling":32,"minecraft:coal":20,"minecraft:snowball":118,"minecraft:cobblestone":64},"minecraft:killed_by":{"born_in_chaos_v1:decaying_zombie":1,"born_in_chaos_v1:swarmer":1}},"DataVersion":3120}