{"stats":{"minecraft:broken":{"minecraft:iron_shovel":10,"minecraft:iron_axe":4,"minecraft:stone_axe":3,"minecraft:iron_pickaxe":3,"minecraft:wooden_axe":3},"minecraft:killed_by":{"born_in_chaos_v1:nightmare_stalker":3,"born_in_chaos_v1:swarmer":1,"born_in_chaos_v1:corpse_fly":1,"born_in_chaos_v1:decaying_zombie":1},"minecraft:picked_up":{"minecraft:crafting_table":11,"born_in_chaos_v1:diamond_termite_shard":2,"minecraft:black_carpet":2,"minecraft:leather_leggings":1,"minecraft:brown_mushroom":3,"minecraft:packed_ice":42,"realisticforging:pickedhotironingot_4":1,"casinocraft:rulebook_7_0":1,"born_in_chaos_v1:intoxicating_decoction":1,"twilightforest:snow_queen_trophy":2,"butchersdelight:dead_cow":6,"minecraft:white_tulip":1,"minecraft:oak_boat":6,"minecraft:jungle_sapling":53,"minecraft:azalea":31,"minecraft:enchanted_golden_apple":2,"realisticforging:woodpestle":1,"minecraft:mangrove_log":1,"born_in_chaos_v1:soulbane":1,"minecraft:egg":9,"minecraft:stick":229,"born_in_chaos_v1:shattered_skull":1,"minecraft:copper_ingot":1,"born_in_chaos_v1:phantom_powder":3,"minecraft:torch":22,"minecraft:acacia_log":264,"realisticforging:finisheddiamondswordblade":2,"born_in_chaos_v1:nightmare_claw":1,"born_in_chaos_v1:pieceofdarkmetal":1,"minecraft:carrot":3,"realisticforging:ironscrap":9,"minecraft:stone_shovel":1,"minecraft:arrow":14,"realisticforging:diamond_sledge_hammerr":1,"minecraft:cactus":75,"butchersdelight:deadsheep":1,"minecraft:rotten_flesh":50,"born_in_chaos_v1:lord_pumpkinheads_lamp":1,"born_in_chaos_v1:magical_holiday_candy":31,"realisticforging:twoironingots":1,"realisticforging:ironsheet":1,"minecraft:hay_block":28,"prefab:item_swift_blade_stone":1,"realisticforging:raw_iron_ore":17,"twilightforest:seeker_bow":1,"minecraft:black_banner":3,"minecraft:glow_berries":1,"minecraft:snowball":118,"minecraft:white_wool":1,"minecraft:cobblestone":926,"minecraft:oxeye_daisy":17,"born_in_chaos_v1:fused_bone":7,"born_in_chaos_v1:corpse_maggot":18,"minecraft:leather_chestplate":1,"born_in_chaos_v1:monster_flesh":9,"minecraft:jungle_log":342,"minecraft:acacia_wood":87,"minecraft:potato":3,"minecraft:bedrock":1,"butchersdelight:deadpig":12,"minecraft:oak_log":277,"realisticforging:panwithmeltedcopper":1,"minecraft:gunpowder":2,"realisticforging:unfinishedironhelmetpart":1,"minecraft:dirt":2147,"minecraft:lantern":1,"born_in_chaos_v1:pumpkin_pistol":1,"born_in_chaos_v1:monster_skin":5,"butchersdelight:deadchiken":2,"minecraft:leather_boots":1,"minecraft:bone":33,"minecraft:apple":14,"minecraft:stone_bricks":2,"minecraft:wheat_seeds":45,"minecraft:stone_pickaxe":1,"realisticforging:pickaxemold":1,"realisticforging:cleanedironore":11,"minecraft:moss_block":261,"lightmanscurrency:coin_iron":10,"minecraft:stone_hoe":1,"minecraft:acacia_sapling":99,"born_in_chaos_v1:ethereal_spirit":1,"minecraft:dandelion":26,"realisticforging:hotrawironore":1,"minecraft:sand":327,"minecraft:spruce_log":1,"minecraft:leather_helmet":1,"lightmanscurrency:coin_copper":74,"butchersdelight:sheephide":1,"minecraft:diamond":3,"minecraft:stone_axe":1,"minecraft:gray_banner":2,"realisticforging:hotswordguard":1,"minecraft:bread":20,"minecraft:terracotta":2,"minecraft:rooted_dirt":2,"minecraft:oak_sapling":143,"realisticforging:rawironswordblade":1,"minecraft:dark_oak_fence":1,"minecraft:coal":67,"minecraft:sunflower":62},"minecraft:used":{"minecraft:oak_trapdoor":4,"minecraft:moss_block":2,"minecraft:acacia_log":1,"minecraft:iron_shovel":2838,"born_in_chaos_v1:ethereal_spirit":3,"minecraft:oak_sign":2,"minecraft:chest":12,"minecraft:stone":13,"casinocraft:cardtable_base_white":3,"lightmanscurrency:vending_machine_large":1,"minecraft:rotten_flesh":7,"minecraft:orange_stained_glass":2,"minecraft:torch":206,"minecraft:dirt":872,"minecraft:hopper":2,"casinocraft:arcade_slot_black":6,"easy_npc:humanoid_spawn_egg":1,"prefab:block_quartz_crete_smooth_stairs":1,"minecraft:wooden_axe":247,"minecraft:sea_lantern":2,"minecraft:iron_axe":1184,"minecraft:grass_block":134,"lightmanscurrency:vending_machine":5,"minecraft:copper_ore":2,"minecraft:stone_brick_stairs":12,"minecraft:stone_bricks":17,"minecraft:bedrock":5,"minecraft:oak_sapling":10,"minecraft:egg":1,"casinocraft:arcade_base_red":1,"minecraft:cooked_beef":2,"cgm:heavy_rifle":9,"born_in_chaos_v1:lord_pumpkinheads_lamp":1,"prefab:block_quartz_crete_smooth":14,"minecraft:cooked_mutton":52,"minecraft:water_bucket":1,"minecraft:end_rod":7,"minecraft:stone_pickaxe":62,"minecraft:oak_planks":2,"realisticforging:smithing_anvil":4,"minecraft:wooden_pickaxe":24,"minecraft:cauldron":1,"minecraft:stonecutter":1,"securitycraft:scanner_door_item":1,"casinocraft:arcade_base_black":7,"minecraft:sand":2,"minecraft:blast_furnace":3,"minecraft:crafting_table":13,"minecraft:red_bed":1,"minecraft:white_bed":1,"minecraft:mushroom_stem":2,"minecraft:cyan_stained_glass":2,"casinocraft:cardtable_wide_white":6,"lightmanscurrency:atm":7,"minecraft:apple":9,"realisticforging:big_stone":1,"minecraft:bread":7,"minecraft:iron_pickaxe":863,"minecraft:diamond_ore":1,"twilightforest:triple_bow":2,"minecraft:stone_axe":411,"easy_npc:piglin_zombified_spawn_egg":1,"minecraft:cobbled_deepslate_slab":2,"minecraft:potion":1,"minecraft:cobblestone":60,"minecraft:grindstone":2,"minecraft:glass_pane":6,"minecraft:smooth_stone_slab":18,"minecraft:oak_boat":7,"cgm:mini_gun":1122,"butchersdelight:rack":1},"minecraft:custom":{"minecraft:mob_kills":52,"minecraft:inspect_hopper":1,"minecraft:interact_with_crafting_table":40,"minecraft:open_barrel":4,"minecraft:fill_cauldron":1,"minecraft:damage_dealt_resisted":3394,"minecraft:leave_game":17,"minecraft:time_since_death":108100,"minecraft:climb_one_cm":14300,"minecraft:sprint_one_cm":938238,"minecraft:walk_one_cm":974992,"minecraft:drop":62,"minecraft:talked_to_villager":2,"minecraft:play_time":744396,"minecraft:sneak_time":11398,"minecraft:deaths":7,"minecraft:walk_under_water_one_cm":31200,"minecraft:boat_one_cm":285843,"minecraft:jump":4288,"minecraft:interact_with_blast_furnace":8,"minecraft:walk_on_water_one_cm":32792,"minecraft:total_world_time":744396,"minecraft:interact_with_furnace":44,"minecraft:interact_with_stonecutter":12,"minecraft:sleep_in_bed":12,"minecraft:time_since_rest":39166,"minecraft:damage_taken":5180,"minecraft:damage_dealt":9307,"minecraft:swim_one_cm":10512,"minecraft:fly_one_cm":2626701,"minecraft:open_chest":243,"minecraft:crouch_one_cm":23103,"minecraft:fall_one_cm":93115},"minecraft:dropped":{"minecraft:iron_ingot":66,"minecraft:oak_log":3,"minecraft:diamond":4,"realisticforging:raw_iron_ore":64,"realisticforging:pickedpanwithmeltedore":1,"minecraft:copper_ingot":1,"minecraft:dirt":1,"realisticforging:bigpan":1,"realisticforging:rawironswordblade":1,"realisticforging:pan":1,"realisticforging:diamond_sledge_hammerr":2,"realisticforging:two_sticks":6,"realisticforging:smithing_hammer":2,"minecraft:potion":1,"minecraft:iron_pickaxe":1,"realisticforging:iron_sledgehammer":1,"realisticforging:blacksmithstongs":2,"realisticforging:hotrawironore":1,"butchersdelight:cleaver":2,"born_in_chaos_v1:ethereal_spirit":1,"minecraft:enchanted_golden_apple":2,"realisticforging:unfinishedironhelmetpart":1,"realisticforging:big_stone":1,"minecraft:cooked_mutton":21,"realisticforging:pickedhotironingot_4":1,"realisticforging:chisel":1,"minecraft:oak_sign":1,"realisticforging:woodpestle":2,"realisticforging:ironoredust":1,"born_in_chaos_v1:diamond_termite_shard":2,"realisticforging:twoironingots":1,"minecraft:spruce_log":1,"lightmanscurrency:coin_iron":7,"butchersdelight:hook":2,"realisticforging:carvinghammer":1},"minecraft:crafted":{"minecraft:oak_planks":196,"minecraft:iron_nugget":9,"realisticforging:chisel":1,"realisticforging:emptymold":1,"realisticforging:hotironingot":4,"realisticforging:two_sticks":39,"minecraft:stone_pickaxe":2,"minecraft:chest":4,"minecraft:wheat":153,"minecraft:cauldron":1,"minecraft:crafting_table":2,"minecraft:wooden_pickaxe":2,"minecraft:stone_axe":4,"minecraft:jungle_planks":128,"minecraft:bread":51,"minecraft:air":0,"realisticforging:pickaxemold":3,"minecraft:oak_boat":1,"realisticforging:hotrawironore":7,"minecraft:stick":92,"minecraft:wooden_axe":5,"minecraft:acacia_planks":160},"minecraft:mined":{"minecraft:jungle_leaves":12,"minecraft:dark_oak_fence":1,"minecraft:acacia_log":417,"minecraft:grass_block":1532,"minecraft:jungle_log":540,"minecraft:moss_block":265,"minecraft:oxeye_daisy":6,"minecraft:rooted_dirt":2,"minecraft:hay_block":28,"minecraft:iron_ore":1,"minecraft:acacia_wood":121,"minecraft:vine":3,"minecraft:azalea_leaves":1,"minecraft:stone":867,"minecraft:white_tulip":1,"minecraft:brown_mushroom":1,"minecraft:dandelion":4,"minecraft:crafting_table":11,"minecraft:tall_grass":5,"minecraft:cobblestone":48,"minecraft:wall_torch":1,"minecraft:wheat":1,"minecraft:grass":86,"minecraft:oak_log":278,"minecraft:coal_ore":26,"minecraft:sunflower":51,"minecraft:sand":347,"minecraft:dirt":603,"minecraft:terracotta":2,"minecraft:stone_bricks":2,"minecraft:oak_leaves":46},"minecraft:killed":{"born_in_chaos_v1:lords_felsteed":1,"born_in_chaos_v1:zombie_lumberjack":1,"born_in_chaos_v1:lord_pumpkinhead_head":1,"born_in_chaos_v1:lord_the_headless":1,"born_in_chaos_v1:siamese_skeletonsright":2,"twilightforest:snow_queen":1,"minecraft:skeleton":2,"born_in_chaos_v1:diamond_termite":1,"born_in_chaos_v1:swarmer":1,"born_in_chaos_v1:senor_pumpkin":1,"minecraft:creeper":3,"born_in_chaos_v1:decrepit_skeleton":2,"minecraft:sheep":1,"born_in_chaos_v1:phantom_creeper_copy":2,"born_in_chaos_v1:bloody_gadfly":1,"minecraft:zombie":9,"born_in_chaos_v1:dread_hound":2,"born_in_chaos_v1:corpse_fly":14,"born_in_chaos_v1:nightmare_stalker":1,"twilightforest:ur_ghast":1,"born_in_chaos_v1:door_knight":1,"born_in_chaos_v1:siamese_skeletonsleft":2}},"DataVersion":3120}