{"stats":{"minecraft:dropped":{"minecraft:enchanted_golden_apple":2,"lightmanscurrency:coin_iron":2},"minecraft:killed":{"born_in_chaos_v1:lords_felsteed":1,"born_in_chaos_v1:lord_pumpkinhead_head":1,"born_in_chaos_v1:senor_pumpkin":1,"born_in_chaos_v1:lord_the_headless":1,"twilightforest:snow_queen":1,"minecraft:zombie":1,"twilightforest:ur_ghast":1},"minecraft:used":{"prefab:block_quartz_crete_smooth":14,"minecraft:oak_trapdoor":4,"minecraft:end_rod":7,"minecraft:stone":4,"casinocraft:cardtable_base_white":3,"lightmanscurrency:vending_machine_large":1,"casinocraft:arcade_base_black":7,"minecraft:dirt":39,"casinocraft:arcade_slot_black":6,"casinocraft:cardtable_wide_white":6,"prefab:block_quartz_crete_smooth_stairs":1,"minecraft:cyan_stained_glass":1,"lightmanscurrency:atm":7,"minecraft:sea_lantern":2,"minecraft:grass_block":1,"lightmanscurrency:vending_machine":5,"twilightforest:triple_bow":2,"easy_npc:piglin_zombified_spawn_egg":1,"minecraft:stone_bricks":1,"minecraft:bedrock":3,"minecraft:cobbled_deepslate_slab":2,"minecraft:glass_pane":6,"minecraft:smooth_stone_slab":1,"casinocraft:arcade_base_red":1,"cgm:mini_gun":1050,"cgm:heavy_rifle":3,"born_in_chaos_v1:lord_pumpkinheads_lamp":1},"minecraft:custom":{"minecraft:interact_with_furnace":2,"minecraft:mob_kills":6,"minecraft:damage_dealt_resisted":2405,"minecraft:leave_game":7,"minecraft:time_since_death":209941,"minecraft:climb_one_cm":1970,"minecraft:time_since_rest":210631,"minecraft:sprint_one_cm":169624,"minecraft:damage_taken":240,"minecraft:walk_one_cm":102906,"minecraft:drop":3,"minecraft:damage_dealt":7,"minecraft:swim_one_cm":4965,"minecraft:fly_one_cm":956068,"minecraft:open_chest":20,"minecraft:crouch_one_cm":459,"minecraft:play_time":211234,"minecraft:deaths":1,"minecraft:sneak_time":1476,"minecraft:walk_under_water_one_cm":23630,"minecraft:jump":253,"minecraft:walk_on_water_one_cm":23635,"minecraft:total_world_time":211234},"minecraft:killed_by":{"born_in_chaos_v1:swarmer":1},"minecraft:picked_up":{"minecraft:leather_chestplate":1,"minecraft:black_carpet":2,"minecraft:leather_leggings":1,"minecraft:packed_ice":42,"minecraft:potato":3,"minecraft:bedrock":1,"casinocraft:rulebook_7_0":1,"minecraft:dirt":64,"minecraft:lantern":1,"born_in_chaos_v1:pumpkin_pistol":1,"butchersdelight:deadchiken":1,"minecraft:leather_boots":1,"twilightforest:snow_queen_trophy":2,"minecraft:wheat_seeds":15,"minecraft:stone_pickaxe":1,"minecraft:enchanted_golden_apple":2,"lightmanscurrency:coin_iron":3,"minecraft:stone_hoe":1,"born_in_chaos_v1:soulbane":1,"minecraft:torch":20,"minecraft:dandelion":3,"minecraft:carrot":3,"minecraft:leather_helmet":1,"lightmanscurrency:coin_copper":6,"minecraft:diamond":1,"minecraft:stone_shovel":1,"born_in_chaos_v1:magical_holiday_candy":31,"born_in_chaos_v1:lord_pumpkinheads_lamp":1,"minecraft:stone_axe":1,"minecraft:gray_banner":2,"prefab:item_swift_blade_stone":1,"twilightforest:seeker_bow":1,"minecraft:bread":20,"minecraft:black_banner":3,"minecraft:oak_sapling":3,"minecraft:coal":20,"minecraft:snowball":118,"minecraft:cobblestone":64}},"DataVersion":3120}