{"stats":{"minecraft:killed":{"born_in_chaos_v1:lords_felsteed":1,"born_in_chaos_v1:lord_pumpkinhead_head":1,"born_in_chaos_v1:lord_the_headless":1,"twilightforest:snow_queen":1,"born_in_chaos_v1:senor_pumpkin":1,"minecraft:zombie":1,"twilightforest:ur_ghast":1},"minecraft:dropped":{"minecraft:iron_ingot":66,"minecraft:diamond":2,"realisticforging:raw_iron_ore":64,"realisticforging:pickedpanwithmeltedore":1,"minecraft:copper_ingot":1,"realisticforging:bigpan":1,"realisticforging:rawironswordblade":1,"realisticforging:pan":1,"realisticforging:diamond_sledge_hammerr":2,"realisticforging:smithing_hammer":2,"minecraft:potion":1,"minecraft:iron_pickaxe":1,"realisticforging:iron_sledgehammer":1,"realisticforging:blacksmithstongs":2,"realisticforging:hotrawironore":1,"butchersdelight:cleaver":2,"minecraft:enchanted_golden_apple":2,"realisticforging:unfinishedironhelmetpart":1,"realisticforging:big_stone":1,"minecraft:cooked_mutton":17,"realisticforging:chisel":1,"realisticforging:pickedhotironingot_4":1,"realisticforging:woodpestle":2,"realisticforging:ironoredust":1,"realisticforging:twoironingots":1,"lightmanscurrency:coin_iron":2,"butchersdelight:hook":2,"realisticforging:carvinghammer":1},"minecraft:used":{"minecraft:oak_trapdoor":4,"born_in_chaos_v1:ethereal_spirit":3,"minecraft:chest":6,"minecraft:stone":13,"casinocraft:cardtable_base_white":3,"lightmanscurrency:vending_machine_large":1,"minecraft:dirt":39,"minecraft:hopper":2,"casinocraft:arcade_slot_black":6,"easy_npc:humanoid_spawn_egg":1,"prefab:block_quartz_crete_smooth_stairs":1,"minecraft:wooden_axe":63,"minecraft:sea_lantern":2,"minecraft:grass_block":1,"lightmanscurrency:vending_machine":5,"minecraft:copper_ore":2,"minecraft:stone_brick_stairs":12,"minecraft:stone_bricks":17,"minecraft:bedrock":3,"casinocraft:arcade_base_red":1,"minecraft:cooked_beef":2,"cgm:heavy_rifle":3,"born_in_chaos_v1:lord_pumpkinheads_lamp":1,"prefab:block_quartz_crete_smooth":14,"minecraft:water_bucket":1,"minecraft:end_rod":7,"minecraft:stone_pickaxe":29,"realisticforging:smithing_anvil":4,"minecraft:wooden_pickaxe":3,"minecraft:cauldron":1,"minecraft:stonecutter":1,"securitycraft:scanner_door_item":1,"casinocraft:arcade_base_black":7,"minecraft:crafting_table":4,"minecraft:blast_furnace":3,"minecraft:white_bed":1,"minecraft:mushroom_stem":2,"minecraft:cyan_stained_glass":2,"casinocraft:cardtable_wide_white":6,"lightmanscurrency:atm":7,"realisticforging:big_stone":1,"minecraft:diamond_ore":1,"twilightforest:triple_bow":2,"easy_npc:piglin_zombified_spawn_egg":1,"minecraft:potion":1,"minecraft:cobbled_deepslate_slab":2,"minecraft:grindstone":2,"minecraft:glass_pane":6,"minecraft:smooth_stone_slab":18,"cgm:mini_gun":1050},"minecraft:custom":{"minecraft:mob_kills":6,"minecraft:interact_with_crafting_table":22,"minecraft:open_barrel":2,"minecraft:fill_cauldron":1,"minecraft:damage_dealt_resisted":2405,"minecraft:leave_game":9,"minecraft:time_since_death":223819,"minecraft:climb_one_cm":13595,"minecraft:sprint_one_cm":349035,"minecraft:walk_one_cm":369028,"minecraft:drop":41,"minecraft:play_time":449009,"minecraft:deaths":3,"minecraft:sneak_time":3415,"minecraft:walk_under_water_one_cm":28103,"minecraft:jump":739,"minecraft:interact_with_blast_furnace":8,"minecraft:walk_on_water_one_cm":27242,"minecraft:total_world_time":449009,"minecraft:interact_with_furnace":40,"minecraft:interact_with_stonecutter":12,"minecraft:sleep_in_bed":1,"minecraft:time_since_rest":182462,"minecraft:damage_taken":665,"minecraft:damage_dealt":182,"minecraft:swim_one_cm":7154,"minecraft:fly_one_cm":1387619,"minecraft:open_chest":90,"minecraft:crouch_one_cm":1943,"minecraft:fall_one_cm":8917},"minecraft:mined":{"minecraft:jungle_leaves":1,"minecraft:stone":32,"minecraft:crafting_table":3,"minecraft:grass":3,"minecraft:oak_log":62},"minecraft:crafted":{"minecraft:oak_planks":16,"minecraft:iron_nugget":9,"realisticforging:chisel":1,"realisticforging:emptymold":1,"realisticforging:hotironingot":4,"minecraft:stone_pickaxe":1,"minecraft:cauldron":1,"minecraft:crafting_table":1,"minecraft:wooden_pickaxe":1,"minecraft:air":0,"realisticforging:pickaxemold":3,"realisticforging:hotrawironore":7,"minecraft:stick":4,"minecraft:wooden_axe":1},"minecraft:killed_by":{"born_in_chaos_v1:swarmer":1,"born_in_chaos_v1:decaying_zombie":1},"minecraft:picked_up":{"minecraft:crafting_table":3,"minecraft:black_carpet":2,"minecraft:leather_leggings":1,"minecraft:packed_ice":42,"realisticforging:pickedhotironingot_4":1,"casinocraft:rulebook_7_0":1,"twilightforest:snow_queen_trophy":2,"butchersdelight:dead_cow":1,"minecraft:enchanted_golden_apple":2,"realisticforging:woodpestle":1,"born_in_chaos_v1:soulbane":1,"minecraft:stick":23,"minecraft:copper_ingot":1,"minecraft:torch":20,"realisticforging:finisheddiamondswordblade":1,"minecraft:carrot":3,"realisticforging:ironscrap":9,"realisticforging:diamond_sledge_hammerr":1,"born_in_chaos_v1:magical_holiday_candy":31,"minecraft:stone_shovel":1,"born_in_chaos_v1:lord_pumpkinheads_lamp":1,"realisticforging:twoironingots":1,"realisticforging:ironsheet":1,"prefab:item_swift_blade_stone":1,"realisticforging:raw_iron_ore":15,"twilightforest:seeker_bow":1,"minecraft:black_banner":3,"minecraft:snowball":118,"minecraft:cobblestone":96,"minecraft:leather_chestplate":1,"minecraft:potato":3,"minecraft:bedrock":1,"minecraft:oak_log":57,"realisticforging:panwithmeltedcopper":1,"realisticforging:unfinishedironhelmetpart":1,"minecraft:dirt":64,"minecraft:lantern":1,"born_in_chaos_v1:pumpkin_pistol":1,"butchersdelight:deadchiken":1,"minecraft:leather_boots":1,"minecraft:bone":1,"minecraft:apple":5,"minecraft:wheat_seeds":16,"minecraft:stone_pickaxe":1,"realisticforging:pickaxemold":1,"realisticforging:cleanedironore":11,"lightmanscurrency:coin_iron":3,"minecraft:stone_hoe":1,"minecraft:dandelion":3,"realisticforging:hotrawironore":1,"minecraft:leather_helmet":1,"lightmanscurrency:coin_copper":6,"butchersdelight:sheephide":1,"minecraft:diamond":3,"minecraft:stone_axe":1,"minecraft:gray_banner":2,"realisticforging:hotswordguard":1,"minecraft:bread":20,"minecraft:oak_sapling":48,"realisticforging:rawironswordblade":1,"minecraft:coal":41},"minecraft:broken":{"minecraft:wooden_axe":1}},"DataVersion":3120}