{"stats":{"minecraft:killed":{"born_in_chaos_v1:lords_felsteed":1,"born_in_chaos_v1:lord_pumpkinhead_head":1,"born_in_chaos_v1:lord_the_headless":1,"twilightforest:snow_queen":1,"born_in_chaos_v1:senor_pumpkin":1,"minecraft:sheep":1,"minecraft:zombie":1,"twilightforest:ur_ghast":1},"minecraft:used":{"minecraft:oak_trapdoor":4,"born_in_chaos_v1:ethereal_spirit":3,"minecraft:chest":6,"minecraft:stone":13,"casinocraft:cardtable_base_white":3,"lightmanscurrency:vending_machine_large":1,"minecraft:dirt":39,"minecraft:hopper":2,"casinocraft:arcade_slot_black":6,"easy_npc:humanoid_spawn_egg":1,"prefab:block_quartz_crete_smooth_stairs":1,"minecraft:wooden_axe":247,"minecraft:sea_lantern":2,"minecraft:grass_block":1,"lightmanscurrency:vending_machine":5,"minecraft:copper_ore":2,"minecraft:stone_brick_stairs":12,"minecraft:stone_bricks":17,"minecraft:bedrock":3,"minecraft:oak_sapling":10,"casinocraft:arcade_base_red":1,"minecraft:cooked_beef":2,"cgm:heavy_rifle":3,"born_in_chaos_v1:lord_pumpkinheads_lamp":1,"prefab:block_quartz_crete_smooth":14,"minecraft:water_bucket":1,"minecraft:end_rod":7,"minecraft:stone_pickaxe":29,"minecraft:oak_planks":2,"realisticforging:smithing_anvil":4,"minecraft:wooden_pickaxe":21,"minecraft:cauldron":1,"minecraft:stonecutter":1,"securitycraft:scanner_door_item":1,"casinocraft:arcade_base_black":7,"minecraft:crafting_table":9,"minecraft:blast_furnace":3,"minecraft:white_bed":1,"minecraft:mushroom_stem":2,"casinocraft:cardtable_wide_white":6,"minecraft:cyan_stained_glass":2,"lightmanscurrency:atm":7,"minecraft:apple":8,"realisticforging:big_stone":1,"minecraft:diamond_ore":1,"twilightforest:triple_bow":2,"easy_npc:piglin_zombified_spawn_egg":1,"minecraft:stone_axe":98,"minecraft:potion":1,"minecraft:cobbled_deepslate_slab":2,"minecraft:grindstone":2,"minecraft:glass_pane":6,"minecraft:smooth_stone_slab":18,"minecraft:oak_boat":3,"cgm:mini_gun":1050,"butchersdelight:rack":1},"minecraft:dropped":{"minecraft:iron_ingot":66,"minecraft:diamond":4,"realisticforging:raw_iron_ore":64,"realisticforging:pickedpanwithmeltedore":1,"minecraft:copper_ingot":1,"realisticforging:bigpan":1,"realisticforging:rawironswordblade":1,"realisticforging:pan":1,"realisticforging:diamond_sledge_hammerr":2,"realisticforging:smithing_hammer":2,"minecraft:potion":1,"minecraft:iron_pickaxe":1,"realisticforging:iron_sledgehammer":1,"realisticforging:blacksmithstongs":2,"realisticforging:hotrawironore":1,"butchersdelight:cleaver":2,"minecraft:enchanted_golden_apple":2,"realisticforging:unfinishedironhelmetpart":1,"realisticforging:big_stone":1,"minecraft:cooked_mutton":17,"realisticforging:pickedhotironingot_4":1,"realisticforging:chisel":1,"realisticforging:woodpestle":2,"realisticforging:ironoredust":1,"realisticforging:twoironingots":1,"lightmanscurrency:coin_iron":2,"butchersdelight:hook":2,"realisticforging:carvinghammer":1},"minecraft:custom":{"minecraft:mob_kills":7,"minecraft:interact_with_crafting_table":29,"minecraft:open_barrel":3,"minecraft:fill_cauldron":1,"minecraft:damage_dealt_resisted":2405,"minecraft:leave_game":10,"minecraft:time_since_death":259541,"minecraft:climb_one_cm":13595,"minecraft:sprint_one_cm":425306,"minecraft:walk_one_cm":414241,"minecraft:drop":43,"minecraft:play_time":484731,"minecraft:deaths":3,"minecraft:sneak_time":3425,"minecraft:walk_under_water_one_cm":28103,"minecraft:boat_one_cm":97906,"minecraft:jump":1085,"minecraft:interact_with_blast_furnace":8,"minecraft:walk_on_water_one_cm":27463,"minecraft:total_world_time":484731,"minecraft:interact_with_furnace":40,"minecraft:interact_with_stonecutter":12,"minecraft:sleep_in_bed":1,"minecraft:time_since_rest":218184,"minecraft:damage_taken":725,"minecraft:damage_dealt":1125,"minecraft:swim_one_cm":7154,"minecraft:fly_one_cm":1483949,"minecraft:open_chest":104,"minecraft:crouch_one_cm":1974,"minecraft:fall_one_cm":17265},"minecraft:mined":{"minecraft:jungle_leaves":1,"minecraft:white_tulip":1,"minecraft:stone":50,"minecraft:crafting_table":8,"minecraft:tall_grass":2,"minecraft:grass":7,"minecraft:oak_log":278,"minecraft:oak_leaves":2},"minecraft:crafted":{"minecraft:oak_planks":104,"minecraft:iron_nugget":9,"realisticforging:chisel":1,"realisticforging:hotironingot":4,"realisticforging:emptymold":1,"minecraft:stone_pickaxe":2,"minecraft:cauldron":1,"minecraft:crafting_table":2,"minecraft:wooden_pickaxe":2,"minecraft:stone_axe":1,"minecraft:air":0,"realisticforging:pickaxemold":3,"minecraft:oak_boat":1,"realisticforging:hotrawironore":7,"minecraft:stick":8,"minecraft:wooden_axe":4},"minecraft:killed_by":{"born_in_chaos_v1:swarmer":1,"born_in_chaos_v1:decaying_zombie":1},"minecraft:picked_up":{"minecraft:crafting_table":8,"minecraft:black_carpet":2,"minecraft:leather_leggings":1,"minecraft:packed_ice":42,"realisticforging:pickedhotironingot_4":1,"casinocraft:rulebook_7_0":1,"twilightforest:snow_queen_trophy":2,"butchersdelight:dead_cow":2,"minecraft:white_tulip":1,"minecraft:oak_boat":3,"minecraft:enchanted_golden_apple":2,"realisticforging:woodpestle":1,"born_in_chaos_v1:soulbane":1,"minecraft:egg":3,"minecraft:stick":65,"minecraft:copper_ingot":1,"minecraft:torch":20,"realisticforging:finisheddiamondswordblade":2,"minecraft:carrot":3,"realisticforging:ironscrap":9,"butchersdelight:deadsheep":1,"realisticforging:diamond_sledge_hammerr":1,"born_in_chaos_v1:lord_pumpkinheads_lamp":1,"minecraft:stone_shovel":1,"realisticforging:twoironingots":1,"born_in_chaos_v1:magical_holiday_candy":31,"realisticforging:ironsheet":1,"prefab:item_swift_blade_stone":1,"realisticforging:raw_iron_ore":15,"twilightforest:seeker_bow":1,"minecraft:black_banner":3,"minecraft:white_wool":1,"minecraft:snowball":118,"minecraft:cobblestone":114,"minecraft:leather_chestplate":1,"minecraft:potato":3,"butchersdelight:deadpig":7,"minecraft:bedrock":1,"minecraft:oak_log":251,"realisticforging:panwithmeltedcopper":1,"realisticforging:unfinishedironhelmetpart":1,"minecraft:dirt":64,"minecraft:lantern":1,"born_in_chaos_v1:pumpkin_pistol":1,"butchersdelight:deadchiken":2,"minecraft:leather_boots":1,"minecraft:bone":1,"minecraft:apple":14,"minecraft:wheat_seeds":17,"minecraft:stone_pickaxe":1,"realisticforging:pickaxemold":1,"realisticforging:cleanedironore":11,"lightmanscurrency:coin_iron":3,"minecraft:stone_hoe":1,"minecraft:dandelion":3,"realisticforging:hotrawironore":1,"minecraft:leather_helmet":1,"lightmanscurrency:coin_copper":6,"butchersdelight:sheephide":1,"minecraft:diamond":3,"minecraft:stone_axe":1,"minecraft:gray_banner":2,"realisticforging:hotswordguard":1,"minecraft:bread":20,"realisticforging:rawironswordblade":1,"minecraft:oak_sapling":139,"minecraft:coal":41},"minecraft:broken":{"minecraft:wooden_axe":3}},"DataVersion":3120}