{"stats":{"minecraft:broken":{"minecraft:leather_helmet":1,"minecraft:stone_sword":2,"minecraft:leather_leggings":1,"minecraft:leather_chestplate":1,"minecraft:wooden_pickaxe":1,"minecraft:stone_pickaxe":2,"minecraft:wooden_sword":1,"minecraft:leather_boots":1,"minecraft:wooden_axe":1,"prefab:item_swift_blade_stone":1},"minecraft:killed_by":{"born_in_chaos_v1:nightmare_stalker":3,"born_in_chaos_v1:corpse_fly":1,"born_in_chaos_v1:diamond_termite":1,"minecraft:skeleton":1,"born_in_chaos_v1:door_knight":2},"minecraft:picked_up":{"minecraft:wooden_axe":1,"realisticforging:twohotironingot":1,"minecraft:fishing_rod":1,"minecraft:seagrass":4,"minecraft:crafting_table":1,"securitycraft:keypad_item":7,"minecraft:purple_wool":3,"born_in_chaos_v1:river_mint":1,"minecraft:clay_ball":4,"minecraft:wooden_pickaxe":1,"minecraft:wooden_sword":1,"born_in_chaos_v1:intoxicating_decoction":1,"minecraft:item_frame":1,"minecraft:pufferfish":1,"butchersdelight:dead_cow":4,"realisticforging:smithing_hammer":2,"minecraft:gold_nugget":2,"minecraft:bucket":1,"realisticforging:pickedironiingot":1,"minecraft:beef":10,"minecraft:white_tulip":4,"minecraft:cobblestone_slab":2,"minecraft:azalea":1,"minecraft:wooden_shovel":2,"minecraft:birch_sapling":6,"minecraft:mangrove_log":1,"minecraft:egg":3,"minecraft:stick":30,"born_in_chaos_v1:shattered_skull":1,"minecraft:torch":12,"minecraft:porkchop":20,"minecraft:carrot":10,"minecraft:blue_carpet":3,"minecraft:arrow":2,"realisticforging:smithing_anvil":1,"minecraft:rotten_flesh":29,"butchersdelight:deadsheep":2,"minecraft:tropical_fish":7,"realisticforging:hotpickaxehead":2,"minecraft:hay_block":42,"prefab:item_swift_blade_stone":1,"minecraft:iron_block":5,"realisticforging:raw_iron_ore":493,"minecraft:glow_berries":13,"minecraft:white_wool":2,"minecraft:cobblestone":188,"minecraft:birch_log":19,"born_in_chaos_v1:corpse_maggot":10,"minecraft:iron_door":6,"minecraft:salmon":1,"minecraft:andesite":79,"minecraft:potato":30,"minecraft:flint":2,"butchersdelight:deadpig":11,"minecraft:oak_log":90,"minecraft:lapis_lazuli":28,"realisticforging:rawpickaxehead":1,"realisticforging:copperore":73,"minecraft:gunpowder":1,"realisticforging:hotironingot":1,"minecraft:dirt":21,"minecraft:bone":11,"minecraft:apple":8,"minecraft:wheat_seeds":15,"minecraft:iron_ingot":2,"minecraft:stone_pickaxe":1,"lightmanscurrency:coin_iron":4,"minecraft:moss_block":4,"minecraft:flowering_azalea":1,"minecraft:purple_concrete":2,"minecraft:book":6,"minecraft:birch_boat":1,"minecraft:gravel":9,"butchersdelight:skullcow":2,"realisticforging:hotrawironore":44,"butchersdelight:cow_hide":1,"minecraft:sand":15,"minecraft:ink_sac":1,"lightmanscurrency:coin_copper":31,"realisticforging:purerawgoldore":15,"minecraft:blue_terracotta":2,"minecraft:slime_ball":2,"realisticforging:blacksmithstongs":1,"minecraft:bone_meal":1,"butchersdelight:hook":3,"minecraft:oak_sapling":42,"born_in_chaos_v1:rotten_fish":3,"minecraft:coal":80},"minecraft:used":{"minecraft:stone_sword":284,"minecraft:chest":5,"minecraft:iron_sword":89,"butchersdelight:hook":6,"minecraft:wooden_shovel":12,"minecraft:stone_hoe":28,"minecraft:torch":101,"minecraft:dirt":8,"securitycraft:keypad_item":7,"minecraft:carrot":13,"minecraft:wooden_axe":128,"butchersdelight:cleaver":1,"minecraft:iron_block":4,"minecraft:birch_sapling":5,"minecraft:iron_boots":1,"minecraft:item_frame":1,"prefab:item_swift_blade_stone":152,"minecraft:furnace":2,"minecraft:oak_sapling":42,"minecraft:egg":2,"minecraft:potato":36,"minecraft:iron_leggings":1,"minecraft:water_bucket":3,"minecraft:stone_pickaxe":388,"realisticforging:smithing_anvil":1,"minecraft:wooden_pickaxe":122,"minecraft:birch_boat":3,"minecraft:stonecutter":1,"minecraft:cobblestone_slab":4,"minecraft:white_wool":1,"minecraft:glow_berries":26,"minecraft:crafting_table":6,"minecraft:crossbow":1,"minecraft:apple":30,"minecraft:bread":23,"minecraft:iron_pickaxe":138,"minecraft:iron_door":3,"minecraft:blue_carpet":3,"minecraft:fishing_rod":1,"minecraft:wooden_sword":95,"minecraft:cobblestone":45,"minecraft:grindstone":1,"minecraft:cooked_porkchop":8,"minecraft:bucket":3,"minecraft:andesite":21,"minecraft:oak_boat":2},"minecraft:custom":{"minecraft:mob_kills":44,"minecraft:interact_with_anvil":2,"minecraft:inspect_hopper":1,"minecraft:open_barrel":94,"minecraft:interact_with_crafting_table":63,"minecraft:damage_dealt_resisted":3126,"minecraft:time_since_death":24815,"minecraft:climb_one_cm":41919,"minecraft:sprint_one_cm":850529,"minecraft:walk_one_cm":996709,"minecraft:drop":92,"minecraft:talked_to_villager":1,"minecraft:play_time":285514,"minecraft:sneak_time":2116,"minecraft:deaths":10,"minecraft:walk_under_water_one_cm":19231,"minecraft:boat_one_cm":239860,"minecraft:jump":2724,"minecraft:interact_with_blast_furnace":2,"minecraft:walk_on_water_one_cm":49273,"minecraft:total_world_time":285514,"minecraft:interact_with_furnace":116,"minecraft:interact_with_grindstone":8,"minecraft:interact_with_stonecutter":5,"minecraft:sleep_in_bed":4,"minecraft:time_since_rest":24838,"minecraft:damage_taken":5031,"minecraft:damage_dealt":8708,"minecraft:swim_one_cm":61537,"minecraft:fly_one_cm":341825,"minecraft:open_chest":134,"minecraft:crouch_one_cm":3145,"minecraft:fall_one_cm":49720},"minecraft:dropped":{"minecraft:moss_block":4,"minecraft:wheat_seeds":12,"realisticforging:raw_iron_ore":332,"minecraft:dirt":2,"born_in_chaos_v1:river_mint":1,"minecraft:wooden_axe":2,"realisticforging:smithing_hammer":1,"minecraft:wooden_sword":2,"minecraft:flowering_azalea":1,"realisticforging:hotpickaxehead":2,"minecraft:sand":15,"realisticforging:hotironingot":1,"minecraft:white_tulip":4,"realisticforging:hotrawironore":44,"minecraft:birch_sapling":1,"born_in_chaos_v1:rotten_fish":2,"minecraft:rotten_flesh":10,"realisticforging:pickedironiingot":1,"realisticforging:rawpickaxehead":1,"minecraft:cobblestone_slab":1,"minecraft:mangrove_log":1,"realisticforging:purerawgoldore":30,"born_in_chaos_v1:corpse_maggot":1,"minecraft:azalea":1,"minecraft:wooden_shovel":4,"realisticforging:twohotironingot":1,"minecraft:wooden_pickaxe":2,"minecraft:stone_pickaxe":1},"minecraft:crafted":{"minecraft:brick":4,"minecraft:grindstone":1,"minecraft:wooden_sword":2,"minecraft:oak_planks":184,"minecraft:cobblestone_slab":6,"minecraft:iron_nugget":27,"minecraft:birch_boat":2,"minecraft:furnace":2,"minecraft:stone":6,"realisticforging:hotironingot":1,"realisticforging:emptymold":1,"minecraft:flint_and_steel":1,"realisticforging:smithing_hammer":1,"realisticforging:two_sticks":1,"minecraft:stone_pickaxe":3,"minecraft:chest":5,"minecraft:oak_button":36,"minecraft:wooden_shovel":2,"minecraft:cooked_porkchop":8,"butchersdelight:hook":3,"minecraft:crafting_table":5,"minecraft:wooden_pickaxe":2,"minecraft:iron_sword":1,"minecraft:birch_planks":76,"butchersdelight:cleaver":1,"minecraft:stone_axe":1,"minecraft:bread":5,"realisticforging:hotpickaxehead":2,"minecraft:oak_boat":2,"realisticforging:twohotironingot":1,"realisticforging:hotrawironore":40,"securitycraft:door_indestructible_iron_item":1,"minecraft:stone_slab":6,"minecraft:stick":52,"realisticforging:blacksmithstongs":1,"minecraft:iron_pickaxe":2,"minecraft:wooden_axe":2,"minecraft:stone_sword":2,"minecraft:stonecutter":1,"realisticforging:rawlargewoodhandle":4,"minecraft:torch":92},"minecraft:killed":{"born_in_chaos_v1:zombie_clown":1,"born_in_chaos_v1:maggot":8,"born_in_chaos_v1:barrel_zombie":2,"born_in_chaos_v1:diamond_termite":1,"born_in_chaos_v1:baby_skeleton":2,"born_in_chaos_v1:swarmer":1,"minecraft:creeper":1,"born_in_chaos_v1:decrepit_skeleton":1,"minecraft:sheep":1,"born_in_chaos_v1:zombie_fisherman":3,"minecraft:zombie":8,"born_in_chaos_v1:corpse_fly":10,"born_in_chaos_v1:door_knight":3},"minecraft:mined":{"minecraft:blue_carpet":3,"born_in_chaos_v1:infected_diamond_ore":1,"minecraft:cave_vines_plant":8,"butchersdelight:deadsheepblock":1,"minecraft:ladder":1,"minecraft:grass_block":8,"minecraft:spruce_leaves":2,"minecraft:moss_block":4,"minecraft:large_fern":2,"minecraft:hay_block":45,"minecraft:carrots":6,"minecraft:iron_ore":95,"minecraft:andesite":81,"minecraft:bookshelf":2,"minecraft:potatoes":12,"minecraft:cave_vines":17,"minecraft:cobblestone_slab":3,"minecraft:azalea":1,"minecraft:stone":192,"minecraft:iron_block":4,"minecraft:white_wool":1,"minecraft:flowering_azalea":1,"minecraft:crafting_table":1,"minecraft:torch":6,"minecraft:copper_ore":28,"minecraft:cobblestone":10,"minecraft:tall_grass":25,"minecraft:lapis_ore":5,"minecraft:iron_door":3,"minecraft:wall_torch":5,"minecraft:purple_wool":4,"minecraft:blue_terracotta":2,"butchersdelight:deadcowblock":1,"minecraft:birch_log":19,"minecraft:birch_leaves":1,"minecraft:purple_concrete":2,"minecraft:grass":74,"butchersdelight:hook":3,"minecraft:oak_log":94,"minecraft:coal_ore":82,"minecraft:gravel":11,"minecraft:sand":15,"minecraft:dirt":13,"minecraft:oak_leaves":6,"minecraft:fern":5}},"DataVersion":3120}