{"stats":{"minecraft:custom":{"minecraft:jump":50,"minecraft:open_chest":1,"minecraft:time_since_rest":2031,"minecraft:crouch_one_cm":171,"minecraft:walk_on_water_one_cm":1736,"minecraft:sprint_one_cm":11497,"minecraft:play_time":3514,"minecraft:damage_taken":60,"minecraft:time_since_death":3514,"minecraft:walk_one_cm":16977,"minecraft:sleep_in_bed":1,"minecraft:sneak_time":18,"minecraft:climb_one_cm":624,"minecraft:total_world_time":3514,"minecraft:walk_under_water_one_cm":1568,"minecraft:fall_one_cm":1157,"minecraft:fly_one_cm":10341}},"DataVersion":3120}