{"stats":{"minecraft:broken":{"minecraft:wooden_sword":1,"minecraft:stone_sword":1,"minecraft:wooden_axe":1},"minecraft:killed_by":{"born_in_chaos_v1:nightmare_stalker":1,"minecraft:skeleton":1,"born_in_chaos_v1:door_knight":2},"minecraft:picked_up":{"minecraft:wooden_axe":1,"minecraft:birch_log":19,"born_in_chaos_v1:corpse_maggot":1,"born_in_chaos_v1:river_mint":1,"minecraft:andesite":79,"minecraft:wooden_pickaxe":1,"butchersdelight:deadpig":4,"minecraft:oak_log":88,"minecraft:gunpowder":1,"minecraft:dirt":9,"minecraft:wooden_sword":1,"born_in_chaos_v1:intoxicating_decoction":1,"minecraft:pufferfish":1,"minecraft:bone":2,"butchersdelight:dead_cow":2,"minecraft:apple":8,"minecraft:wheat_seeds":12,"minecraft:stone_pickaxe":1,"minecraft:bucket":1,"minecraft:beef":2,"minecraft:white_tulip":4,"minecraft:iron_ingot":2,"minecraft:wooden_shovel":2,"lightmanscurrency:coin_iron":3,"minecraft:birch_sapling":5,"minecraft:mangrove_log":1,"minecraft:egg":2,"minecraft:stick":29,"butchersdelight:cow_hide":1,"minecraft:porkchop":8,"minecraft:sand":15,"minecraft:ink_sac":1,"butchersdelight:deadsheep":2,"lightmanscurrency:coin_copper":23,"minecraft:rotten_flesh":16,"minecraft:tropical_fish":1,"realisticforging:raw_iron_ore":13,"born_in_chaos_v1:rotten_fish":2,"minecraft:oak_sapling":42,"minecraft:glow_berries":3,"minecraft:coal":13,"minecraft:white_wool":1,"minecraft:cobblestone":54},"minecraft:used":{"minecraft:stone_sword":147,"minecraft:stone_pickaxe":122,"minecraft:birch_boat":1,"minecraft:wooden_pickaxe":44,"minecraft:wooden_shovel":12,"minecraft:stone_hoe":3,"minecraft:torch":51,"minecraft:glow_berries":3,"minecraft:dirt":8,"minecraft:crafting_table":2,"minecraft:carrot":3,"minecraft:wooden_axe":128,"minecraft:apple":8,"minecraft:bread":17,"minecraft:birch_sapling":5,"prefab:item_swift_blade_stone":56,"minecraft:wooden_sword":95,"minecraft:oak_sapling":42,"minecraft:andesite":10,"minecraft:oak_boat":2,"minecraft:egg":2,"minecraft:potato":3},"minecraft:custom":{"minecraft:interact_with_furnace":10,"minecraft:mob_kills":19,"minecraft:interact_with_crafting_table":17,"minecraft:open_barrel":44,"minecraft:damage_dealt_resisted":2089,"minecraft:time_since_death":10138,"minecraft:sleep_in_bed":4,"minecraft:climb_one_cm":12308,"minecraft:time_since_rest":10164,"minecraft:sprint_one_cm":306556,"minecraft:damage_taken":1990,"minecraft:walk_one_cm":352070,"minecraft:drop":23,"minecraft:damage_dealt":4119,"minecraft:swim_one_cm":26716,"minecraft:fly_one_cm":146208,"minecraft:open_chest":2,"minecraft:crouch_one_cm":993,"minecraft:play_time":81514,"minecraft:deaths":4,"minecraft:sneak_time":287,"minecraft:walk_under_water_one_cm":7444,"minecraft:boat_one_cm":68259,"minecraft:jump":1057,"minecraft:walk_on_water_one_cm":17201,"minecraft:total_world_time":81514,"minecraft:fall_one_cm":27302},"minecraft:dropped":{"minecraft:white_tulip":4,"minecraft:wheat_seeds":12,"born_in_chaos_v1:rotten_fish":2,"minecraft:rotten_flesh":10,"minecraft:mangrove_log":1,"born_in_chaos_v1:river_mint":1,"minecraft:wooden_axe":2,"born_in_chaos_v1:corpse_maggot":1,"minecraft:wooden_shovel":4,"minecraft:wooden_sword":2,"minecraft:sand":15,"minecraft:stone_pickaxe":1,"minecraft:wooden_pickaxe":2},"minecraft:crafted":{"minecraft:wooden_sword":2,"minecraft:oak_planks":164,"minecraft:wooden_shovel":2,"minecraft:cobblestone_slab":6,"minecraft:cooked_porkchop":8,"minecraft:iron_nugget":9,"minecraft:crafting_table":2,"minecraft:birch_boat":1,"minecraft:wooden_pickaxe":1,"butchersdelight:cleaver":1,"minecraft:birch_planks":76,"minecraft:stone_axe":1,"minecraft:oak_boat":2,"minecraft:stick":8,"minecraft:stone_pickaxe":2,"minecraft:wooden_axe":2,"minecraft:stone_sword":1,"minecraft:chest":1,"minecraft:oak_button":36,"minecraft:torch":68},"minecraft:mined":{"butchersdelight:deadsheepblock":1,"minecraft:cave_vines_plant":1,"minecraft:grass_block":3,"minecraft:tall_grass":14,"minecraft:spruce_leaves":2,"minecraft:large_fern":2,"butchersdelight:deadcowblock":1,"minecraft:birch_log":19,"minecraft:iron_ore":10,"minecraft:andesite":81,"minecraft:birch_leaves":1,"minecraft:coal_ore":14,"minecraft:grass":44,"minecraft:cave_vines":3,"minecraft:oak_log":92,"minecraft:dirt":6,"minecraft:sand":15,"minecraft:stone":55,"minecraft:oak_leaves":6,"minecraft:fern":4},"minecraft:killed":{"born_in_chaos_v1:barrel_zombie":1,"born_in_chaos_v1:zombie_clown":1,"minecraft:creeper":1,"born_in_chaos_v1:maggot":5,"minecraft:sheep":1,"born_in_chaos_v1:zombie_fisherman":2,"minecraft:zombie":5,"born_in_chaos_v1:door_knight":2}},"DataVersion":3120}