{"stats":{"minecraft:broken":{"minecraft:wooden_sword":1,"minecraft:stone_sword":1,"minecraft:wooden_axe":1,"minecraft:stone_pickaxe":1},"minecraft:killed_by":{"born_in_chaos_v1:nightmare_stalker":1,"minecraft:skeleton":1,"born_in_chaos_v1:door_knight":2},"minecraft:picked_up":{"minecraft:wooden_axe":1,"minecraft:birch_log":19,"born_in_chaos_v1:corpse_maggot":1,"securitycraft:keypad_item":1,"born_in_chaos_v1:river_mint":1,"minecraft:andesite":79,"minecraft:wooden_pickaxe":1,"butchersdelight:deadpig":4,"minecraft:oak_log":88,"minecraft:gunpowder":1,"minecraft:dirt":10,"minecraft:wooden_sword":1,"born_in_chaos_v1:intoxicating_decoction":1,"minecraft:item_frame":1,"minecraft:pufferfish":1,"minecraft:bone":2,"butchersdelight:dead_cow":3,"minecraft:apple":8,"minecraft:wheat_seeds":12,"minecraft:stone_pickaxe":1,"minecraft:bucket":1,"minecraft:beef":2,"minecraft:white_tulip":4,"minecraft:iron_ingot":2,"minecraft:cobblestone_slab":1,"minecraft:azalea":1,"minecraft:wooden_shovel":2,"minecraft:moss_block":4,"lightmanscurrency:coin_iron":3,"minecraft:birch_sapling":6,"minecraft:flowering_azalea":1,"minecraft:mangrove_log":1,"minecraft:egg":3,"minecraft:stick":30,"born_in_chaos_v1:shattered_skull":1,"minecraft:torch":1,"butchersdelight:cow_hide":1,"minecraft:porkchop":8,"minecraft:sand":15,"minecraft:ink_sac":1,"butchersdelight:deadsheep":2,"lightmanscurrency:coin_copper":23,"minecraft:rotten_flesh":18,"minecraft:tropical_fish":5,"prefab:item_swift_blade_stone":1,"realisticforging:raw_iron_ore":434,"born_in_chaos_v1:rotten_fish":2,"minecraft:oak_sapling":42,"minecraft:glow_berries":13,"minecraft:coal":53,"minecraft:white_wool":1,"minecraft:cobblestone":81},"minecraft:used":{"minecraft:stone_sword":147,"minecraft:stone_pickaxe":265,"minecraft:chest":4,"minecraft:birch_boat":1,"minecraft:wooden_pickaxe":44,"minecraft:cobblestone_slab":1,"minecraft:wooden_shovel":12,"minecraft:stone_hoe":3,"minecraft:torch":79,"minecraft:glow_berries":26,"minecraft:dirt":8,"securitycraft:keypad_item":1,"minecraft:crafting_table":2,"minecraft:carrot":3,"minecraft:wooden_axe":128,"minecraft:apple":8,"minecraft:bread":20,"minecraft:birch_sapling":5,"minecraft:item_frame":1,"prefab:item_swift_blade_stone":88,"minecraft:wooden_sword":95,"minecraft:oak_sapling":42,"minecraft:cooked_porkchop":3,"minecraft:andesite":21,"minecraft:oak_boat":2,"minecraft:egg":2,"minecraft:potato":3},"minecraft:custom":{"minecraft:interact_with_furnace":11,"minecraft:interact_with_anvil":1,"minecraft:mob_kills":20,"minecraft:inspect_hopper":1,"minecraft:interact_with_crafting_table":21,"minecraft:open_barrel":51,"minecraft:damage_dealt_resisted":2089,"minecraft:time_since_death":46138,"minecraft:sleep_in_bed":4,"minecraft:climb_one_cm":16501,"minecraft:time_since_rest":46164,"minecraft:sprint_one_cm":451597,"minecraft:damage_taken":2199,"minecraft:walk_one_cm":492441,"minecraft:drop":39,"minecraft:damage_dealt":4570,"minecraft:swim_one_cm":42691,"minecraft:fly_one_cm":206494,"minecraft:open_chest":5,"minecraft:crouch_one_cm":1170,"minecraft:play_time":117514,"minecraft:deaths":4,"minecraft:sneak_time":333,"minecraft:walk_under_water_one_cm":12181,"minecraft:boat_one_cm":94676,"minecraft:jump":1601,"minecraft:interact_with_blast_furnace":2,"minecraft:walk_on_water_one_cm":29438,"minecraft:total_world_time":117514,"minecraft:fall_one_cm":34048},"minecraft:dropped":{"minecraft:white_tulip":4,"minecraft:moss_block":4,"minecraft:wheat_seeds":12,"minecraft:birch_sapling":1,"born_in_chaos_v1:rotten_fish":2,"realisticforging:raw_iron_ore":332,"minecraft:rotten_flesh":10,"minecraft:cobblestone_slab":1,"minecraft:dirt":2,"minecraft:mangrove_log":1,"born_in_chaos_v1:river_mint":1,"minecraft:wooden_axe":2,"born_in_chaos_v1:corpse_maggot":1,"minecraft:azalea":1,"minecraft:wooden_shovel":4,"minecraft:wooden_sword":2,"minecraft:flowering_azalea":1,"minecraft:sand":15,"minecraft:stone_pickaxe":1,"minecraft:wooden_pickaxe":2},"minecraft:crafted":{"minecraft:wooden_sword":2,"minecraft:oak_planks":172,"minecraft:wooden_shovel":2,"minecraft:cobblestone_slab":6,"minecraft:cooked_porkchop":8,"minecraft:iron_nugget":9,"minecraft:crafting_table":3,"minecraft:birch_boat":1,"minecraft:wooden_pickaxe":1,"butchersdelight:cleaver":1,"minecraft:birch_planks":76,"minecraft:stone_axe":1,"minecraft:oak_boat":2,"minecraft:stick":20,"minecraft:stone_pickaxe":3,"minecraft:wooden_axe":2,"minecraft:stone_sword":1,"minecraft:chest":5,"minecraft:oak_button":36,"minecraft:torch":84},"minecraft:mined":{"minecraft:flowering_azalea":1,"minecraft:ladder":1,"butchersdelight:deadsheepblock":1,"minecraft:cave_vines_plant":8,"minecraft:grass_block":4,"minecraft:tall_grass":15,"minecraft:spruce_leaves":2,"minecraft:moss_block":4,"minecraft:large_fern":2,"butchersdelight:deadcowblock":1,"minecraft:birch_log":19,"minecraft:iron_ore":73,"minecraft:andesite":81,"minecraft:birch_leaves":1,"minecraft:cobblestone_slab":1,"minecraft:coal_ore":55,"minecraft:grass":46,"minecraft:cave_vines":17,"minecraft:oak_log":92,"minecraft:dirt":6,"minecraft:sand":15,"minecraft:azalea":1,"minecraft:stone":83,"minecraft:oak_leaves":6,"minecraft:fern":4},"minecraft:killed":{"born_in_chaos_v1:barrel_zombie":1,"born_in_chaos_v1:zombie_clown":1,"minecraft:creeper":1,"born_in_chaos_v1:decrepit_skeleton":1,"born_in_chaos_v1:maggot":5,"minecraft:sheep":1,"born_in_chaos_v1:zombie_fisherman":2,"minecraft:zombie":5,"born_in_chaos_v1:door_knight":2}},"DataVersion":3120}