{"stats":{"minecraft:broken":{"minecraft:wooden_sword":1,"minecraft:wooden_axe":1},"minecraft:killed_by":{"born_in_chaos_v1:door_knight":2},"minecraft:picked_up":{"minecraft:wooden_axe":1,"minecraft:birch_log":19,"born_in_chaos_v1:river_mint":1,"minecraft:wooden_pickaxe":1,"butchersdelight:deadpig":4,"minecraft:oak_log":88,"minecraft:gunpowder":1,"minecraft:dirt":1,"minecraft:wooden_sword":1,"minecraft:pufferfish":1,"butchersdelight:dead_cow":2,"minecraft:apple":8,"minecraft:wheat_seeds":12,"minecraft:white_tulip":4,"minecraft:iron_ingot":1,"minecraft:wooden_shovel":2,"lightmanscurrency:coin_iron":3,"minecraft:birch_sapling":5,"minecraft:mangrove_log":1,"minecraft:egg":1,"minecraft:stick":29,"minecraft:sand":15,"minecraft:ink_sac":1,"lightmanscurrency:coin_copper":3,"minecraft:rotten_flesh":4,"minecraft:tropical_fish":1,"minecraft:oak_sapling":42,"minecraft:cobblestone":44},"minecraft:used":{"minecraft:stone_sword":133,"minecraft:wooden_pickaxe":44,"minecraft:wooden_shovel":12,"minecraft:torch":12,"minecraft:crafting_table":2,"minecraft:wooden_axe":128,"minecraft:apple":8,"minecraft:bread":5,"minecraft:birch_sapling":5,"minecraft:wooden_sword":95,"minecraft:oak_sapling":42,"minecraft:egg":1},"minecraft:custom":{"minecraft:interact_with_furnace":7,"minecraft:mob_kills":8,"minecraft:interact_with_crafting_table":13,"minecraft:open_barrel":25,"minecraft:damage_dealt_resisted":1632,"minecraft:time_since_death":132,"minecraft:sleep_in_bed":4,"minecraft:climb_one_cm":12210,"minecraft:time_since_rest":173,"minecraft:sprint_one_cm":120802,"minecraft:damage_taken":855,"minecraft:walk_one_cm":230297,"minecraft:drop":18,"minecraft:damage_dealt":2748,"minecraft:swim_one_cm":6124,"minecraft:fly_one_cm":74871,"minecraft:open_chest":2,"minecraft:crouch_one_cm":759,"minecraft:play_time":45514,"minecraft:deaths":2,"minecraft:sneak_time":193,"minecraft:walk_under_water_one_cm":3882,"minecraft:jump":481,"minecraft:walk_on_water_one_cm":4479,"minecraft:total_world_time":45514,"minecraft:fall_one_cm":10297},"minecraft:dropped":{"minecraft:white_tulip":4,"minecraft:wheat_seeds":11,"minecraft:rotten_flesh":3,"minecraft:mangrove_log":1,"born_in_chaos_v1:river_mint":1,"minecraft:wooden_axe":2,"minecraft:wooden_shovel":4,"minecraft:wooden_sword":2,"minecraft:sand":15,"minecraft:wooden_pickaxe":2},"minecraft:crafted":{"minecraft:wooden_sword":2,"minecraft:oak_planks":164,"minecraft:wooden_shovel":2,"minecraft:cobblestone_slab":6,"minecraft:crafting_table":2,"minecraft:wooden_pickaxe":1,"minecraft:birch_planks":76,"minecraft:stone_axe":1,"minecraft:stick":8,"minecraft:stone_pickaxe":2,"minecraft:wooden_axe":2,"minecraft:stone_sword":1,"minecraft:chest":1,"minecraft:oak_button":36,"minecraft:torch":40},"minecraft:mined":{"minecraft:tall_grass":14,"butchersdelight:deadcowblock":1,"minecraft:birch_log":19,"minecraft:grass":43,"minecraft:oak_log":92,"minecraft:dirt":1,"minecraft:sand":15,"minecraft:stone":44,"minecraft:oak_leaves":2},"minecraft:killed":{"born_in_chaos_v1:barrel_zombie":1,"minecraft:creeper":1,"born_in_chaos_v1:zombie_fisherman":2,"minecraft:zombie":3}},"DataVersion":3120}