{"stats":{"minecraft:broken":{"minecraft:leather_helmet":1,"minecraft:stone_sword":2,"minecraft:leather_leggings":1,"minecraft:leather_chestplate":1,"minecraft:wooden_pickaxe":1,"minecraft:stone_pickaxe":2,"minecraft:wooden_sword":1,"minecraft:leather_boots":1,"minecraft:wooden_axe":1,"prefab:item_swift_blade_stone":1},"minecraft:killed_by":{"born_in_chaos_v1:nightmare_stalker":3,"born_in_chaos_v1:corpse_fly":1,"born_in_chaos_v1:diamond_termite":1,"minecraft:skeleton":1,"born_in_chaos_v1:door_knight":2},"minecraft:picked_up":{"minecraft:wooden_axe":1,"realisticforging:twohotironingot":1,"minecraft:fishing_rod":1,"minecraft:seagrass":4,"minecraft:crafting_table":1,"securitycraft:keypad_item":7,"minecraft:purple_wool":3,"minecraft:redstone_lamp":1,"born_in_chaos_v1:river_mint":1,"minecraft:clay_ball":4,"minecraft:wooden_pickaxe":1,"minecraft:moss_carpet":1,"minecraft:string":2,"minecraft:wooden_sword":1,"born_in_chaos_v1:intoxicating_decoction":1,"minecraft:item_frame":1,"minecraft:pufferfish":1,"butchersdelight:dead_cow":4,"realisticforging:smithing_hammer":2,"minecraft:gold_nugget":2,"minecraft:bucket":1,"realisticforging:pickedironiingot":1,"minecraft:beef":10,"minecraft:white_tulip":4,"minecraft:cobblestone_slab":2,"minecraft:azalea":1,"minecraft:wooden_shovel":2,"minecraft:birch_sapling":6,"minecraft:piston":3,"minecraft:mangrove_log":1,"minecraft:egg":3,"minecraft:stick":31,"born_in_chaos_v1:shattered_skull":1,"minecraft:jukebox":1,"minecraft:torch":12,"minecraft:porkchop":20,"minecraft:carrot":10,"minecraft:blue_carpet":3,"minecraft:arrow":2,"realisticforging:smithing_anvil":1,"minecraft:rotten_flesh":29,"butchersdelight:deadsheep":2,"minecraft:tropical_fish":7,"realisticforging:hotpickaxehead":2,"minecraft:hay_block":58,"prefab:item_swift_blade_stone":1,"minecraft:iron_block":5,"realisticforging:raw_iron_ore":493,"minecraft:glow_berries":14,"minecraft:cod":1,"minecraft:white_wool":2,"minecraft:cobblestone":326,"minecraft:birch_log":19,"born_in_chaos_v1:corpse_maggot":11,"minecraft:iron_door":6,"minecraft:salmon":1,"minecraft:andesite":80,"minecraft:potato":30,"minecraft:flint":2,"butchersdelight:deadpig":11,"minecraft:oak_log":90,"minecraft:lapis_lazuli":28,"realisticforging:rawpickaxehead":1,"realisticforging:copperore":75,"minecraft:gunpowder":1,"realisticforging:hotironingot":1,"minecraft:dirt":31,"born_in_chaos_v1:marigolds":1,"minecraft:bone":11,"minecraft:apple":8,"minecraft:wheat_seeds":16,"minecraft:iron_ingot":2,"minecraft:stone_pickaxe":1,"lightmanscurrency:coin_iron":4,"minecraft:moss_block":6,"minecraft:flowering_azalea":1,"minecraft:purple_concrete":4,"minecraft:book":6,"minecraft:dark_oak_slab":1,"minecraft:birch_boat":1,"minecraft:gravel":9,"butchersdelight:skullcow":2,"realisticforging:hotrawironore":44,"butchersdelight:cow_hide":1,"minecraft:sand":15,"minecraft:spruce_sapling":6,"minecraft:spruce_log":20,"minecraft:ink_sac":1,"lightmanscurrency:coin_copper":31,"realisticforging:purerawgoldore":15,"minecraft:blue_terracotta":2,"minecraft:slime_ball":2,"realisticforging:blacksmithstongs":1,"minecraft:bone_meal":1,"minecraft:rooted_dirt":3,"butchersdelight:hook":3,"minecraft:oak_sapling":42,"born_in_chaos_v1:rotten_fish":3,"minecraft:coal":80},"minecraft:used":{"minecraft:stone_sword":294,"minecraft:chest":6,"minecraft:iron_sword":89,"butchersdelight:hook":6,"minecraft:wooden_shovel":17,"minecraft:stone_hoe":28,"minecraft:torch":112,"minecraft:dirt":8,"securitycraft:keypad_item":7,"minecraft:carrot":13,"minecraft:wooden_axe":167,"butchersdelight:cleaver":1,"minecraft:iron_block":4,"minecraft:birch_sapling":5,"minecraft:iron_boots":1,"minecraft:item_frame":1,"prefab:item_swift_blade_stone":152,"minecraft:furnace":3,"minecraft:oak_sapling":42,"minecraft:egg":2,"minecraft:potato":36,"minecraft:iron_leggings":1,"minecraft:water_bucket":3,"minecraft:stone_pickaxe":486,"realisticforging:smithing_anvil":1,"minecraft:leather_boots":1,"minecraft:wooden_pickaxe":179,"minecraft:birch_boat":3,"minecraft:stonecutter":1,"minecraft:cobblestone_slab":4,"minecraft:white_wool":1,"minecraft:glow_berries":26,"minecraft:crafting_table":10,"minecraft:crossbow":9,"minecraft:spruce_log":2,"minecraft:apple":30,"minecraft:bread":32,"minecraft:iron_pickaxe":138,"minecraft:spruce_sapling":1,"minecraft:iron_door":3,"minecraft:golden_leggings":1,"minecraft:blue_carpet":3,"minecraft:fishing_rod":1,"minecraft:wooden_sword":95,"minecraft:cobblestone":136,"minecraft:grindstone":1,"minecraft:cooked_porkchop":8,"minecraft:bucket":3,"minecraft:andesite":21,"minecraft:oak_boat":3},"minecraft:custom":{"minecraft:mob_kills":45,"minecraft:interact_with_anvil":2,"minecraft:inspect_hopper":1,"minecraft:open_barrel":96,"minecraft:interact_with_crafting_table":75,"minecraft:damage_dealt_resisted":3126,"minecraft:time_since_death":48815,"minecraft:climb_one_cm":43885,"minecraft:sprint_one_cm":904122,"minecraft:walk_one_cm":1049978,"minecraft:drop":92,"minecraft:damage_dealt_absorbed":119,"minecraft:talked_to_villager":1,"minecraft:play_time":309514,"minecraft:sneak_time":2515,"minecraft:deaths":10,"minecraft:walk_under_water_one_cm":19231,"minecraft:boat_one_cm":321022,"minecraft:jump":2931,"minecraft:interact_with_blast_furnace":2,"minecraft:walk_on_water_one_cm":49952,"minecraft:total_world_time":309514,"minecraft:interact_with_furnace":118,"minecraft:interact_with_grindstone":8,"minecraft:interact_with_stonecutter":5,"minecraft:sleep_in_bed":4,"minecraft:time_since_rest":48838,"minecraft:damage_taken":5455,"minecraft:damage_dealt":8948,"minecraft:swim_one_cm":61537,"minecraft:fly_one_cm":356923,"minecraft:open_chest":142,"minecraft:crouch_one_cm":4646,"minecraft:fall_one_cm":53786},"minecraft:dropped":{"minecraft:moss_block":4,"minecraft:wheat_seeds":12,"realisticforging:raw_iron_ore":332,"minecraft:dirt":2,"born_in_chaos_v1:river_mint":1,"minecraft:wooden_axe":2,"realisticforging:smithing_hammer":1,"minecraft:wooden_sword":2,"minecraft:flowering_azalea":1,"realisticforging:hotpickaxehead":2,"minecraft:sand":15,"realisticforging:hotironingot":1,"minecraft:white_tulip":4,"realisticforging:hotrawironore":44,"minecraft:birch_sapling":1,"born_in_chaos_v1:rotten_fish":2,"minecraft:rotten_flesh":10,"realisticforging:pickedironiingot":1,"realisticforging:rawpickaxehead":1,"minecraft:cobblestone_slab":1,"minecraft:mangrove_log":1,"realisticforging:purerawgoldore":30,"born_in_chaos_v1:corpse_maggot":1,"minecraft:azalea":1,"minecraft:wooden_shovel":4,"realisticforging:twohotironingot":1,"minecraft:wooden_pickaxe":2,"minecraft:stone_pickaxe":1},"minecraft:crafted":{"minecraft:brick":4,"minecraft:grindstone":1,"minecraft:wooden_sword":2,"minecraft:oak_planks":184,"minecraft:cobblestone_slab":6,"minecraft:iron_nugget":27,"minecraft:birch_boat":2,"minecraft:furnace":3,"minecraft:stone":6,"realisticforging:hotironingot":1,"realisticforging:emptymold":1,"minecraft:flint_and_steel":1,"realisticforging:smithing_hammer":1,"realisticforging:two_sticks":1,"minecraft:stone_pickaxe":5,"minecraft:chest":6,"minecraft:oak_button":36,"minecraft:wheat":144,"minecraft:wooden_shovel":3,"minecraft:cooked_porkchop":8,"butchersdelight:hook":3,"minecraft:spruce_planks":12,"minecraft:crafting_table":9,"minecraft:wooden_pickaxe":3,"minecraft:iron_sword":1,"minecraft:birch_planks":76,"butchersdelight:cleaver":1,"minecraft:stone_axe":1,"minecraft:bread":53,"realisticforging:hotpickaxehead":2,"minecraft:oak_boat":3,"realisticforging:twohotironingot":1,"realisticforging:hotrawironore":40,"securitycraft:door_indestructible_iron_item":1,"minecraft:charcoal":9,"minecraft:stone_slab":6,"minecraft:stick":52,"realisticforging:blacksmithstongs":1,"minecraft:iron_pickaxe":2,"minecraft:wooden_axe":3,"minecraft:stone_sword":3,"minecraft:stonecutter":1,"realisticforging:rawlargewoodhandle":4,"minecraft:torch":128},"minecraft:killed":{"born_in_chaos_v1:zombie_clown":1,"born_in_chaos_v1:maggot":8,"born_in_chaos_v1:barrel_zombie":2,"born_in_chaos_v1:diamond_termite":1,"born_in_chaos_v1:baby_skeleton":2,"born_in_chaos_v1:swarmer":1,"minecraft:creeper":1,"born_in_chaos_v1:decrepit_skeleton":1,"minecraft:sheep":1,"born_in_chaos_v1:zombie_fisherman":3,"minecraft:zombie":8,"born_in_chaos_v1:corpse_fly":11,"born_in_chaos_v1:door_knight":3},"minecraft:mined":{"minecraft:blue_carpet":3,"born_in_chaos_v1:infected_diamond_ore":1,"minecraft:cave_vines_plant":9,"butchersdelight:deadsheepblock":1,"minecraft:ladder":1,"minecraft:grass_block":8,"minecraft:spruce_leaves":2,"minecraft:moss_block":4,"minecraft:rooted_dirt":3,"minecraft:large_fern":2,"minecraft:hay_block":58,"minecraft:carrots":6,"minecraft:iron_ore":95,"minecraft:andesite":82,"minecraft:bookshelf":2,"minecraft:potatoes":12,"minecraft:cave_vines":19,"minecraft:cobblestone_slab":3,"minecraft:azalea":1,"minecraft:stone":326,"minecraft:iron_block":4,"minecraft:white_wool":1,"minecraft:podzol":3,"minecraft:flowering_azalea":1,"minecraft:crafting_table":1,"minecraft:torch":6,"minecraft:copper_ore":28,"minecraft:cobblestone":13,"minecraft:tall_grass":28,"minecraft:lapis_ore":5,"minecraft:iron_door":3,"minecraft:wall_torch":5,"minecraft:purple_wool":4,"minecraft:blue_terracotta":2,"minecraft:dark_oak_slab":1,"butchersdelight:deadcowblock":1,"minecraft:birch_log":19,"minecraft:spruce_log":22,"minecraft:jukebox":1,"minecraft:birch_leaves":1,"minecraft:purple_concrete":4,"minecraft:grass":79,"butchersdelight:hook":3,"minecraft:oak_log":94,"minecraft:coal_ore":82,"minecraft:gravel":11,"minecraft:sand":15,"minecraft:dirt":20,"minecraft:piston":3,"minecraft:oak_leaves":6,"minecraft:redstone_lamp":1,"minecraft:fern":6}},"DataVersion":3120}