{"stats":{"minecraft:broken":{"minecraft:leather_helmet":1,"minecraft:stone_sword":2,"minecraft:stone_pickaxe":2,"minecraft:wooden_sword":1,"minecraft:leather_boots":1,"minecraft:wooden_axe":1,"prefab:item_swift_blade_stone":1},"minecraft:killed_by":{"born_in_chaos_v1:nightmare_stalker":3,"born_in_chaos_v1:corpse_fly":1,"minecraft:skeleton":1,"born_in_chaos_v1:door_knight":2},"minecraft:picked_up":{"minecraft:wooden_axe":1,"realisticforging:twohotironingot":1,"minecraft:fishing_rod":1,"minecraft:seagrass":4,"minecraft:crafting_table":1,"securitycraft:keypad_item":7,"born_in_chaos_v1:river_mint":1,"minecraft:clay_ball":4,"minecraft:wooden_pickaxe":1,"minecraft:wooden_sword":1,"born_in_chaos_v1:intoxicating_decoction":1,"minecraft:item_frame":1,"minecraft:pufferfish":1,"butchersdelight:dead_cow":4,"realisticforging:smithing_hammer":2,"minecraft:gold_nugget":2,"minecraft:bucket":1,"realisticforging:pickedironiingot":1,"minecraft:beef":10,"minecraft:white_tulip":4,"minecraft:cobblestone_slab":2,"minecraft:azalea":1,"minecraft:wooden_shovel":2,"minecraft:birch_sapling":6,"minecraft:mangrove_log":1,"minecraft:egg":3,"minecraft:stick":30,"born_in_chaos_v1:shattered_skull":1,"minecraft:torch":3,"minecraft:porkchop":20,"minecraft:carrot":10,"minecraft:blue_carpet":3,"realisticforging:smithing_anvil":1,"minecraft:rotten_flesh":27,"butchersdelight:deadsheep":2,"minecraft:tropical_fish":5,"realisticforging:hotpickaxehead":2,"prefab:item_swift_blade_stone":1,"minecraft:iron_block":5,"realisticforging:raw_iron_ore":436,"minecraft:glow_berries":13,"minecraft:white_wool":2,"minecraft:cobblestone":128,"minecraft:birch_log":19,"born_in_chaos_v1:corpse_maggot":10,"minecraft:iron_door":6,"minecraft:salmon":1,"minecraft:andesite":79,"minecraft:potato":30,"minecraft:flint":2,"butchersdelight:deadpig":11,"minecraft:oak_log":88,"realisticforging:rawpickaxehead":1,"minecraft:gunpowder":1,"realisticforging:hotironingot":1,"minecraft:dirt":10,"minecraft:bone":9,"minecraft:apple":8,"minecraft:wheat_seeds":12,"minecraft:iron_ingot":2,"minecraft:stone_pickaxe":1,"lightmanscurrency:coin_iron":4,"minecraft:moss_block":4,"minecraft:flowering_azalea":1,"minecraft:gravel":9,"butchersdelight:skullcow":2,"realisticforging:hotrawironore":44,"butchersdelight:cow_hide":1,"minecraft:sand":15,"minecraft:ink_sac":1,"lightmanscurrency:coin_copper":28,"realisticforging:purerawgoldore":15,"minecraft:slime_ball":2,"realisticforging:blacksmithstongs":1,"minecraft:bone_meal":1,"butchersdelight:hook":3,"minecraft:oak_sapling":42,"born_in_chaos_v1:rotten_fish":2,"minecraft:coal":73},"minecraft:used":{"minecraft:stone_sword":284,"minecraft:chest":5,"minecraft:iron_sword":54,"butchersdelight:hook":6,"minecraft:wooden_shovel":12,"minecraft:stone_hoe":28,"minecraft:torch":86,"minecraft:dirt":8,"securitycraft:keypad_item":6,"minecraft:carrot":6,"minecraft:wooden_axe":128,"butchersdelight:cleaver":1,"minecraft:iron_block":4,"minecraft:birch_sapling":5,"minecraft:item_frame":1,"prefab:item_swift_blade_stone":152,"minecraft:furnace":2,"minecraft:oak_sapling":42,"minecraft:egg":2,"minecraft:potato":36,"minecraft:water_bucket":3,"minecraft:stone_pickaxe":388,"realisticforging:smithing_anvil":1,"minecraft:wooden_pickaxe":44,"minecraft:birch_boat":1,"minecraft:stonecutter":1,"minecraft:cobblestone_slab":4,"minecraft:white_wool":1,"minecraft:glow_berries":26,"minecraft:crafting_table":4,"minecraft:apple":25,"minecraft:bread":20,"minecraft:iron_door":3,"minecraft:blue_carpet":3,"minecraft:fishing_rod":1,"minecraft:wooden_sword":95,"minecraft:cobblestone":34,"minecraft:grindstone":1,"minecraft:cooked_porkchop":8,"minecraft:bucket":3,"minecraft:andesite":21,"minecraft:oak_boat":2},"minecraft:custom":{"minecraft:mob_kills":41,"minecraft:interact_with_anvil":1,"minecraft:inspect_hopper":1,"minecraft:open_barrel":84,"minecraft:interact_with_crafting_table":60,"minecraft:damage_dealt_resisted":3106,"minecraft:time_since_death":78986,"minecraft:climb_one_cm":37301,"minecraft:sprint_one_cm":686136,"minecraft:walk_one_cm":881509,"minecraft:drop":92,"minecraft:play_time":243514,"minecraft:sneak_time":1859,"minecraft:deaths":9,"minecraft:walk_under_water_one_cm":17576,"minecraft:boat_one_cm":124350,"minecraft:jump":2132,"minecraft:interact_with_blast_furnace":2,"minecraft:walk_on_water_one_cm":37543,"minecraft:total_world_time":243514,"minecraft:interact_with_furnace":116,"minecraft:interact_with_grindstone":8,"minecraft:interact_with_stonecutter":5,"minecraft:sleep_in_bed":4,"minecraft:time_since_rest":79023,"minecraft:damage_taken":4465,"minecraft:damage_dealt":8109,"minecraft:swim_one_cm":53650,"minecraft:fly_one_cm":270733,"minecraft:open_chest":105,"minecraft:crouch_one_cm":2158,"minecraft:fall_one_cm":39784},"minecraft:dropped":{"minecraft:moss_block":4,"minecraft:wheat_seeds":12,"realisticforging:raw_iron_ore":332,"minecraft:dirt":2,"born_in_chaos_v1:river_mint":1,"minecraft:wooden_axe":2,"realisticforging:smithing_hammer":1,"minecraft:wooden_sword":2,"minecraft:flowering_azalea":1,"realisticforging:hotpickaxehead":2,"minecraft:sand":15,"realisticforging:hotironingot":1,"minecraft:white_tulip":4,"realisticforging:hotrawironore":44,"minecraft:birch_sapling":1,"born_in_chaos_v1:rotten_fish":2,"minecraft:rotten_flesh":10,"realisticforging:pickedironiingot":1,"realisticforging:rawpickaxehead":1,"minecraft:cobblestone_slab":1,"minecraft:mangrove_log":1,"realisticforging:purerawgoldore":30,"born_in_chaos_v1:corpse_maggot":1,"minecraft:azalea":1,"minecraft:wooden_shovel":4,"realisticforging:twohotironingot":1,"minecraft:wooden_pickaxe":2,"minecraft:stone_pickaxe":1},"minecraft:crafted":{"minecraft:brick":4,"minecraft:grindstone":1,"minecraft:wooden_sword":2,"minecraft:oak_planks":184,"minecraft:cobblestone_slab":6,"minecraft:iron_nugget":27,"minecraft:birch_boat":1,"minecraft:furnace":2,"minecraft:stone":6,"realisticforging:hotironingot":1,"realisticforging:emptymold":1,"minecraft:flint_and_steel":1,"realisticforging:smithing_hammer":1,"realisticforging:two_sticks":1,"minecraft:stone_pickaxe":3,"minecraft:chest":5,"minecraft:oak_button":36,"minecraft:wooden_shovel":2,"minecraft:cooked_porkchop":8,"butchersdelight:hook":3,"minecraft:crafting_table":3,"minecraft:wooden_pickaxe":1,"minecraft:iron_sword":1,"minecraft:birch_planks":76,"butchersdelight:cleaver":1,"minecraft:stone_axe":1,"realisticforging:hotpickaxehead":2,"minecraft:oak_boat":2,"realisticforging:twohotironingot":1,"realisticforging:hotrawironore":40,"securitycraft:door_indestructible_iron_item":1,"minecraft:stone_slab":6,"minecraft:stick":48,"realisticforging:blacksmithstongs":1,"minecraft:iron_pickaxe":2,"minecraft:wooden_axe":2,"minecraft:stone_sword":2,"minecraft:stonecutter":1,"realisticforging:rawlargewoodhandle":4,"minecraft:torch":84},"minecraft:killed":{"born_in_chaos_v1:zombie_clown":1,"born_in_chaos_v1:maggot":8,"born_in_chaos_v1:barrel_zombie":2,"born_in_chaos_v1:baby_skeleton":2,"born_in_chaos_v1:swarmer":1,"minecraft:creeper":1,"born_in_chaos_v1:decrepit_skeleton":1,"minecraft:sheep":1,"born_in_chaos_v1:zombie_fisherman":3,"minecraft:zombie":6,"born_in_chaos_v1:corpse_fly":10,"born_in_chaos_v1:door_knight":3},"minecraft:mined":{"minecraft:blue_carpet":3,"minecraft:cave_vines_plant":8,"butchersdelight:deadsheepblock":1,"minecraft:ladder":1,"minecraft:grass_block":4,"minecraft:spruce_leaves":2,"minecraft:moss_block":4,"minecraft:large_fern":2,"minecraft:carrots":6,"minecraft:iron_ore":74,"minecraft:andesite":81,"minecraft:potatoes":12,"minecraft:cave_vines":17,"minecraft:cobblestone_slab":3,"minecraft:azalea":1,"minecraft:stone":122,"minecraft:iron_block":4,"minecraft:white_wool":1,"minecraft:flowering_azalea":1,"minecraft:crafting_table":1,"minecraft:cobblestone":8,"minecraft:tall_grass":16,"minecraft:iron_door":3,"minecraft:wall_torch":2,"butchersdelight:deadcowblock":1,"minecraft:birch_log":19,"minecraft:birch_leaves":1,"minecraft:grass":58,"butchersdelight:hook":3,"minecraft:oak_log":92,"minecraft:coal_ore":75,"minecraft:gravel":11,"minecraft:sand":15,"minecraft:dirt":6,"minecraft:oak_leaves":6,"minecraft:fern":5}},"DataVersion":3120}