{"stats":{"minecraft:broken":{"minecraft:stone_sword":1,"minecraft:stone_pickaxe":1,"minecraft:wooden_sword":1,"minecraft:wooden_axe":1,"prefab:item_swift_blade_stone":1},"minecraft:killed_by":{"born_in_chaos_v1:nightmare_stalker":3,"minecraft:skeleton":1,"born_in_chaos_v1:door_knight":2},"minecraft:picked_up":{"minecraft:wooden_axe":1,"minecraft:seagrass":2,"securitycraft:keypad_item":2,"born_in_chaos_v1:river_mint":1,"minecraft:wooden_pickaxe":1,"minecraft:wooden_sword":1,"born_in_chaos_v1:intoxicating_decoction":1,"minecraft:item_frame":1,"minecraft:pufferfish":1,"butchersdelight:dead_cow":4,"realisticforging:smithing_hammer":1,"minecraft:bucket":1,"minecraft:beef":2,"minecraft:white_tulip":4,"minecraft:cobblestone_slab":2,"minecraft:azalea":1,"minecraft:wooden_shovel":2,"minecraft:birch_sapling":6,"minecraft:mangrove_log":1,"minecraft:egg":3,"minecraft:stick":30,"born_in_chaos_v1:shattered_skull":1,"minecraft:torch":1,"minecraft:porkchop":8,"minecraft:blue_carpet":2,"realisticforging:smithing_anvil":1,"minecraft:rotten_flesh":23,"butchersdelight:deadsheep":2,"minecraft:tropical_fish":5,"prefab:item_swift_blade_stone":1,"minecraft:iron_block":1,"realisticforging:raw_iron_ore":434,"minecraft:glow_berries":13,"minecraft:white_wool":1,"minecraft:cobblestone":81,"minecraft:birch_log":19,"born_in_chaos_v1:corpse_maggot":9,"minecraft:iron_door":3,"minecraft:andesite":79,"minecraft:potato":1,"butchersdelight:deadpig":4,"minecraft:oak_log":88,"minecraft:gunpowder":1,"minecraft:dirt":10,"minecraft:bone":4,"minecraft:apple":8,"minecraft:wheat_seeds":12,"minecraft:iron_ingot":2,"minecraft:stone_pickaxe":1,"lightmanscurrency:coin_iron":3,"minecraft:moss_block":4,"minecraft:flowering_azalea":1,"butchersdelight:cow_hide":1,"minecraft:sand":15,"minecraft:ink_sac":1,"lightmanscurrency:coin_copper":23,"realisticforging:purerawgoldore":15,"minecraft:slime_ball":2,"realisticforging:blacksmithstongs":1,"minecraft:oak_sapling":42,"born_in_chaos_v1:rotten_fish":2,"minecraft:coal":53},"minecraft:used":{"minecraft:stone_sword":246,"minecraft:chest":5,"minecraft:wooden_shovel":12,"minecraft:stone_hoe":3,"minecraft:torch":79,"minecraft:dirt":8,"securitycraft:keypad_item":1,"minecraft:carrot":3,"minecraft:wooden_axe":128,"minecraft:birch_sapling":5,"minecraft:item_frame":1,"prefab:item_swift_blade_stone":152,"minecraft:oak_sapling":42,"minecraft:egg":2,"minecraft:potato":3,"minecraft:stone_pickaxe":270,"minecraft:wooden_pickaxe":44,"minecraft:birch_boat":1,"minecraft:cobblestone_slab":4,"minecraft:glow_berries":26,"minecraft:crafting_table":2,"minecraft:apple":8,"minecraft:bread":20,"minecraft:blue_carpet":1,"minecraft:wooden_sword":95,"minecraft:cooked_porkchop":8,"minecraft:andesite":21,"minecraft:oak_boat":2},"minecraft:custom":{"minecraft:mob_kills":35,"minecraft:interact_with_anvil":1,"minecraft:inspect_hopper":1,"minecraft:open_barrel":57,"minecraft:interact_with_crafting_table":23,"minecraft:damage_dealt_resisted":3106,"minecraft:time_since_death":3126,"minecraft:climb_one_cm":18731,"minecraft:sprint_one_cm":576141,"minecraft:walk_one_cm":602383,"minecraft:drop":41,"minecraft:play_time":141514,"minecraft:sneak_time":337,"minecraft:deaths":6,"minecraft:walk_under_water_one_cm":15732,"minecraft:boat_one_cm":94676,"minecraft:jump":1842,"minecraft:interact_with_blast_furnace":2,"minecraft:walk_on_water_one_cm":32200,"minecraft:total_world_time":141514,"minecraft:interact_with_furnace":11,"minecraft:sleep_in_bed":4,"minecraft:time_since_rest":3151,"minecraft:damage_taken":3267,"minecraft:damage_dealt":6536,"minecraft:swim_one_cm":49671,"minecraft:fly_one_cm":245645,"minecraft:open_chest":12,"minecraft:crouch_one_cm":1170,"minecraft:fall_one_cm":36883},"minecraft:dropped":{"minecraft:moss_block":4,"minecraft:wheat_seeds":12,"realisticforging:raw_iron_ore":332,"minecraft:dirt":2,"born_in_chaos_v1:river_mint":1,"minecraft:wooden_axe":2,"minecraft:wooden_sword":2,"minecraft:flowering_azalea":1,"minecraft:sand":15,"minecraft:white_tulip":4,"minecraft:birch_sapling":1,"born_in_chaos_v1:rotten_fish":2,"minecraft:rotten_flesh":10,"minecraft:cobblestone_slab":1,"minecraft:mangrove_log":1,"realisticforging:purerawgoldore":30,"born_in_chaos_v1:corpse_maggot":1,"minecraft:azalea":1,"minecraft:wooden_shovel":4,"minecraft:wooden_pickaxe":2,"minecraft:stone_pickaxe":1},"minecraft:crafted":{"minecraft:wooden_sword":2,"minecraft:oak_planks":184,"minecraft:cobblestone_slab":6,"minecraft:iron_nugget":9,"minecraft:birch_boat":1,"minecraft:stone_pickaxe":3,"minecraft:chest":5,"minecraft:oak_button":36,"minecraft:wooden_shovel":2,"minecraft:cooked_porkchop":8,"minecraft:crafting_table":3,"minecraft:wooden_pickaxe":1,"minecraft:birch_planks":76,"butchersdelight:cleaver":1,"minecraft:stone_axe":1,"minecraft:oak_boat":2,"minecraft:stick":36,"minecraft:wooden_axe":2,"minecraft:stone_sword":2,"minecraft:torch":84},"minecraft:killed":{"born_in_chaos_v1:zombie_clown":1,"born_in_chaos_v1:maggot":8,"born_in_chaos_v1:barrel_zombie":1,"born_in_chaos_v1:baby_skeleton":2,"born_in_chaos_v1:swarmer":1,"minecraft:creeper":1,"born_in_chaos_v1:decrepit_skeleton":1,"minecraft:sheep":1,"born_in_chaos_v1:zombie_fisherman":2,"minecraft:zombie":5,"born_in_chaos_v1:corpse_fly":8,"born_in_chaos_v1:door_knight":3},"minecraft:mined":{"minecraft:blue_carpet":2,"minecraft:cave_vines_plant":8,"butchersdelight:deadsheepblock":1,"minecraft:ladder":1,"minecraft:grass_block":4,"minecraft:spruce_leaves":2,"minecraft:moss_block":4,"minecraft:large_fern":2,"minecraft:iron_ore":73,"minecraft:andesite":81,"minecraft:cave_vines":17,"minecraft:cobblestone_slab":3,"minecraft:azalea":1,"minecraft:stone":85,"minecraft:flowering_azalea":1,"minecraft:tall_grass":15,"butchersdelight:deadcowblock":1,"minecraft:birch_log":19,"minecraft:birch_leaves":1,"minecraft:grass":46,"minecraft:oak_log":92,"minecraft:coal_ore":55,"minecraft:sand":15,"minecraft:dirt":6,"minecraft:oak_leaves":6,"minecraft:fern":4}},"DataVersion":3120}