{"stats":{"minecraft:picked_up":{"minecraft:tuff":5,"minecraft:oak_log":17,"minecraft:string":1,"minecraft:dirt":4,"born_in_chaos_v1:intoxicating_decoction":1,"minecraft:bone":1,"minecraft:oak_sign":1,"minecraft:wheat_seeds":7,"minecraft:cobbled_deepslate":12,"minecraft:moss_block":2,"minecraft:sugar_cane":6,"minecraft:stick":4,"minecraft:sweet_berries":27,"minecraft:torch":2,"minecraft:oak_pressure_plate":1,"realisticforging:hotrawironore":2,"born_in_chaos_v1:pieceofdarkmetal":1,"minecraft:spruce_log":1,"minecraft:red_terracotta":1,"lightmanscurrency:coin_copper":2,"minecraft:arrow":1,"minecraft:rotten_flesh":9,"realisticforging:raw_iron_ore":48,"minecraft:oak_sapling":5,"minecraft:glow_berries":9,"minecraft:coal":24,"realisticforging:big_stone":1,"minecraft:cobblestone":27},"minecraft:used":{"minecraft:wheat_seeds":3,"minecraft:stone_pickaxe":94,"minecraft:oak_sign":1,"minecraft:wooden_pickaxe":4,"minecraft:torch":14,"minecraft:dirt":2,"minecraft:crafting_table":2,"minecraft:carrot":3,"minecraft:bread":7,"minecraft:red_terracotta":1,"minecraft:oak_pressure_plate":1,"prefab:item_swift_blade_stone":36,"minecraft:cobblestone":5,"minecraft:furnace":1,"minecraft:oak_sapling":5,"minecraft:potato":3,"minecraft:cobbled_deepslate":3},"minecraft:custom":{"minecraft:interact_with_furnace":3,"minecraft:mob_kills":6,"minecraft:interact_with_crafting_table":4,"minecraft:leave_game":2,"minecraft:time_since_death":556,"minecraft:sleep_in_bed":1,"minecraft:climb_one_cm":16083,"minecraft:time_since_rest":585,"minecraft:sprint_one_cm":51093,"minecraft:damage_taken":569,"minecraft:walk_one_cm":116586,"minecraft:drop":3,"minecraft:damage_dealt":1119,"minecraft:swim_one_cm":7791,"minecraft:fly_one_cm":81492,"minecraft:open_chest":30,"minecraft:crouch_one_cm":3102,"minecraft:deaths":1,"minecraft:play_time":40384,"minecraft:sneak_time":1707,"minecraft:walk_under_water_one_cm":3270,"minecraft:jump":578,"minecraft:walk_on_water_one_cm":8171,"minecraft:total_world_time":40384,"minecraft:fall_one_cm":11635},"minecraft:dropped":{"realisticforging:hotrawironore":3},"minecraft:crafted":{"minecraft:oak_planks":68,"minecraft:crafting_table":2,"minecraft:spruce_planks":4,"minecraft:wooden_pickaxe":1,"minecraft:furnace":1,"minecraft:air":0,"realisticforging:hotrawironore":1,"minecraft:stick":8,"minecraft:stone_pickaxe":1,"minecraft:wooden_axe":1},"minecraft:killed":{"born_in_chaos_v1:zombie_clown":1,"minecraft:spider":1,"born_in_chaos_v1:zombie_bruiser":1,"born_in_chaos_v1:maggot":2,"minecraft:skeleton":1},"minecraft:mined":{"minecraft:tuff":7,"minecraft:flowering_azalea":1,"minecraft:cave_vines_plant":6,"minecraft:grass_block":2,"minecraft:oak_pressure_plate":1,"minecraft:glass":2,"minecraft:cobblestone":1,"minecraft:tall_grass":14,"minecraft:moss_block":2,"realisticforging:big_stone":2,"minecraft:sugar_cane":2,"minecraft:wall_torch":1,"minecraft:red_terracotta":1,"minecraft:iron_ore":13,"minecraft:sweet_berry_bush":12,"minecraft:grass":13,"minecraft:coal_ore":24,"minecraft:oak_log":15,"minecraft:deepslate_iron_ore":7,"minecraft:cave_vines":26,"minecraft:dirt":2,"minecraft:stone":29,"minecraft:oak_leaves":1,"minecraft:deepslate":13,"minecraft:fern":4}},"DataVersion":3120}