{"stats":{"minecraft:broken":{"minecraft:stone_pickaxe":1},"minecraft:killed_by":{"minecraft:skeleton":1},"minecraft:picked_up":{"minecraft:clay_ball":124,"minecraft:flint":1,"butchersdelight:deadpig":1,"minecraft:tuff":5,"minecraft:oak_log":17,"minecraft:string":1,"minecraft:dirt":11,"born_in_chaos_v1:intoxicating_decoction":1,"minecraft:bone":1,"minecraft:oak_sign":1,"minecraft:wheat_seeds":7,"minecraft:cobbled_deepslate":12,"minecraft:moss_block":2,"minecraft:sugar_cane":6,"minecraft:stick":4,"minecraft:sweet_berries":27,"minecraft:torch":2,"minecraft:oak_pressure_plate":1,"realisticforging:hotrawironore":2,"minecraft:gravel":13,"born_in_chaos_v1:pieceofdarkmetal":1,"minecraft:spruce_log":1,"minecraft:red_terracotta":1,"butchersdelight:deadsheep":1,"lightmanscurrency:coin_copper":12,"minecraft:arrow":2,"minecraft:rotten_flesh":9,"realisticforging:raw_iron_ore":48,"minecraft:oak_sapling":5,"minecraft:glow_berries":9,"minecraft:coal":24,"realisticforging:big_stone":1,"minecraft:white_wool":1,"minecraft:cobblestone":131},"minecraft:used":{"minecraft:wheat_seeds":3,"minecraft:stone_sword":8,"minecraft:stone_pickaxe":198,"minecraft:oak_sign":1,"minecraft:wooden_pickaxe":4,"minecraft:torch":14,"minecraft:dirt":23,"minecraft:crafting_table":2,"minecraft:carrot":3,"minecraft:bread":7,"minecraft:red_terracotta":1,"minecraft:oak_pressure_plate":1,"prefab:item_swift_blade_stone":36,"minecraft:cobblestone":8,"minecraft:furnace":1,"minecraft:oak_sapling":5,"minecraft:potato":3,"minecraft:cobbled_deepslate":3},"minecraft:custom":{"minecraft:interact_with_furnace":4,"minecraft:mob_kills":8,"minecraft:interact_with_crafting_table":5,"minecraft:leave_game":2,"minecraft:time_since_death":9093,"minecraft:sleep_in_bed":1,"minecraft:climb_one_cm":16282,"minecraft:time_since_rest":9120,"minecraft:sprint_one_cm":73201,"minecraft:damage_taken":1017,"minecraft:walk_one_cm":126276,"minecraft:drop":3,"minecraft:damage_dealt":1499,"minecraft:swim_one_cm":31260,"minecraft:fly_one_cm":156314,"minecraft:open_chest":39,"minecraft:crouch_one_cm":8431,"minecraft:deaths":2,"minecraft:play_time":52384,"minecraft:sneak_time":4734,"minecraft:walk_under_water_one_cm":4912,"minecraft:jump":848,"minecraft:walk_on_water_one_cm":11938,"minecraft:total_world_time":52384,"minecraft:fall_one_cm":20464},"minecraft:dropped":{"realisticforging:hotrawironore":3},"minecraft:crafted":{"minecraft:oak_planks":68,"minecraft:crafting_table":2,"minecraft:spruce_planks":4,"minecraft:wooden_pickaxe":1,"minecraft:furnace":1,"minecraft:air":0,"realisticforging:hotrawironore":1,"minecraft:stick":8,"minecraft:stone_pickaxe":1,"minecraft:wooden_axe":1,"minecraft:stone_sword":1},"minecraft:killed":{"born_in_chaos_v1:zombie_clown":1,"minecraft:spider":1,"born_in_chaos_v1:zombie_bruiser":1,"born_in_chaos_v1:maggot":2,"minecraft:sheep":1,"minecraft:skeleton":2},"minecraft:mined":{"minecraft:tuff":7,"minecraft:flowering_azalea":1,"minecraft:clay":31,"minecraft:cave_vines_plant":6,"minecraft:grass_block":4,"minecraft:oak_pressure_plate":1,"minecraft:glass":2,"minecraft:cobblestone":1,"minecraft:tall_grass":14,"minecraft:moss_block":2,"realisticforging:big_stone":2,"minecraft:sugar_cane":2,"minecraft:wall_torch":1,"minecraft:red_terracotta":1,"minecraft:iron_ore":13,"minecraft:sweet_berry_bush":12,"minecraft:grass":13,"minecraft:coal_ore":24,"minecraft:oak_log":15,"minecraft:deepslate_iron_ore":7,"minecraft:cave_vines":26,"minecraft:gravel":15,"minecraft:dirt":7,"minecraft:stone":133,"minecraft:oak_leaves":1,"minecraft:deepslate":13,"minecraft:fern":4}},"DataVersion":3120}