{"stats":{"minecraft:broken":{"minecraft:stone_pickaxe":1,"minecraft:stone_shovel":2},"minecraft:killed_by":{"born_in_chaos_v1:diamond_termite":1,"minecraft:skeleton":1},"minecraft:picked_up":{"realisticforging:hotrawironnugget":2,"minecraft:wheat":2,"minecraft:crafting_table":1,"minecraft:glow_ink_sac":2,"minecraft:clay_ball":124,"minecraft:potato":43,"minecraft:flint":1,"butchersdelight:deadpig":1,"minecraft:tuff":5,"minecraft:oak_log":17,"minecraft:lapis_lazuli":1,"minecraft:string":1,"minecraft:dirt":280,"born_in_chaos_v1:intoxicating_decoction":2,"minecraft:bone":1,"minecraft:oak_sign":11,"minecraft:beetroot":6,"minecraft:wheat_seeds":18,"minecraft:cobbled_deepslate":12,"lightmanscurrency:coin_iron":9,"minecraft:moss_block":2,"minecraft:sugar_cane":6,"minecraft:egg":1,"minecraft:furnace":1,"minecraft:stick":4,"minecraft:sweet_berries":27,"minecraft:torch":8,"minecraft:oak_pressure_plate":1,"minecraft:poisonous_potato":1,"realisticforging:hotrawironore":4,"minecraft:gravel":13,"minecraft:carrot":8,"born_in_chaos_v1:pieceofdarkmetal":1,"minecraft:spruce_log":1,"minecraft:red_terracotta":1,"butchersdelight:deadsheep":3,"lightmanscurrency:coin_copper":28,"minecraft:arrow":2,"minecraft:rotten_flesh":14,"minecraft:beetroot_seeds":26,"realisticforging:raw_iron_ore":76,"born_in_chaos_v1:corpse_maggot":12,"minecraft:nautilus_shell":1,"born_in_chaos_v1:rotten_fish":1,"minecraft:oak_sapling":5,"minecraft:glow_berries":9,"minecraft:coal":51,"realisticforging:big_stone":3,"minecraft:white_wool":1,"minecraft:cobblestone":186},"minecraft:used":{"minecraft:beetroot":26,"minecraft:moss_block":2,"minecraft:wheat_seeds":3,"minecraft:stone_sword":8,"minecraft:stone_shovel":268,"minecraft:stone_pickaxe":299,"minecraft:oak_sign":11,"minecraft:wooden_pickaxe":4,"minecraft:rotten_flesh":5,"minecraft:white_wool":1,"minecraft:torch":19,"minecraft:glow_berries":14,"minecraft:dirt":93,"securitycraft:keypad_item":1,"minecraft:crafting_table":2,"minecraft:carrot":10,"realisticforging:big_stone":3,"minecraft:bread":8,"minecraft:red_terracotta":1,"minecraft:oak_pressure_plate":1,"prefab:item_swift_blade_stone":141,"minecraft:cobblestone":27,"minecraft:sweet_berries":18,"minecraft:furnace":2,"minecraft:oak_sapling":5,"minecraft:cooked_porkchop":2,"minecraft:egg":1,"minecraft:bone_meal":24,"minecraft:potato":13,"minecraft:cobbled_deepslate":3},"minecraft:custom":{"minecraft:interact_with_furnace":96,"minecraft:mob_kills":28,"minecraft:interact_with_crafting_table":29,"minecraft:leave_game":2,"minecraft:time_since_death":46232,"minecraft:sleep_in_bed":1,"minecraft:climb_one_cm":32582,"minecraft:time_since_rest":46264,"minecraft:sprint_one_cm":138820,"minecraft:damage_taken":2353,"minecraft:walk_one_cm":320885,"minecraft:drop":19,"minecraft:damage_dealt":4348,"minecraft:swim_one_cm":74512,"minecraft:fly_one_cm":294320,"minecraft:open_chest":162,"minecraft:crouch_one_cm":29817,"minecraft:deaths":4,"minecraft:play_time":148384,"minecraft:sneak_time":10200,"minecraft:walk_under_water_one_cm":7917,"minecraft:jump":1633,"minecraft:walk_on_water_one_cm":17705,"minecraft:total_world_time":148384,"minecraft:fall_one_cm":44503},"minecraft:dropped":{"minecraft:gravel":13,"born_in_chaos_v1:intoxicating_decoction":1,"realisticforging:hotrawironore":5,"butchersdelight:deadsheep":2,"minecraft:rotten_flesh":13,"realisticforging:hotrawironnugget":3,"minecraft:clay_ball":128,"minecraft:flint":1,"minecraft:arrow":2,"butchersdelight:deadpig":1,"minecraft:redstone":5},"minecraft:crafted":{"minecraft:oak_planks":68,"minecraft:stone_shovel":2,"minecraft:oak_sign":3,"minecraft:crafting_table":2,"minecraft:spruce_planks":4,"minecraft:baked_potato":7,"minecraft:wooden_pickaxe":1,"minecraft:stone_button":8,"minecraft:furnace":1,"minecraft:stone":8,"minecraft:bone_meal":24,"securitycraft:keypad_item":1,"realisticforging:wheatbroom":1,"minecraft:heavy_weighted_pressure_plate":1,"minecraft:bread":1,"minecraft:air":0,"realisticforging:smithing_stone_hammer":3,"realisticforging:hotrawironore":35,"realisticforging:two_sticks":44,"minecraft:stick":140,"minecraft:stone_pickaxe":3,"minecraft:wooden_axe":1,"minecraft:stone_sword":2,"realisticforging:hotrawironnugget":2},"minecraft:killed":{"born_in_chaos_v1:zombie_clown":1,"minecraft:spider":1,"born_in_chaos_v1:zombie_bruiser":1,"born_in_chaos_v1:maggot":2,"minecraft:sheep":1,"minecraft:skeleton":3,"minecraft:zombie":3,"born_in_chaos_v1:corpse_fly":15,"born_in_chaos_v1:barrel_zombie":1},"minecraft:mined":{"minecraft:tuff":7,"minecraft:flowering_azalea":1,"minecraft:red_bed":1,"minecraft:crafting_table":1,"minecraft:clay":31,"butchersdelight:deadsheepblock":1,"minecraft:torch":3,"minecraft:cave_vines_plant":6,"minecraft:grass_block":200,"minecraft:oak_pressure_plate":1,"minecraft:glass":3,"minecraft:cobblestone":1,"minecraft:tall_grass":17,"minecraft:moss_block":4,"realisticforging:big_stone":4,"minecraft:sugar_cane":2,"minecraft:wall_torch":4,"minecraft:big_dripleaf":1,"minecraft:red_terracotta":1,"minecraft:carrots":2,"minecraft:furnace":1,"minecraft:light_gray_stained_glass":5,"minecraft:iron_ore":25,"minecraft:wheat":2,"minecraft:sweet_berry_bush":12,"minecraft:potatoes":11,"minecraft:oak_sign":9,"minecraft:beetroots":12,"minecraft:grass":43,"minecraft:coal_ore":51,"minecraft:oak_log":15,"minecraft:deepslate_iron_ore":7,"minecraft:cave_vines":26,"minecraft:gravel":15,"minecraft:dirt":82,"minecraft:stone":188,"minecraft:oak_leaves":1,"minecraft:deepslate":13,"minecraft:fern":4}},"DataVersion":3120}