{"stats":{"minecraft:broken":{"prefab:item_swift_blade_stone":1,"minecraft:stone_pickaxe":1,"minecraft:stone_shovel":2},"minecraft:killed_by":{"born_in_chaos_v1:diamond_termite":1,"minecraft:skeleton":1},"minecraft:picked_up":{"minecraft:crafting_table":1,"minecraft:wheat":2,"minecraft:clay_ball":160,"minecraft:string":1,"born_in_chaos_v1:intoxicating_decoction":2,"minecraft:oak_sign":11,"minecraft:beetroot":6,"minecraft:cobbled_deepslate":12,"minecraft:sugar_cane":6,"minecraft:furnace":1,"minecraft:egg":1,"minecraft:stick":4,"minecraft:torch":8,"born_in_chaos_v1:pieceofdarkmetal":1,"minecraft:carrot":12,"minecraft:arrow":2,"butchersdelight:deadsheep":3,"minecraft:rotten_flesh":14,"minecraft:beetroot_seeds":26,"realisticforging:raw_iron_ore":76,"minecraft:glow_berries":9,"minecraft:bone_block":18,"minecraft:white_wool":1,"minecraft:cobblestone":186,"minecraft:nautilus_shell":1,"realisticforging:hotrawironnugget":2,"born_in_chaos_v1:corpse_maggot":12,"minecraft:glow_ink_sac":2,"minecraft:potato":50,"butchersdelight:deadpig":1,"minecraft:flint":1,"minecraft:tuff":5,"minecraft:oak_log":17,"minecraft:lapis_lazuli":1,"minecraft:dirt":280,"minecraft:bone":1,"minecraft:wheat_seeds":18,"minecraft:moss_block":2,"lightmanscurrency:coin_iron":11,"minecraft:sweet_berries":27,"minecraft:gravel":13,"minecraft:oak_pressure_plate":1,"minecraft:poisonous_potato":1,"realisticforging:hotrawironore":4,"minecraft:spruce_log":1,"minecraft:red_terracotta":1,"lightmanscurrency:coin_copper":30,"minecraft:bone_meal":1,"minecraft:oak_sapling":5,"born_in_chaos_v1:rotten_fish":2,"realisticforging:big_stone":3,"minecraft:coal":51},"minecraft:used":{"minecraft:beetroot":26,"minecraft:moss_block":2,"minecraft:stone_sword":15,"minecraft:stone_shovel":279,"minecraft:oak_sign":11,"minecraft:rotten_flesh":5,"minecraft:torch":19,"minecraft:dirt":93,"securitycraft:keypad_item":2,"minecraft:carrot":11,"prefab:item_swift_blade_stone":146,"minecraft:sweet_berries":18,"minecraft:oak_sapling":5,"minecraft:furnace":2,"minecraft:egg":1,"minecraft:potato":20,"minecraft:cobbled_deepslate":3,"minecraft:wheat_seeds":3,"minecraft:stone_pickaxe":317,"minecraft:baked_potato":4,"minecraft:wooden_pickaxe":4,"minecraft:stonecutter":1,"minecraft:white_wool":1,"minecraft:glow_berries":14,"minecraft:crafting_table":2,"realisticforging:big_stone":3,"minecraft:bread":8,"minecraft:red_terracotta":1,"minecraft:oak_pressure_plate":1,"minecraft:cobblestone":27,"minecraft:cooked_porkchop":2,"minecraft:bone_meal":24},"minecraft:custom":{"minecraft:mob_kills":31,"minecraft:interact_with_crafting_table":34,"minecraft:leave_game":2,"minecraft:time_since_death":64232,"minecraft:climb_one_cm":33365,"minecraft:sprint_one_cm":152332,"minecraft:walk_one_cm":337918,"minecraft:drop":19,"minecraft:play_time":166384,"minecraft:deaths":4,"minecraft:sneak_time":10535,"minecraft:walk_under_water_one_cm":8946,"minecraft:jump":1844,"minecraft:walk_on_water_one_cm":21852,"minecraft:total_world_time":166384,"minecraft:interact_with_furnace":112,"minecraft:interact_with_stonecutter":4,"minecraft:sleep_in_bed":1,"minecraft:time_since_rest":64264,"minecraft:damage_taken":2457,"minecraft:damage_dealt":4988,"minecraft:swim_one_cm":79572,"minecraft:fly_one_cm":349279,"minecraft:open_chest":181,"minecraft:crouch_one_cm":31218,"minecraft:fall_one_cm":49249},"minecraft:dropped":{"born_in_chaos_v1:intoxicating_decoction":1,"minecraft:flint":1,"butchersdelight:deadpig":1,"minecraft:redstone":5,"minecraft:gravel":13,"realisticforging:hotrawironore":5,"butchersdelight:deadsheep":2,"minecraft:rotten_flesh":13,"minecraft:clay_ball":128,"realisticforging:hotrawironnugget":3,"minecraft:arrow":2},"minecraft:crafted":{"minecraft:brick":24,"minecraft:oak_planks":68,"minecraft:stone_shovel":2,"minecraft:oak_sign":3,"realisticforging:helmetmold":1,"minecraft:furnace":1,"minecraft:stone_button":16,"minecraft:stone":19,"realisticforging:wheatbroom":1,"minecraft:bone_meal":24,"securitycraft:keypad_item":2,"realisticforging:emptymold":8,"minecraft:heavy_weighted_pressure_plate":2,"realisticforging:smithing_stone_hammer":3,"realisticforging:two_sticks":44,"minecraft:stone_pickaxe":3,"realisticforging:chestplatemold":1,"realisticforging:leggingsmold":1,"realisticforging:shovelmold":1,"minecraft:crafting_table":2,"minecraft:spruce_planks":4,"minecraft:wooden_pickaxe":1,"minecraft:baked_potato":7,"realisticforging:bootsmold":1,"minecraft:bread":1,"minecraft:air":0,"realisticforging:pickaxemold":1,"realisticforging:hotrawironore":37,"minecraft:stick":140,"minecraft:wooden_axe":1,"minecraft:stone_sword":2,"realisticforging:swordshapedmold":1,"minecraft:stonecutter":1,"realisticforging:hotrawironnugget":2,"realisticforging:axemold":1},"minecraft:killed":{"born_in_chaos_v1:zombie_clown":1,"minecraft:spider":1,"born_in_chaos_v1:zombie_bruiser":1,"born_in_chaos_v1:maggot":2,"minecraft:skeleton":3,"born_in_chaos_v1:corpse_fish":2,"born_in_chaos_v1:barrel_zombie":1,"minecraft:sheep":1,"minecraft:zombie":3,"born_in_chaos_v1:corpse_fly":15,"minecraft:enderman":1},"minecraft:mined":{"minecraft:tuff":7,"minecraft:red_stained_glass":2,"minecraft:cave_vines_plant":6,"butchersdelight:deadsheepblock":1,"minecraft:grass_block":200,"minecraft:oak_pressure_plate":1,"realisticforging:big_stone":4,"minecraft:moss_block":4,"minecraft:furnace":1,"minecraft:carrots":3,"minecraft:iron_ore":25,"minecraft:potatoes":13,"minecraft:cave_vines":26,"minecraft:deepslate_iron_ore":7,"minecraft:oak_sign":9,"minecraft:stone":188,"minecraft:bone_block":18,"minecraft:flowering_azalea":1,"minecraft:red_bed":1,"minecraft:clay":41,"minecraft:crafting_table":1,"minecraft:torch":3,"minecraft:glass":3,"minecraft:tall_grass":17,"minecraft:cobblestone":1,"minecraft:sugar_cane":2,"minecraft:wall_torch":4,"minecraft:big_dripleaf":1,"minecraft:red_terracotta":1,"minecraft:light_gray_stained_glass":5,"minecraft:wheat":2,"minecraft:sweet_berry_bush":12,"minecraft:grass":43,"minecraft:oak_log":15,"minecraft:coal_ore":51,"minecraft:beetroots":12,"minecraft:gravel":15,"minecraft:dirt":82,"minecraft:oak_leaves":1,"minecraft:deepslate":13,"minecraft:fern":4}},"DataVersion":3120}