{"stats":{"minecraft:broken":{"minecraft:stone_pickaxe":1},"minecraft:killed_by":{"born_in_chaos_v1:diamond_termite":1,"minecraft:skeleton":1},"minecraft:picked_up":{"realisticforging:hotrawironnugget":1,"minecraft:crafting_table":1,"minecraft:clay_ball":124,"minecraft:flint":1,"butchersdelight:deadpig":1,"minecraft:tuff":5,"minecraft:oak_log":17,"minecraft:string":1,"minecraft:dirt":15,"born_in_chaos_v1:intoxicating_decoction":2,"minecraft:bone":1,"minecraft:oak_sign":8,"minecraft:beetroot":6,"minecraft:wheat_seeds":7,"minecraft:cobbled_deepslate":12,"lightmanscurrency:coin_iron":5,"minecraft:moss_block":2,"minecraft:sugar_cane":6,"minecraft:egg":1,"minecraft:furnace":1,"minecraft:stick":4,"minecraft:sweet_berries":27,"minecraft:torch":8,"minecraft:oak_pressure_plate":1,"realisticforging:hotrawironore":2,"minecraft:gravel":13,"born_in_chaos_v1:pieceofdarkmetal":1,"minecraft:spruce_log":1,"minecraft:red_terracotta":1,"butchersdelight:deadsheep":3,"lightmanscurrency:coin_copper":14,"minecraft:arrow":2,"minecraft:rotten_flesh":9,"minecraft:beetroot_seeds":26,"realisticforging:raw_iron_ore":76,"minecraft:oak_sapling":5,"minecraft:glow_berries":9,"minecraft:coal":51,"realisticforging:big_stone":3,"minecraft:white_wool":1,"minecraft:cobblestone":185},"minecraft:used":{"minecraft:beetroot":25,"minecraft:moss_block":2,"minecraft:wheat_seeds":3,"minecraft:stone_sword":8,"minecraft:stone_pickaxe":298,"minecraft:oak_sign":8,"minecraft:wooden_pickaxe":4,"minecraft:white_wool":1,"minecraft:torch":19,"minecraft:glow_berries":6,"minecraft:dirt":26,"minecraft:crafting_table":2,"minecraft:carrot":3,"realisticforging:big_stone":3,"minecraft:bread":7,"minecraft:red_terracotta":1,"minecraft:oak_pressure_plate":1,"prefab:item_swift_blade_stone":72,"minecraft:cobblestone":27,"minecraft:furnace":2,"minecraft:oak_sapling":5,"minecraft:cooked_porkchop":2,"minecraft:egg":1,"minecraft:potato":3,"minecraft:cobbled_deepslate":3},"minecraft:custom":{"minecraft:interact_with_furnace":25,"minecraft:mob_kills":9,"minecraft:interact_with_crafting_table":16,"minecraft:leave_game":2,"minecraft:time_since_death":42726,"minecraft:sleep_in_bed":1,"minecraft:climb_one_cm":29556,"minecraft:time_since_rest":42735,"minecraft:sprint_one_cm":121191,"minecraft:damage_taken":1619,"minecraft:walk_one_cm":198777,"minecraft:drop":15,"minecraft:damage_dealt":1938,"minecraft:swim_one_cm":71004,"minecraft:fly_one_cm":282548,"minecraft:open_chest":98,"minecraft:crouch_one_cm":14403,"minecraft:deaths":3,"minecraft:play_time":100384,"minecraft:sneak_time":7952,"minecraft:walk_under_water_one_cm":7796,"minecraft:jump":1449,"minecraft:walk_on_water_one_cm":16568,"minecraft:total_world_time":100384,"minecraft:fall_one_cm":41951},"minecraft:dropped":{"minecraft:gravel":13,"born_in_chaos_v1:intoxicating_decoction":1,"realisticforging:hotrawironore":3,"butchersdelight:deadsheep":2,"minecraft:rotten_flesh":13,"realisticforging:hotrawironnugget":1,"minecraft:clay_ball":128,"minecraft:flint":1,"minecraft:arrow":2,"butchersdelight:deadpig":1,"minecraft:redstone":5},"minecraft:crafted":{"minecraft:oak_planks":68,"minecraft:oak_sign":3,"minecraft:crafting_table":2,"minecraft:spruce_planks":4,"minecraft:wooden_pickaxe":1,"minecraft:furnace":1,"realisticforging:wheatbroom":1,"minecraft:air":0,"realisticforging:smithing_stone_hammer":1,"realisticforging:hotrawironore":3,"realisticforging:two_sticks":3,"minecraft:stick":24,"minecraft:stone_pickaxe":3,"minecraft:wooden_axe":1,"minecraft:stone_sword":2,"realisticforging:hotrawironnugget":2},"minecraft:killed":{"born_in_chaos_v1:zombie_clown":1,"minecraft:spider":1,"born_in_chaos_v1:zombie_bruiser":1,"born_in_chaos_v1:maggot":2,"minecraft:sheep":1,"minecraft:skeleton":3},"minecraft:mined":{"minecraft:tuff":7,"minecraft:flowering_azalea":1,"minecraft:red_bed":1,"minecraft:crafting_table":1,"minecraft:clay":31,"butchersdelight:deadsheepblock":1,"minecraft:torch":3,"minecraft:cave_vines_plant":6,"minecraft:grass_block":5,"minecraft:oak_pressure_plate":1,"minecraft:glass":2,"minecraft:cobblestone":1,"minecraft:tall_grass":16,"minecraft:moss_block":4,"realisticforging:big_stone":4,"minecraft:sugar_cane":2,"minecraft:wall_torch":4,"minecraft:big_dripleaf":1,"minecraft:red_terracotta":1,"minecraft:furnace":1,"minecraft:light_gray_stained_glass":5,"minecraft:iron_ore":25,"minecraft:sweet_berry_bush":12,"minecraft:oak_sign":7,"minecraft:beetroots":12,"minecraft:grass":13,"minecraft:coal_ore":51,"minecraft:oak_log":15,"minecraft:deepslate_iron_ore":7,"minecraft:cave_vines":26,"minecraft:gravel":15,"minecraft:dirt":10,"minecraft:stone":187,"minecraft:oak_leaves":1,"minecraft:deepslate":13,"minecraft:fern":4}},"DataVersion":3120}