{"stats":{"minecraft:killed_by":{"sanitydim:sneaking_terror":1,"minecraft:skeleton":1},"minecraft:used":{"born_in_chaos_v1:corpse_maggot":1,"minecraft:oak_fence":1,"minecraft:stone_sword":61,"minecraft:oak_sign":1,"minecraft:wooden_pickaxe":16,"minecraft:rotten_flesh":1,"minecraft:stone_axe":8,"minecraft:crafting_table":3,"minecraft:oak_sapling":3,"minecraft:carrot":2,"minecraft:oak_boat":1},"minecraft:custom":{"minecraft:time_since_rest":1576,"minecraft:sprint_one_cm":60581,"minecraft:damage_taken":695,"minecraft:walk_one_cm":96178,"minecraft:mob_kills":12,"minecraft:drop":1,"minecraft:damage_dealt":2476,"minecraft:interact_with_crafting_table":3,"minecraft:fly_one_cm":33284,"minecraft:play_time":24065,"minecraft:deaths":2,"minecraft:sneak_time":893,"minecraft:walk_under_water_one_cm":23947,"minecraft:boat_one_cm":35543,"minecraft:damage_dealt_resisted":10,"minecraft:jump":265,"minecraft:time_since_death":1545,"minecraft:leave_game":3,"minecraft:walk_on_water_one_cm":10807,"minecraft:total_world_time":24065,"minecraft:fall_one_cm":4898,"minecraft:horse_one_cm":355},"minecraft:mined":{"minecraft:crafting_table":2,"minecraft:grass":4,"minecraft:oak_log":12,"minecraft:stone":16,"minecraft:sugar_cane":1,"minecraft:fern":1},"minecraft:crafted":{"minecraft:oak_boat":1,"minecraft:oak_planks":24,"minecraft:stone_shovel":1,"minecraft:crafting_table":2,"minecraft:stick":8,"minecraft:wooden_pickaxe":1,"minecraft:stone_pickaxe":1,"minecraft:stone_sword":1,"minecraft:stone_axe":1},"minecraft:dropped":{"minecraft:stone_sword":1},"minecraft:killed":{"minecraft:zombie":7,"born_in_chaos_v1:restless_spirit":1,"born_in_chaos_v1:corpse_fly":1,"minecraft:spider":1,"minecraft:creeper":1,"born_in_chaos_v1:maggot":1},"minecraft:picked_up":{"born_in_chaos_v1:corpse_maggot":1,"minecraft:stick":2,"minecraft:crafting_table":2,"minecraft:oak_fence":1,"minecraft:red_mushroom":1,"minecraft:oak_log":12,"minecraft:chain":1,"minecraft:carrot":1,"minecraft:gunpowder":1,"minecraft:string":1,"lightmanscurrency:coin_copper":32,"butchersdelight:deadchiken":1,"minecraft:stone_sword":1,"minecraft:rotten_flesh":5,"minecraft:oak_sign":1,"butchersdelight:dead_cow":1,"minecraft:oak_sapling":3,"lightmanscurrency:coin_iron":16,"minecraft:sugar_cane":3,"minecraft:cobblestone":16,"minecraft:egg":2}},"DataVersion":3120}