{"stats":{"minecraft:custom":{"minecraft:jump":54,"minecraft:time_since_rest":4536,"minecraft:leave_game":3,"minecraft:play_time":4536,"minecraft:sprint_one_cm":10156,"minecraft:damage_taken":20,"minecraft:time_since_death":4536,"minecraft:walk_one_cm":5044,"minecraft:sneak_time":856,"minecraft:total_world_time":4536,"minecraft:fall_one_cm":1314,"minecraft:fly_one_cm":13473},"minecraft:picked_up":{"minecraft:oak_sign":1,"minecraft:oak_fence":1},"minecraft:used":{"minecraft:oak_fence":1,"minecraft:oak_sign":1}},"DataVersion":3120}