{"stats":{"minecraft:killed_by":{"minecraft:creeper":1,"sanitydim:sneaking_terror":1,"minecraft:skeleton":1},"minecraft:used":{"minecraft:oak_fence":1,"minecraft:stone_sword":136,"minecraft:stone_shovel":92,"minecraft:oak_sign":1,"minecraft:white_terracotta":1,"butchersdelight:hook":1,"minecraft:rotten_flesh":1,"minecraft:oak_door":2,"minecraft:torch":35,"minecraft:dirt":15,"minecraft:brewing_stand":1,"securitycraft:keypad_item":3,"minecraft:carrot":11,"born_in_chaos_v1:corpse_maggot":1,"minecraft:dark_oak_planks":1,"minecraft:iron_axe":79,"minecraft:dark_oak_slab":6,"minecraft:iron_boots":1,"prefab:item_swift_blade_stone":23,"minecraft:dark_oak_boat":2,"minecraft:oak_sapling":3,"minecraft:furnace":1,"minecraft:potato":7,"minecraft:cobbled_deepslate":11,"minecraft:stone_pickaxe":133,"minecraft:oak_planks":13,"minecraft:wooden_pickaxe":16,"securitycraft:scanner_door_item":2,"minecraft:sand":1,"minecraft:crafting_table":7,"minecraft:light_gray_terracotta":2,"minecraft:diamond_pickaxe":3,"minecraft:bread":17,"minecraft:iron_pickaxe":192,"minecraft:stone_axe":138,"minecraft:diamond_sword":25,"minecraft:cobblestone":1,"minecraft:yellow_bed":1,"minecraft:oak_boat":3,"butchersdelight:rack":1,"minecraft:bone_meal":3},"minecraft:custom":{"minecraft:mob_kills":23,"minecraft:interact_with_crafting_table":23,"minecraft:damage_dealt_resisted":2935,"minecraft:leave_game":8,"minecraft:time_since_death":16656,"minecraft:climb_one_cm":53695,"minecraft:sprint_one_cm":212091,"minecraft:walk_one_cm":397514,"minecraft:drop":2,"minecraft:talked_to_villager":4,"minecraft:play_time":147750,"minecraft:deaths":4,"minecraft:sneak_time":1621,"minecraft:walk_under_water_one_cm":66710,"minecraft:boat_one_cm":233714,"minecraft:jump":887,"minecraft:interact_with_brewingstand":1,"minecraft:walk_on_water_one_cm":30302,"minecraft:total_world_time":147750,"minecraft:interact_with_furnace":10,"minecraft:sleep_in_bed":3,"minecraft:time_since_rest":16677,"minecraft:damage_taken":1952,"minecraft:damage_dealt":5086,"minecraft:swim_one_cm":27191,"minecraft:fly_one_cm":99918,"minecraft:open_chest":38,"minecraft:crouch_one_cm":19,"minecraft:fall_one_cm":13473,"minecraft:horse_one_cm":355},"minecraft:mined":{"minecraft:tuff":2,"minecraft:deepslate_diamond_ore":14,"minecraft:oak_door":1,"minecraft:dark_oak_log":67,"minecraft:brewing_stand":2,"minecraft:brown_mushroom_block":45,"minecraft:large_fern":3,"minecraft:hay_block":5,"minecraft:carrots":3,"minecraft:iron_ore":14,"minecraft:cobbled_deepslate":1,"minecraft:deepslate_lapis_ore":4,"minecraft:potatoes":1,"minecraft:oak_sign":1,"minecraft:deepslate_iron_ore":13,"minecraft:stone":31,"minecraft:deepslate_redstone_ore":11,"minecraft:clay":47,"minecraft:crafting_table":5,"minecraft:torch":1,"minecraft:light_gray_terracotta":3,"minecraft:dark_oak_wood":26,"minecraft:mushroom_stem":4,"minecraft:tall_grass":1,"minecraft:deepslate_gold_ore":8,"minecraft:sugar_cane":1,"minecraft:wall_torch":5,"minecraft:white_terracotta":1,"minecraft:birch_log":20,"minecraft:grass":5,"minecraft:oak_log":45,"minecraft:coal_ore":18,"minecraft:gravel":36,"minecraft:sand":17,"minecraft:deepslate":208,"minecraft:fern":1},"minecraft:crafted":{"minecraft:oak_door":3,"minecraft:oak_planks":52,"minecraft:stone_shovel":1,"minecraft:dark_oak_boat":1,"minecraft:iron_nugget":9,"minecraft:furnace":1,"minecraft:bone_meal":6,"butchersdelight:rack":1,"minecraft:iron_boots":1,"minecraft:iron_axe":1,"minecraft:stone_pickaxe":1,"minecraft:dark_oak_planks":16,"minecraft:wheat":54,"minecraft:diamond_sword":1,"butchersdelight:hook":1,"minecraft:crafting_table":3,"minecraft:wooden_pickaxe":1,"minecraft:iron_sword":1,"butchersdelight:cleaver":1,"minecraft:stone_axe":1,"minecraft:bread":18,"minecraft:oak_boat":2,"minecraft:dark_oak_slab":6,"minecraft:diamond_pickaxe":1,"minecraft:stick":28,"minecraft:iron_ingot":17,"minecraft:iron_pickaxe":2,"minecraft:stone_sword":1,"minecraft:gold_ingot":8,"minecraft:torch":32,"minecraft:shears":1},"minecraft:dropped":{"minecraft:wheat_seeds":1,"minecraft:stone_sword":1},"minecraft:broken":{"minecraft:stone_sword":1,"minecraft:stone_pickaxe":1,"minecraft:stone_axe":1},"minecraft:killed":{"born_in_chaos_v1:restless_spirit":2,"minecraft:spider":1,"born_in_chaos_v1:maggot":1,"minecraft:skeleton":2,"born_in_chaos_v1:skeleton_thrasher":1,"born_in_chaos_v1:corpse_fish":1,"minecraft:creeper":2,"born_in_chaos_v1:decrepit_skeleton":1,"minecraft:zombie":10,"born_in_chaos_v1:corpse_fly":1,"born_in_chaos_v1:door_knight":1},"minecraft:picked_up":{"minecraft:crafting_table":5,"minecraft:clay_ball":184,"minecraft:brown_mushroom":14,"minecraft:chain":1,"minecraft:brewing_stand":2,"minecraft:shield":1,"minecraft:string":1,"minecraft:oak_sign":2,"butchersdelight:dead_cow":1,"minecraft:cobbled_deepslate":209,"minecraft:beef":4,"minecraft:oak_boat":2,"minecraft:azalea":4,"securitycraft:reinforced_oak_log":6,"minecraft:sugar_cane":3,"minecraft:chest":1,"minecraft:birch_sapling":2,"minecraft:egg":5,"minecraft:dark_oak_sapling":6,"minecraft:stick":10,"minecraft:raw_iron":40,"born_in_chaos_v1:shattered_skull":1,"minecraft:oak_door":2,"minecraft:oak_fence":1,"minecraft:torch":11,"minecraft:carrot":10,"minecraft:redstone":47,"minecraft:rotten_flesh":14,"minecraft:stone_sword":1,"minecraft:arrow":3,"minecraft:hay_block":6,"minecraft:white_terracotta":1,"minecraft:cobblestone":32,"minecraft:birch_log":20,"born_in_chaos_v1:corpse_maggot":1,"minecraft:leather":3,"minecraft:dark_oak_boat":1,"minecraft:red_mushroom":1,"minecraft:potato":5,"minecraft:flint":8,"minecraft:tuff":2,"minecraft:oak_log":47,"minecraft:lily_pad":1,"minecraft:yellow_bed":1,"minecraft:gunpowder":2,"minecraft:lapis_lazuli":23,"minecraft:dirt":15,"butchersdelight:deadchiken":1,"minecraft:bone":10,"minecraft:apple":6,"minecraft:wheat_seeds":3,"minecraft:raw_gold":8,"minecraft:iron_ingot":5,"lightmanscurrency:coin_iron":20,"minecraft:oak_planks":3,"born_in_chaos_v1:ethereal_spirit":2,"butchersdelight:cow_hide":1,"minecraft:dandelion":1,"minecraft:gravel":28,"butchersdelight:skullcow":1,"minecraft:sand":18,"minecraft:dark_oak_log":63,"lightmanscurrency:coin_copper":39,"minecraft:light_gray_terracotta":3,"minecraft:diamond":14,"born_in_chaos_v1:rotten_fish":1,"minecraft:oak_sapling":3,"minecraft:coal":18,"minecraft:dark_oak_wood":20}},"DataVersion":3120}