{"stats":{"minecraft:killed_by":{"sanitydim:sneaking_terror":1,"minecraft:skeleton":1},"minecraft:used":{"minecraft:oak_fence":1,"minecraft:stone_sword":83,"minecraft:stone_shovel":63,"minecraft:stone_pickaxe":133,"minecraft:oak_sign":1,"minecraft:wooden_pickaxe":16,"securitycraft:scanner_door_item":2,"minecraft:rotten_flesh":1,"minecraft:torch":24,"minecraft:sand":1,"securitycraft:keypad_item":3,"minecraft:crafting_table":4,"minecraft:carrot":5,"born_in_chaos_v1:corpse_maggot":1,"minecraft:dark_oak_planks":1,"minecraft:bread":8,"minecraft:iron_pickaxe":89,"minecraft:iron_boots":1,"minecraft:stone_axe":138,"minecraft:furnace":1,"minecraft:oak_sapling":3,"minecraft:oak_boat":1,"minecraft:potato":3,"minecraft:cobbled_deepslate":11},"minecraft:custom":{"minecraft:interact_with_furnace":7,"minecraft:mob_kills":17,"minecraft:interact_with_crafting_table":10,"minecraft:damage_dealt_resisted":10,"minecraft:leave_game":4,"minecraft:time_since_death":45434,"minecraft:sleep_in_bed":2,"minecraft:climb_one_cm":28256,"minecraft:time_since_rest":704,"minecraft:sprint_one_cm":114664,"minecraft:damage_taken":1016,"minecraft:walk_one_cm":227121,"minecraft:drop":1,"minecraft:damage_dealt":3376,"minecraft:swim_one_cm":2644,"minecraft:fly_one_cm":47648,"minecraft:open_chest":20,"minecraft:play_time":67954,"minecraft:deaths":2,"minecraft:sneak_time":1518,"minecraft:walk_under_water_one_cm":25463,"minecraft:boat_one_cm":35543,"minecraft:jump":448,"minecraft:walk_on_water_one_cm":20313,"minecraft:total_world_time":67954,"minecraft:fall_one_cm":7373,"minecraft:horse_one_cm":355},"minecraft:crafted":{"minecraft:oak_planks":24,"minecraft:stone_shovel":1,"minecraft:crafting_table":2,"minecraft:wooden_pickaxe":1,"minecraft:iron_sword":1,"minecraft:furnace":1,"minecraft:stone_axe":1,"minecraft:oak_boat":1,"minecraft:iron_boots":1,"minecraft:iron_axe":1,"minecraft:stick":24,"minecraft:iron_ingot":15,"minecraft:iron_pickaxe":2,"minecraft:stone_pickaxe":1,"minecraft:stone_sword":1,"minecraft:dark_oak_planks":4,"minecraft:torch":24},"minecraft:mined":{"minecraft:deepslate_redstone_ore":11,"minecraft:tuff":2,"minecraft:deepslate_diamond_ore":8,"minecraft:dark_oak_log":67,"minecraft:clay":44,"minecraft:crafting_table":2,"minecraft:torch":1,"minecraft:dark_oak_wood":26,"minecraft:mushroom_stem":1,"minecraft:tall_grass":1,"minecraft:deepslate_gold_ore":8,"minecraft:sugar_cane":1,"minecraft:wall_torch":3,"minecraft:large_fern":2,"minecraft:birch_log":12,"minecraft:iron_ore":8,"minecraft:cobbled_deepslate":1,"minecraft:deepslate_lapis_ore":4,"minecraft:grass":5,"minecraft:oak_sign":1,"minecraft:oak_log":30,"minecraft:coal_ore":16,"minecraft:deepslate_iron_ore":11,"minecraft:gravel":8,"minecraft:sand":17,"minecraft:stone":31,"minecraft:deepslate":130,"minecraft:fern":1},"minecraft:dropped":{"minecraft:stone_sword":1},"minecraft:broken":{"minecraft:stone_pickaxe":1,"minecraft:stone_axe":1},"minecraft:killed":{"born_in_chaos_v1:restless_spirit":1,"minecraft:spider":1,"minecraft:creeper":2,"born_in_chaos_v1:maggot":1,"minecraft:skeleton":2,"minecraft:zombie":8,"born_in_chaos_v1:corpse_fly":1},"minecraft:picked_up":{"minecraft:birch_log":12,"born_in_chaos_v1:corpse_maggot":1,"minecraft:crafting_table":2,"minecraft:clay_ball":172,"minecraft:red_mushroom":1,"minecraft:tuff":2,"minecraft:oak_log":30,"minecraft:chain":1,"minecraft:gunpowder":2,"minecraft:lapis_lazuli":23,"minecraft:string":1,"butchersdelight:deadchiken":1,"minecraft:bone":1,"minecraft:oak_sign":2,"butchersdelight:dead_cow":1,"minecraft:apple":2,"minecraft:wheat_seeds":1,"minecraft:raw_gold":8,"minecraft:cobbled_deepslate":131,"minecraft:azalea":4,"securitycraft:reinforced_oak_log":6,"lightmanscurrency:coin_iron":20,"minecraft:sugar_cane":3,"minecraft:birch_sapling":1,"minecraft:egg":2,"minecraft:dark_oak_sapling":6,"minecraft:stick":10,"minecraft:raw_iron":19,"minecraft:oak_fence":1,"minecraft:torch":5,"minecraft:gravel":8,"minecraft:sand":18,"minecraft:carrot":1,"minecraft:redstone":47,"minecraft:dark_oak_log":63,"lightmanscurrency:coin_copper":34,"minecraft:stone_sword":1,"minecraft:arrow":2,"minecraft:rotten_flesh":6,"minecraft:diamond":8,"minecraft:oak_sapling":3,"minecraft:dark_oak_wood":20,"minecraft:coal":16,"minecraft:cobblestone":31}},"DataVersion":3120}