{"stats":{"minecraft:mined":{"minecraft:grass":1,"minecraft:oak_log":17,"minecraft:sweet_berry_bush":1,"minecraft:oak_leaves":2},"minecraft:custom":{"minecraft:time_since_rest":14532,"minecraft:open_chest":2,"minecraft:crouch_one_cm":215,"minecraft:play_time":14532,"minecraft:sprint_one_cm":37763,"minecraft:damage_taken":165,"minecraft:walk_one_cm":20363,"minecraft:sneak_time":192,"minecraft:walk_under_water_one_cm":760,"minecraft:jump":286,"minecraft:damage_dealt":44,"minecraft:time_since_death":14532,"minecraft:walk_on_water_one_cm":291,"minecraft:total_world_time":14532,"minecraft:swim_one_cm":7020,"minecraft:fall_one_cm":9868,"minecraft:fly_one_cm":62419},"minecraft:picked_up":{"minecraft:stick":6,"minecraft:sweet_berries":5,"minecraft:oak_log":17},"minecraft:used":{"minecraft:sweet_berries":5}},"DataVersion":3120}