{
  "securitycraft:recipes/securitycraft/universal_block_remover": {
    "criteria": {
      "has_iron": "2024-10-07 00:35:53 +0000"
    },
    "done": true
  },
  "lightmanscurrency:recipes/misc/item_trader_interface": {
    "criteria": {
      "money": "2024-10-06 23:29:14 +0000"
    },
    "done": true
  },
  "lightmanscurrency:recipes/lightmanscurrency.trading/traders/card_display/acacia/magenta": {
    "criteria": {
      "money": "2024-10-06 23:29:14 +0000"
    },
    "done": true
  },
  "lightmanscurrency:recipes/lightmanscurrency.trading/traders/large_vending_machine/dye_brown": {
    "criteria": {
      "money": "2024-10-06 23:29:14 +0000"
    },
    "done": true
  },
  "minecraft:recipes/combat/iron_sword": {
    "criteria": {
      "has_iron_ingot": "2024-10-07 00:35:53 +0000"
    },
    "done": true
  },
  "lightmanscurrency:recipes/lightmanscurrency.trading/traders/card_display/acacia/gray": {
    "criteria": {
      "money": "2024-10-06 23:29:14 +0000"
    },
    "done": true
  },
  "lightmanscurrency:recipes/lightmanscurrency.trading/traders/card_display/spruce/orange": {
    "criteria": {
      "money": "2024-10-06 23:29:14 +0000"
    },
    "done": true
  },
  "lightmanscurrency:recipes/lightmanscurrency.trading/traders/card_display/jungle/blue": {
    "criteria": {
      "money": "2024-10-06 23:29:14 +0000"
    },
    "done": true
  },
  "lightmanscurrency:recipes/misc/network/item_network_trader_2": {
    "criteria": {
      "money": "2024-10-06 23:29:14 +0000"
    },
    "done": true
  },
  "lightmanscurrency:recipes/misc/network/item_network_trader_3": {
    "criteria": {
      "money": "2024-10-06 23:29:14 +0000"
    },
    "done": true
  },
  "lightmanscurrency:recipes/misc/network/item_network_trader_4": {
    "criteria": {
      "money": "2024-10-06 23:29:14 +0000"
    },
    "done": true
  },
  "lightmanscurrency:recipes/lightmanscurrency.trading/traders/shelf/spruce": {
    "criteria": {
      "money": "2024-10-06 23:29:14 +0000"
    },
    "done": true
  },
  "lightmanscurrency:recipes/lightmanscurrency.trading/traders/card_display/acacia/orange": {
    "criteria": {
      "money": "2024-10-06 23:29:14 +0000"
    },
    "done": true
  },
  "securitycraft:recipes/securitycraft/sentry": {
    "criteria": {
      "has_iron": "2024-10-07 00:35:53 +0000"
    },
    "done": true
  },
  "lightmanscurrency:recipes/lightmanscurrency.trading/traders/card_display/jungle/white": {
    "criteria": {
      "money": "2024-10-06 23:29:14 +0000"
    },
    "done": true
  },
  "lightmanscurrency:recipes/lightmanscurrency.coins/wallet/wallet_iron": {
    "criteria": {
      "coin": "2024-10-06 23:29:14 +0000"
    },
    "done": true
  },
  "lightmanscurrency:recipes/misc/network/item_network_trader_1": {
    "criteria": {
      "money": "2024-10-06 23:29:14 +0000"
    },
    "done": true
  },
  "minecraft:recipes/tools/iron_pickaxe": {
    "criteria": {
      "has_iron_ingot": "2024-10-07 00:35:53 +0000"
    },
    "done": true
  },
  "lightmanscurrency:recipes/lightmanscurrency.coins/wallet/upgrade_wallet_emerald_to_wallet_diamond": {
    "criteria": {
      "coin": "2024-10-06 23:29:14 +0000"
    },
    "done": true
  },
  "lightmanscurrency:recipes/lightmanscurrency.trading/traders/freezer/blue": {
    "criteria": {
      "money": "2024-10-06 23:29:14 +0000"
    },
    "done": true
  },
  "lightmanscurrency:recipes/lightmanscurrency.machines/atm": {
    "criteria": {
      "money": "2024-10-06 23:29:14 +0000"
    },
    "done": true
  },
  "minecraft:recipes/decorations/crafting_table": {
    "criteria": {
      "has_planks": "2024-10-07 01:15:10 +0000"
    },
    "done": true
  },
  "minecraft:recipes/building_blocks/copper_block": {
    "criteria": {
      "has_copper_ingot": "2024-10-07 01:07:30 +0000"
    },
    "done": true
  },
  "minecraft:recipes/decorations/ladder": {
    "criteria": {
      "has_stick": "2024-10-07 00:43:52 +0000"
    },
    "done": true
  },
  "lightmanscurrency:recipes/lightmanscurrency.trading/traders/slot_machine": {
    "criteria": {
      "money": "2024-10-06 23:29:14 +0000"
    },
    "done": true
  },
  "minecraft:recipes/decorations/chest": {
    "criteria": {
      "has_lots_of_items": "2024-10-07 00:47:47 +0000"
    },
    "done": true
  },
  "lightmanscurrency:recipes/lightmanscurrency.trading/traders/shelf/dark_oak": {
    "criteria": {
      "money": "2024-10-06 23:29:14 +0000"
    },
    "done": true
  },
  "minecraft:recipes/transportation/mangrove_boat": {
    "criteria": {
      "in_water": "2024-10-06 23:21:33 +0000"
    },
    "done": true
  },
  "lightmanscurrency:recipes/lightmanscurrency.coins/coins/coinblock_diamond_from_pile": {
    "criteria": {
      "money": "2024-10-06 23:29:14 +0000"
    },
    "done": true
  },
  "lightmanscurrency:recipes/lightmanscurrency.trading/traders/card_display/spruce/blue": {
    "criteria": {
      "money": "2024-10-06 23:29:14 +0000"
    },
    "done": true
  },
  "lightmanscurrency:recipes/lightmanscurrency.trading/traders/card_display/dark_oak/orange": {
    "criteria": {
      "money": "2024-10-06 23:29:14 +0000"
    },
    "done": true
  },
  "minecraft:recipes/tools/wooden_shovel": {
    "criteria": {
      "has_stick": "2024-10-07 00:43:52 +0000"
    },
    "done": true
  },
  "lightmanscurrency:recipes/lightmanscurrency.coins/wallet/upgrade_wallet_diamond_to_wallet_netherite": {
    "criteria": {
      "coin": "2024-10-06 23:29:14 +0000"
    },
    "done": true
  },
  "lightmanscurrency:recipes/lightmanscurrency.trading/traders/vending_machine/dye_pink": {
    "criteria": {
      "money": "2024-10-06 23:29:14 +0000"
    },
    "done": true
  },
  "lightmanscurrency:recipes/lightmanscurrency.trading/traders/card_display/mangrove/light_gray": {
    "criteria": {
      "money": "2024-10-06 23:29:14 +0000"
    },
    "done": true
  },
  "lightmanscurrency:recipes/coin_mint/coin_mint/mint_coin_emerald": {
    "criteria": {
      "money": "2024-10-06 23:29:14 +0000"
    },
    "done": true
  },
  "lightmanscurrency:recipes/lightmanscurrency.trading/traders/card_display/birch/cyan": {
    "criteria": {
      "money": "2024-10-06 23:29:14 +0000"
    },
    "done": true
  },
  "minecraft:recipes/tools/shears": {
    "criteria": {
      "has_iron_ingot": "2024-10-07 00:35:53 +0000"
    },
    "done": true
  },
  "lightmanscurrency:recipes/misc/tax_block": {
    "criteria": {
      "money": "2024-10-06 23:29:14 +0000"
    },
    "done": true
  },
  "minecraft:recipes/misc/stick": {
    "criteria": {
      "has_planks": "2024-10-07 01:15:10 +0000"
    },
    "done": true
  },
  "cgm:recipes/cgm/specialised_grip": {
    "criteria": {
      "has_iron_ingot": "2024-10-07 02:01:48 +0000"
    },
    "done": true
  },
  "lightmanscurrency:recipes/lightmanscurrency.trading/traders/bookshelf/acacia": {
    "criteria": {
      "money": "2024-10-06 23:29:14 +0000"
    },
    "done": true
  },
  "lightmanscurrency:recipes/lightmanscurrency.trading/traders/card_display/oak/light_blue": {
    "criteria": {
      "money": "2024-10-06 23:29:14 +0000"
    },
    "done": true
  },
  "lightmanscurrency:recipes/lightmanscurrency.trading/traders/card_display/crimson/yellow": {
    "criteria": {
      "money": "2024-10-06 23:29:14 +0000"
    },
    "done": true
  },
  "lightmanscurrency:recipes/lightmanscurrency.trading/traders/card_display/acacia/purple": {
    "criteria": {
      "money": "2024-10-06 23:29:14 +0000"
    },
    "done": true
  },
  "lightmanscurrency:recipes/lightmanscurrency.trading/traders/card_display/oak/black": {
    "criteria": {
      "money": "2024-10-06 23:29:14 +0000"
    },
    "done": true
  },
  "lightmanscurrency:recipes/lightmanscurrency.coins/coins/coinblock_emerald_from_pile": {
    "criteria": {
      "money": "2024-10-06 23:29:14 +0000"
    },
    "done": true
  },
  "lightmanscurrency:recipes/lightmanscurrency.machines/cash_register": {
    "criteria": {
      "money": "2024-10-06 23:29:14 +0000"
    },
    "done": true
  },
  "securitycraft:recipes/securitycraft/electrified_iron_fence": {
    "criteria": {
      "has_iron": "2024-10-07 00:35:53 +0000"
    },
    "done": true
  },
  "minecraft:recipes/combat/iron_leggings": {
    "criteria": {
      "has_iron_ingot": "2024-10-07 00:35:53 +0000"
    },
    "done": true
  },
  "lightmanscurrency:recipes/lightmanscurrency.coins/coins/coinpile_netherite_from_block": {
    "criteria": {
      "money": "2024-10-06 23:29:14 +0000"
    },
    "done": true
  },
  "lightmanscurrency:recipes/lightmanscurrency.trading/traders/card_display/mangrove/blue": {
    "criteria": {
      "money": "2024-10-06 23:29:14 +0000"
    },
    "done": true
  },
  "lightmanscurrency:recipes/lightmanscurrency.trading/traders/card_display/warped/black": {
    "criteria": {
      "money": "2024-10-06 23:29:14 +0000"
    },
    "done": true
  },
  "lightmanscurrency:recipes/lightmanscurrency.trading/traders/card_display/jungle/yellow": {
    "criteria": {
      "money": "2024-10-06 23:29:14 +0000"
    },
    "done": true
  },
  "minecraft:recipes/combat/shield": {
    "criteria": {
      "has_iron_ingot": "2024-10-07 00:35:53 +0000"
    },
    "done": true
  },
  "realisticforging:assembling_iron_for_armor": {
    "criteria": {
      "assembling_iron_for_armor_0": "2024-10-07 01:45:23 +0000"
    },
    "done": true
  },
  "lightmanscurrency:recipes/lightmanscurrency.coins/wallet/upgrade_wallet_iron_to_wallet_netherite": {
    "criteria": {
      "coin": "2024-10-06 23:29:14 +0000"
    },
    "done": true
  },
  "lightmanscurrency:recipes/lightmanscurrency.trading/traders/shelf/crimson": {
    "criteria": {
      "money": "2024-10-06 23:29:14 +0000"
    },
    "done": true
  },
  "minecraft:recipes/redstone/hopper": {
    "criteria": {
      "has_iron_ingot": "2024-10-07 00:35:53 +0000"
    },
    "done": true
  },
  "lightmanscurrency:recipes/lightmanscurrency.trading/traders/bookshelf/birch": {
    "criteria": {
      "money": "2024-10-06 23:29:14 +0000"
    },
    "done": true
  },
  "lightmanscurrency:recipes/lightmanscurrency.machines/coin_jar/sus_jar": {
    "criteria": {
      "money": "2024-10-06 23:29:14 +0000"
    },
    "done": true
  },
  "lightmanscurrency:recipes/lightmanscurrency.coins/coins/coinpile_netherite_from_coin": {
    "criteria": {
      "money": "2024-10-06 23:29:14 +0000"
    },
    "done": true
  },
  "lightmanscurrency:recipes/lightmanscurrency.trading/traders/card_display/dark_oak/pink": {
    "criteria": {
      "money": "2024-10-06 23:29:14 +0000"
    },
    "done": true
  },
  "realisticforging:crushing_copper_ore": {
    "criteria": {
      "crushing_copper_ore_0": "2024-10-07 01:05:31 +0000"
    },
    "done": true
  },
  "lightmanscurrency:recipes/lightmanscurrency.trading/traders/bookshelf/warped": {
    "criteria": {
      "money": "2024-10-06 23:29:14 +0000"
    },
    "done": true
  },
  "lightmanscurrency:recipes/lightmanscurrency.coins/coins/coinpile_emerald_from_coin": {
    "criteria": {
      "money": "2024-10-06 23:29:14 +0000"
    },
    "done": true
  },
  "realisticforging:crafting_armor_mold": {
    "criteria": {
      "crafting_armor_mold_0": "2024-10-07 00:48:59 +0000"
    },
    "done": true
  },
  "lightmanscurrency:recipes/lightmanscurrency.trading/traders/vending_machine/dye_magenta": {
    "criteria": {
      "money": "2024-10-06 23:29:14 +0000"
    },
    "done": true
  },
  "chiselsandbits:recipes/chiselsandbits/chisel_iron": {
    "criteria": {
      "has_ingredient": "2024-10-07 00:35:53 +0000"
    },
    "done": true
  },
  "lightmanscurrency:recipes/lightmanscurrency.coins/coins/coinpile_diamond_from_coin": {
    "criteria": {
      "money": "2024-10-06 23:29:14 +0000"
    },
    "done": true
  },
  "securitycraft:recipes/securitycraft/security_camera": {
    "criteria": {
      "has_iron": "2024-10-07 00:35:53 +0000"
    },
    "done": true
  },
  "lightmanscurrency:recipes/misc/auction_stand/mangrove": {
    "criteria": {
      "money": "2024-10-06 23:29:14 +0000"
    },
    "done": true
  },
  "lightmanscurrency:recipes/lightmanscurrency.trading/traders/card_display/mangrove/magenta": {
    "criteria": {
      "money": "2024-10-06 23:29:14 +0000"
    },
    "done": true
  },
  "lightmanscurrency:recipes/lightmanscurrency.machines/portable_atm_swap": {
    "criteria": {
      "money": "2024-10-06 23:29:14 +0000"
    },
    "done": true
  },
  "lightmanscurrency:recipes/lightmanscurrency.coins/wallet/wallet_diamond": {
    "criteria": {
      "coin": "2024-10-06 23:29:14 +0000"
    },
    "done": true
  },
  "securitycraft:recipes/securitycraft/door_indestructible_iron_item": {
    "criteria": {
      "has_iron": "2024-10-07 00:35:53 +0000"
    },
    "done": true
  },
  "cgm:recipes/cgm/light_stock": {
    "criteria": {
      "has_iron_ingot": "2024-10-07 02:01:48 +0000"
    },
    "done": true
  },
  "minecraft:recipes/decorations/iron_bars": {
    "criteria": {
      "has_iron_ingot": "2024-10-07 00:35:53 +0000"
    },
    "done": true
  },
  "cgm:recipes/cgm/grenade": {
    "criteria": {
      "has_iron_ingot": "2024-10-07 02:01:48 +0000"
    },
    "done": true
  },
  "cgm:recipes/cgm/medium_scope": {
    "criteria": {
      "has_iron_ingot": "2024-10-07 02:01:48 +0000"
    },
    "done": true
  },
  "lightmanscurrency:recipes/lightmanscurrency.trading/traders/card_display/mangrove/orange": {
    "criteria": {
      "money": "2024-10-06 23:29:14 +0000"
    },
    "done": true
  },
  "lightmanscurrency:recipes/misc/auction_stand/jungle": {
    "criteria": {
      "money": "2024-10-06 23:29:14 +0000"
    },
    "done": true
  },
  "lightmanscurrency:recipes/lightmanscurrency.trading/traders/card_display/spruce/purple": {
    "criteria": {
      "money": "2024-10-06 23:29:14 +0000"
    },
    "done": true
  },
  "realisticforging:crafting_sword_mold": {
    "criteria": {
      "crafting_sword_mold_0": "2024-10-07 00:49:10 +0000"
    },
    "done": true
  },
  "realisticforging:the_iron_age": {
    "criteria": {
      "the_iron_age_0": "2024-10-07 00:50:25 +0000"
    },
    "done": true
  },
  "minecraft:recipes/combat/diamond_leggings": {
    "criteria": {
      "has_diamond": "2024-10-07 01:42:14 +0000"
    },
    "done": true
  },
  "lightmanscurrency:recipes/lightmanscurrency.trading/traders/freezer/orange": {
    "criteria": {
      "money": "2024-10-06 23:29:14 +0000"
    },
    "done": true
  },
  "cgm:recipes/cgm/silencer": {
    "criteria": {
      "has_iron_ingot": "2024-10-07 02:01:48 +0000"
    },
    "done": true
  },
  "minecraft:recipes/building_blocks/oak_stairs": {
    "criteria": {
      "has_planks": "2024-10-07 01:15:10 +0000"
    },
    "done": true
  },
  "lightmanscurrency:recipes/lightmanscurrency.coins/wallet/upgrade_wallet_gold_to_wallet_netherite": {
    "criteria": {
      "coin": "2024-10-06 23:29:14 +0000"
    },
    "done": true
  },
  "lightmanscurrency:recipes/lightmanscurrency.trading/traders/card_display/jungle/light_blue": {
    "criteria": {
      "money": "2024-10-06 23:29:14 +0000"
    },
    "done": true
  },
  "minecraft:recipes/transportation/acacia_boat": {
    "criteria": {
      "in_water": "2024-10-06 23:21:33 +0000"
    },
    "done": true
  },
  "lightmanscurrency:recipes/lightmanscurrency.coins/coins/coinpile_emerald_from_block": {
    "criteria": {
      "money": "2024-10-06 23:29:14 +0000"
    },
    "done": true
  },
  "minecraft:recipes/redstone/iron_trapdoor": {
    "criteria": {
      "has_iron_ingot": "2024-10-07 00:35:53 +0000"
    },
    "done": true
  },
  "lightmanscurrency:recipes/lightmanscurrency.trading/traders/card_display/oak/yellow": {
    "criteria": {
      "money": "2024-10-06 23:29:14 +0000"
    },
    "done": true
  },
  "lightmanscurrency:recipes/lightmanscurrency.trading/traders/shelf2/spruce": {
    "criteria": {
      "money": "2024-10-06 23:29:14 +0000"
    },
    "done": true
  },
  "minecraft:adventure/root": {
    "criteria": {
      "killed_something": "2024-10-06 23:21:23 +0000"
    },
    "done": true
  },
  "lightmanscurrency:recipes/lightmanscurrency.trading/traders/card_display/acacia/brown": {
    "criteria": {
      "money": "2024-10-06 23:29:14 +0000"
    },
    "done": true
  },
  "lightmanscurrency:recipes/lightmanscurrency.machines/coin_jar/piggy_bank": {
    "criteria": {
      "money": "2024-10-06 23:29:14 +0000"
    },
    "done": true
  },
  "lightmanscurrency:recipes/lightmanscurrency.coins/coins/coin_copper_from_pile": {
    "criteria": {
      "money": "2024-10-06 23:29:14 +0000"
    },
    "done": true
  },
  "lightmanscurrency:recipes/lightmanscurrency.trading/traders/large_vending_machine/dye_pink": {
    "criteria": {
      "money": "2024-10-06 23:29:14 +0000"
    },
    "done": true
  },
  "securitycraft:recipes/securitycraft/storage_module": {
    "criteria": {
      "has_iron": "2024-10-07 00:35:53 +0000"
    },
    "done": true
  },
  "lightmanscurrency:recipes/lightmanscurrency.trading/traders/large_vending_machine/dye_light_blue": {
    "criteria": {
      "money": "2024-10-06 23:29:14 +0000"
    },
    "done": true
  },
  "minecraft:recipes/tools/diamond_pickaxe": {
    "criteria": {
      "has_diamond": "2024-10-07 01:42:14 +0000"
    },
    "done": true
  },
  "minecraft:recipes/redstone/lightning_rod": {
    "criteria": {
      "has_copper_ingot": "2024-10-07 01:07:30 +0000"
    },
    "done": true
  },
  "lightmanscurrency:recipes/lightmanscurrency.trading/traders/large_vending_machine/washing": {
    "criteria": {
      "money": "2024-10-06 23:29:14 +0000"
    },
    "done": true
  },
  "lightmanscurrency:recipes/lightmanscurrency.trading/traders/vending_machine/washing": {
    "criteria": {
      "money": "2024-10-06 23:29:14 +0000"
    },
    "done": true
  },
  "lightmanscurrency:recipes/coin_mint/coin_mint/melt_coin_copper": {
    "criteria": {
      "money": "2024-10-06 23:29:14 +0000"
    },
    "done": true
  },
  "lightmanscurrency:recipes/misc/upgrades/coin_chest_magnet_upgrade_1": {
    "criteria": {
      "money": "2024-10-06 23:29:14 +0000"
    },
    "done": true
  },
  "lightmanscurrency:recipes/misc/upgrades/coin_chest_magnet_upgrade_2": {
    "criteria": {
      "money": "2024-10-06 23:29:14 +0000"
    },
    "done": true
  },
  "lightmanscurrency:recipes/lightmanscurrency.trading/traders/card_display/warped/white": {
    "criteria": {
      "money": "2024-10-06 23:29:14 +0000"
    },
    "done": true
  },
  "lightmanscurrency:recipes/lightmanscurrency.trading/traders/card_display/crimson/brown": {
    "criteria": {
      "money": "2024-10-06 23:29:14 +0000"
    },
    "done": true
  },
  "lightmanscurrency:recipes/lightmanscurrency.trading/traders/card_display/crimson/gray": {
    "criteria": {
      "money": "2024-10-06 23:29:14 +0000"
    },
    "done": true
  },
  "lightmanscurrency:recipes/lightmanscurrency.trading/traders/bookshelf/crimson": {
    "criteria": {
      "money": "2024-10-06 23:29:14 +0000"
    },
    "done": true
  },
  "minecraft:recipes/misc/iron_nugget_from_smelting": {
    "criteria": {
      "has_iron_pickaxe": "2024-10-07 01:03:20 +0000"
    },
    "done": true
  },
  "cgm:recipes/cgm/tactical_stock": {
    "criteria": {
      "has_iron_ingot": "2024-10-07 02:01:48 +0000"
    },
    "done": true
  },
  "lightmanscurrency:recipes/misc/upgrades/coin_chest_magnet_upgrade_3": {
    "criteria": {
      "money": "2024-10-06 23:29:14 +0000"
    },
    "done": true
  },
  "lightmanscurrency:recipes/misc/upgrades/coin_chest_magnet_upgrade_4": {
    "criteria": {
      "money": "2024-10-06 23:29:14 +0000"
    },
    "done": true
  },
  "lightmanscurrency:recipes/lightmanscurrency.trading/traders/card_display/mangrove/lime": {
    "criteria": {
      "money": "2024-10-06 23:29:14 +0000"
    },
    "done": true
  },
  "chiselsandbits:recipes/chiselsandbits/chiseled_printer": {
    "criteria": {
      "has_l": "2024-10-07 01:15:09 +0000"
    },
    "done": true
  },
  "cgm:recipes/cgm/stun_grenade": {
    "criteria": {
      "has_iron_ingot": "2024-10-07 02:01:48 +0000"
    },
    "done": true
  },
  "realisticforging:first_drawing": {
    "criteria": {
      "first_drawing_0": "2024-10-07 02:06:57 +0000"
    },
    "done": true
  },
  "realisticforging:casting_copper_ingot": {
    "criteria": {
      "casting_copper_ingot_0": "2024-10-07 01:07:24 +0000"
    },
    "done": true
  },
  "lightmanscurrency:recipes/lightmanscurrency.trading/traders/card_display/warped/magenta": {
    "criteria": {
      "money": "2024-10-06 23:29:14 +0000"
    },
    "done": true
  },
  "minecraft:recipes/decorations/chain": {
    "criteria": {
      "has_iron_ingot": "2024-10-07 00:35:53 +0000"
    },
    "done": true
  },
  "lightmanscurrency:recipes/lightmanscurrency.trading/traders/card_display/spruce/magenta": {
    "criteria": {
      "money": "2024-10-06 23:29:14 +0000"
    },
    "done": true
  },
  "lightmanscurrency:recipes/lightmanscurrency.trading/traders/card_display/spruce/black": {
    "criteria": {
      "money": "2024-10-06 23:29:14 +0000"
    },
    "done": true
  },
  "minecraft:recipes/decorations/oak_fence": {
    "criteria": {
      "has_planks": "2024-10-07 01:15:10 +0000"
    },
    "done": true
  },
  "lightmanscurrency:recipes/lightmanscurrency.trading/traders/card_display/mangrove/black": {
    "criteria": {
      "money": "2024-10-06 23:29:14 +0000"
    },
    "done": true
  },
  "lightmanscurrency:recipes/lightmanscurrency.trading/traders/card_display/birch/brown": {
    "criteria": {
      "money": "2024-10-06 23:29:14 +0000"
    },
    "done": true
  },
  "lightmanscurrency:recipes/lightmanscurrency.trading/traders/card_display/jungle/black": {
    "criteria": {
      "money": "2024-10-06 23:29:14 +0000"
    },
    "done": true
  },
  "lightmanscurrency:recipes/lightmanscurrency.trading/traders/card_display/acacia/red": {
    "criteria": {
      "money": "2024-10-06 23:29:14 +0000"
    },
    "done": true
  },
  "lightmanscurrency:recipes/lightmanscurrency.trading/traders/card_display/birch/gray": {
    "criteria": {
      "money": "2024-10-06 23:29:14 +0000"
    },
    "done": true
  },
  "lightmanscurrency:recipes/lightmanscurrency.trading/traders/card_display/oak/white": {
    "criteria": {
      "money": "2024-10-06 23:29:14 +0000"
    },
    "done": true
  },
  "lightmanscurrency:recipes/lightmanscurrency.trading/traders/shelf/mangrove": {
    "criteria": {
      "money": "2024-10-06 23:29:14 +0000"
    },
    "done": true
  },
  "lightmanscurrency:recipes/lightmanscurrency.trading/traders/bookshelf/mangrove": {
    "criteria": {
      "money": "2024-10-06 23:29:14 +0000"
    },
    "done": true
  },
  "minecraft:recipes/building_blocks/oak_slab": {
    "criteria": {
      "has_planks": "2024-10-07 01:15:10 +0000"
    },
    "done": true
  },
  "cgm:recipes/cgm/mini_gun": {
    "criteria": {
      "has_iron_ingot": "2024-10-07 00:35:53 +0000"
    },
    "done": true
  },
  "lightmanscurrency:recipes/lightmanscurrency.trading/traders/bookshelf/jungle": {
    "criteria": {
      "money": "2024-10-06 23:29:14 +0000"
    },
    "done": true
  },
  "lightmanscurrency:recipes/lightmanscurrency.trading/traders/card_display/acacia/pink": {
    "criteria": {
      "money": "2024-10-06 23:29:14 +0000"
    },
    "done": true
  },
  "lightmanscurrency:recipes/lightmanscurrency.trading/traders/card_display/oak/green": {
    "criteria": {
      "money": "2024-10-06 23:29:14 +0000"
    },
    "done": true
  },
  "lightmanscurrency:recipes/lightmanscurrency.trading/traders/card_display/mangrove/red": {
    "criteria": {
      "money": "2024-10-06 23:29:14 +0000"
    },
    "done": true
  },
  "lightmanscurrency:recipes/lightmanscurrency.trading/traders/large_vending_machine/dye_cyan": {
    "criteria": {
      "money": "2024-10-06 23:29:14 +0000"
    },
    "done": true
  },
  "backpacked:recipes/backpacked/oak_backpack_shelf": {
    "criteria": {
      "has_stick": "2024-10-07 00:43:52 +0000"
    },
    "done": true
  },
  "lightmanscurrency:recipes/lightmanscurrency.trading/traders/card_display/spruce/cyan": {
    "criteria": {
      "money": "2024-10-06 23:29:14 +0000"
    },
    "done": true
  },
  "lightmanscurrency:recipes/lightmanscurrency.trading/traders/shelf2/oak": {
    "criteria": {
      "money": "2024-10-06 23:29:14 +0000"
    },
    "done": true
  },
  "lightmanscurrency:recipes/lightmanscurrency.trading/traders/card_display/warped/green": {
    "criteria": {
      "money": "2024-10-06 23:29:14 +0000"
    },
    "done": true
  },
  "lightmanscurrency:recipes/lightmanscurrency.trading/traders/card_display/acacia/green": {
    "criteria": {
      "money": "2024-10-06 23:29:14 +0000"
    },
    "done": true
  },
  "lightmanscurrency:recipes/lightmanscurrency.machines/ticket_station": {
    "criteria": {
      "money": "2024-10-06 23:29:14 +0000"
    },
    "done": true
  },
  "lightmanscurrency:recipes/lightmanscurrency.trading/traders/vending_machine/dye_blue": {
    "criteria": {
      "money": "2024-10-06 23:29:14 +0000"
    },
    "done": true
  },
  "minecraft:recipes/building_blocks/iron_block": {
    "criteria": {
      "has_iron_ingot": "2024-10-07 00:35:53 +0000"
    },
    "done": true
  },
  "lightmanscurrency:recipes/lightmanscurrency.coins/coins/coinpile_copper_from_coin": {
    "criteria": {
      "money": "2024-10-06 23:29:14 +0000"
    },
    "done": true
  },
  "chiselsandbits:recipes/chiselsandbits/measuring_tape": {
    "criteria": {
      "has_i": "2024-10-07 00:35:53 +0000"
    },
    "done": true
  },
  "lightmanscurrency:recipes/lightmanscurrency.trading/traders/card_display/mangrove/green": {
    "criteria": {
      "money": "2024-10-06 23:29:14 +0000"
    },
    "done": true
  },
  "lightmanscurrency:recipes/lightmanscurrency.trading/traders/card_display/dark_oak/blue": {
    "criteria": {
      "money": "2024-10-06 23:29:14 +0000"
    },
    "done": true
  },
  "lightmanscurrency:recipes/lightmanscurrency.trading/traders/vending_machine/dye_red": {
    "criteria": {
      "money": "2024-10-06 23:29:14 +0000"
    },
    "done": true
  },
  "lightmanscurrency:recipes/lightmanscurrency.coins/coins/coin_gold_from_pile": {
    "criteria": {
      "money": "2024-10-06 23:29:14 +0000"
    },
    "done": true
  },
  "lightmanscurrency:recipes/lightmanscurrency.machines/portable_gem_terminal_swap": {
    "criteria": {
      "money": "2024-10-06 23:29:14 +0000"
    },
    "done": true
  },
  "lightmanscurrency:recipes/lightmanscurrency.trading/traders/card_display/birch/light_blue": {
    "criteria": {
      "money": "2024-10-06 23:29:14 +0000"
    },
    "done": true
  },
  "lightmanscurrency:recipes/misc/upgrades/coin_chest_security_upgrade": {
    "criteria": {
      "money": "2024-10-06 23:29:14 +0000"
    },
    "done": true
  },
  "minecraft:recipes/combat/wooden_sword": {
    "criteria": {
      "has_stick": "2024-10-07 00:43:52 +0000"
    },
    "done": true
  },
  "lightmanscurrency:recipes/lightmanscurrency.coins/wallet/upgrade_wallet_gold_to_wallet_emerald": {
    "criteria": {
      "coin": "2024-10-06 23:29:14 +0000"
    },
    "done": true
  },
  "minecraft:recipes/building_blocks/oak_planks": {
    "criteria": {
      "has_logs": "2024-10-07 01:15:09 +0000"
    },
    "done": true
  },
  "lightmanscurrency:recipes/lightmanscurrency.trading/traders/vending_machine/dye_light_blue": {
    "criteria": {
      "money": "2024-10-06 23:29:14 +0000"
    },
    "done": true
  },
  "lightmanscurrency:recipes/lightmanscurrency.trading/traders/large_vending_machine/dye_orange": {
    "criteria": {
      "money": "2024-10-06 23:29:14 +0000"
    },
    "done": true
  },
  "lightmanscurrency:recipes/misc/auction_stand/crimson": {
    "criteria": {
      "money": "2024-10-06 23:29:14 +0000"
    },
    "done": true
  },
  "lightmanscurrency:recipes/lightmanscurrency.trading/traders/shelf2/acacia": {
    "criteria": {
      "money": "2024-10-06 23:29:14 +0000"
    },
    "done": true
  },
  "lightmanscurrency:recipes/lightmanscurrency.trading/traders/armor_display": {
    "criteria": {
      "money": "2024-10-06 23:29:14 +0000"
    },
    "done": true
  },
  "securitycraft:recipes/securitycraft/smart_module": {
    "criteria": {
      "has_iron": "2024-10-07 00:35:53 +0000"
    },
    "done": true
  },
  "cgm:recipes/cgm/assault_rifle": {
    "criteria": {
      "has_iron_ingot": "2024-10-07 00:35:53 +0000"
    },
    "done": true
  },
  "lightmanscurrency:recipes/lightmanscurrency.trading/traders/large_vending_machine/dye_yellow": {
    "criteria": {
      "money": "2024-10-06 23:29:14 +0000"
    },
    "done": true
  },
  "lightmanscurrency:recipes/lightmanscurrency.coins/coins/coinblock_netherite_from_pile": {
    "criteria": {
      "money": "2024-10-06 23:29:14 +0000"
    },
    "done": true
  },
  "securitycraft:recipes/securitycraft/block_change_detector": {
    "criteria": {
      "has_iron": "2024-10-07 00:35:53 +0000"
    },
    "done": true
  },
  "minecraft:recipes/tools/iron_axe": {
    "criteria": {
      "has_iron_ingot": "2024-10-07 00:35:53 +0000"
    },
    "done": true
  },
  "realisticforging:two_sticks_advancements": {
    "criteria": {
      "two_sticks_advancements_0": "2024-10-07 00:43:59 +0000"
    },
    "done": true
  },
  "cgm:recipes/cgm/basic_bullet": {
    "criteria": {
      "has_copper_ingot": "2024-10-07 01:07:30 +0000"
    },
    "done": true
  },
  "lightmanscurrency:recipes/lightmanscurrency.trading/traders/card_display/crimson/lime": {
    "criteria": {
      "money": "2024-10-06 23:29:14 +0000"
    },
    "done": true
  },
  "minecraft:recipes/combat/iron_boots": {
    "criteria": {
      "has_iron_ingot": "2024-10-07 00:35:53 +0000"
    },
    "done": true
  },
  "minecraft:recipes/misc/bone_meal": {
    "criteria": {
      "has_bone": "2024-10-06 23:21:25 +0000"
    },
    "done": true
  },
  "lightmanscurrency:recipes/lightmanscurrency.trading/traders/card_display/warped/lime": {
    "criteria": {
      "money": "2024-10-06 23:29:14 +0000"
    },
    "done": true
  },
  "lightmanscurrency:recipes/lightmanscurrency.trading/traders/card_display/oak/blue": {
    "criteria": {
      "money": "2024-10-06 23:29:14 +0000"
    },
    "done": true
  },
  "realisticforging:cleaning_raw_iron_ore_advancement": {
    "criteria": {
      "cleaning_raw_iron_ore_advancement_0": "2024-10-07 00:50:27 +0000"
    },
    "done": true
  },
  "lightmanscurrency:recipes/lightmanscurrency.trading/traders/freezer/cyan": {
    "criteria": {
      "money": "2024-10-06 23:29:14 +0000"
    },
    "done": true
  },
  "minecraft:story/iron_tools": {
    "criteria": {
      "iron_pickaxe": "2024-10-07 01:03:20 +0000"
    },
    "done": true
  },
  "lightmanscurrency:recipes/coin_mint/coin_mint/melt_coin_diamond": {
    "criteria": {
      "money": "2024-10-06 23:29:14 +0000"
    },
    "done": true
  },
  "minecraft:recipes/combat/iron_chestplate": {
    "criteria": {
      "has_iron_ingot": "2024-10-07 00:35:53 +0000"
    },
    "done": true
  },
  "minecraft:recipes/combat/crossbow": {
    "criteria": {
      "has_iron_ingot": "2024-10-07 00:35:53 +0000"
    },
    "done": true
  },
  "lightmanscurrency:recipes/lightmanscurrency.trading/traders/card_display/oak/purple": {
    "criteria": {
      "money": "2024-10-06 23:29:14 +0000"
    },
    "done": true
  },
  "minecraft:recipes/decorations/oak_sign": {
    "criteria": {
      "has_planks": "2024-10-07 01:15:10 +0000"
    },
    "done": true
  },
  "lightmanscurrency:recipes/lightmanscurrency.coins/wallet/upgrade_wallet_copper_to_wallet_iron": {
    "criteria": {
      "coin": "2024-10-06 23:29:14 +0000"
    },
    "done": true
  },
  "lightmanscurrency:recipes/misc/auction_stand/spruce": {
    "criteria": {
      "money": "2024-10-06 23:29:14 +0000"
    },
    "done": true
  },
  "minecraft:recipes/redstone/oak_trapdoor": {
    "criteria": {
      "has_planks": "2024-10-07 01:15:10 +0000"
    },
    "done": true
  },
  "lightmanscurrency:recipes/lightmanscurrency.trading/traders/card_display/birch/lime": {
    "criteria": {
      "money": "2024-10-06 23:29:14 +0000"
    },
    "done": true
  },
  "lightmanscurrency:recipes/lightmanscurrency.trading/traders/vending_machine/dye_orange": {
    "criteria": {
      "money": "2024-10-06 23:29:14 +0000"
    },
    "done": true
  },
  "lightmanscurrency:recipes/misc/auction_stand/dark_oak": {
    "criteria": {
      "money": "2024-10-06 23:29:14 +0000"
    },
    "done": true
  },
  "minecraft:recipes/misc/iron_nugget_from_blasting": {
    "criteria": {
      "has_iron_pickaxe": "2024-10-07 01:03:20 +0000"
    },
    "done": true
  },
  "securitycraft:recipes/securitycraft/trophy_system": {
    "criteria": {
      "has_iron": "2024-10-07 00:35:53 +0000"
    },
    "done": true
  },
  "lightmanscurrency:recipes/lightmanscurrency.trading/traders/card_display/dark_oak/brown": {
    "criteria": {
      "money": "2024-10-06 23:29:14 +0000"
    },
    "done": true
  },
  "lightmanscurrency:recipes/lightmanscurrency.trading/traders/freezer/light_blue": {
    "criteria": {
      "money": "2024-10-06 23:29:14 +0000"
    },
    "done": true
  },
  "securitycraft:recipes/securitycraft/camera_monitor": {
    "criteria": {
      "has_iron": "2024-10-07 00:35:53 +0000"
    },
    "done": true
  },
  "lightmanscurrency:recipes/lightmanscurrency.trading/traders/large_vending_machine/dye_purple": {
    "criteria": {
      "money": "2024-10-06 23:29:14 +0000"
    },
    "done": true
  },
  "lightmanscurrency:recipes/lightmanscurrency.trading/traders/paygate": {
    "criteria": {
      "money": "2024-10-06 23:29:14 +0000"
    },
    "done": true
  },
  "lightmanscurrency:recipes/lightmanscurrency.trading/traders/freezer/lime": {
    "criteria": {
      "money": "2024-10-06 23:29:14 +0000"
    },
    "done": true
  },
  "lightmanscurrency:recipes/lightmanscurrency.trading/traders/vending_machine/dye_lime": {
    "criteria": {
      "money": "2024-10-06 23:29:14 +0000"
    },
    "done": true
  },
  "securitycraft:recipes/securitycraft/limited_use_keycard": {
    "criteria": {
      "has_iron": "2024-10-07 00:35:53 +0000"
    },
    "done": true
  },
  "lightmanscurrency:recipes/lightmanscurrency.trading/traders/freezer/red": {
    "criteria": {
      "money": "2024-10-06 23:29:14 +0000"
    },
    "done": true
  },
  "realisticforging:crafting_blank_mold": {
    "criteria": {
      "crafting_blank_mold_0": "2024-10-07 00:48:23 +0000"
    },
    "done": true
  },
  "lightmanscurrency:recipes/lightmanscurrency.trading/traders/card_display/spruce/light_gray": {
    "criteria": {
      "money": "2024-10-06 23:29:14 +0000"
    },
    "done": true
  },
  "lightmanscurrency:recipes/lightmanscurrency.trading/traders/card_display/dark_oak/purple": {
    "criteria": {
      "money": "2024-10-06 23:29:14 +0000"
    },
    "done": true
  },
  "lightmanscurrency:recipes/lightmanscurrency.trading/traders/card_display/crimson/cyan": {
    "criteria": {
      "money": "2024-10-06 23:29:14 +0000"
    },
    "done": true
  },
  "cgm:recipes/cgm/missile": {
    "criteria": {
      "has_iron_ingot": "2024-10-07 02:01:48 +0000"
    },
    "done": true
  },
  "minecraft:adventure/adventuring_time": {
    "criteria": {
      "minecraft:beach": "2024-10-06 23:20:52 +0000",
      "minecraft:river": "2024-10-06 23:20:55 +0000",
      "minecraft:forest": "2024-10-06 23:19:48 +0000",
      "minecraft:plains": "2024-10-06 23:20:23 +0000"
    },
    "done": false
  },
  "lightmanscurrency:recipes/lightmanscurrency.trading/traders/card_display/spruce/white": {
    "criteria": {
      "money": "2024-10-06 23:29:14 +0000"
    },
    "done": true
  },
  "realisticforging:assembling_iron_for_sword": {
    "criteria": {
      "assembling_iron_for_sword_0": "2024-10-07 01:11:47 +0000"
    },
    "done": true
  },
  "lightmanscurrency:recipes/lightmanscurrency.coins/wallet/wallet_emerald": {
    "criteria": {
      "coin": "2024-10-06 23:29:14 +0000"
    },
    "done": true
  },
  "lightmanscurrency:recipes/lightmanscurrency.trading/traders/card_display/dark_oak/light_gray": {
    "criteria": {
      "money": "2024-10-06 23:29:14 +0000"
    },
    "done": true
  },
  "lightmanscurrency:recipes/lightmanscurrency.trading/traders/card_display/spruce/brown": {
    "criteria": {
      "money": "2024-10-06 23:29:14 +0000"
    },
    "done": true
  },
  "securitycraft:recipes/securitycraft/whitelist_module": {
    "criteria": {
      "has_iron": "2024-10-07 00:35:53 +0000"
    },
    "done": true
  },
  "lightmanscurrency:recipes/lightmanscurrency.trading/traders/card_display/spruce/lime": {
    "criteria": {
      "money": "2024-10-06 23:29:14 +0000"
    },
    "done": true
  },
  "minecraft:recipes/decorations/barrel": {
    "criteria": {
      "has_planks": "2024-10-07 01:15:10 +0000"
    },
    "done": true
  },
  "lightmanscurrency:recipes/lightmanscurrency.trading/traders/card_display/crimson/light_gray": {
    "criteria": {
      "money": "2024-10-06 23:29:14 +0000"
    },
    "done": true
  },
  "lightmanscurrency:recipes/lightmanscurrency.trading/traders/card_display/jungle/lime": {
    "criteria": {
      "money": "2024-10-06 23:29:14 +0000"
    },
    "done": true
  },
  "lightmanscurrency:recipes/lightmanscurrency.coins/coins/coinpile_iron_from_block": {
    "criteria": {
      "money": "2024-10-06 23:29:14 +0000"
    },
    "done": true
  },
  "lightmanscurrency:recipes/lightmanscurrency.trading/traders/card_display/birch/black": {
    "criteria": {
      "money": "2024-10-06 23:29:14 +0000"
    },
    "done": true
  },
  "cgm:recipes/cgm/grenade_launcher": {
    "criteria": {
      "has_iron_ingot": "2024-10-07 00:35:53 +0000"
    },
    "done": true
  },
  "lightmanscurrency:recipes/lightmanscurrency.coins/coins/coinpile_copper_from_block": {
    "criteria": {
      "money": "2024-10-06 23:29:14 +0000"
    },
    "done": true
  },
  "minecraft:recipes/decorations/smithing_table": {
    "criteria": {
      "has_iron_ingot": "2024-10-07 00:35:53 +0000"
    },
    "done": true
  },
  "lightmanscurrency:recipes/lightmanscurrency.trading/traders/large_vending_machine/dye_magenta": {
    "criteria": {
      "money": "2024-10-06 23:29:14 +0000"
    },
    "done": true
  },
  "cgm:recipes/cgm/light_grip": {
    "criteria": {
      "has_iron_ingot": "2024-10-07 02:01:48 +0000"
    },
    "done": true
  },
  "lightmanscurrency:recipes/lightmanscurrency.trading/traders/freezer/green": {
    "criteria": {
      "money": "2024-10-06 23:29:14 +0000"
    },
    "done": true
  },
  "lightmanscurrency:recipes/lightmanscurrency.trading/traders/card_display/crimson/magenta": {
    "criteria": {
      "money": "2024-10-06 23:29:14 +0000"
    },
    "done": true
  },
  "lightmanscurrency:recipes/lightmanscurrency.trading/traders/display_case": {
    "criteria": {
      "money": "2024-10-06 23:29:14 +0000"
    },
    "done": true
  },
  "minecraft:recipes/building_blocks/diamond_block": {
    "criteria": {
      "has_diamond": "2024-10-07 01:42:14 +0000"
    },
    "done": true
  },
  "lightmanscurrency:recipes/lightmanscurrency.coins/wallet/upgrade_wallet_iron_to_wallet_emerald": {
    "criteria": {
      "coin": "2024-10-06 23:29:14 +0000"
    },
    "done": true
  },
  "lightmanscurrency:recipes/lightmanscurrency.trading/traders/large_vending_machine/dye_gray": {
    "criteria": {
      "money": "2024-10-06 23:29:14 +0000"
    },
    "done": true
  },
  "minecraft:recipes/decorations/flower_pot": {
    "criteria": {
      "has_brick": "2024-10-07 00:34:20 +0000"
    },
    "done": true
  },
  "cgm:recipes/cgm/heavy_rifle": {
    "criteria": {
      "has_iron_ingot": "2024-10-07 00:35:53 +0000"
    },
    "done": true
  },
  "lightmanscurrency:recipes/lightmanscurrency.upgrades/upgrades/network_upgrade": {
    "criteria": {
      "money": "2024-10-06 23:29:14 +0000"
    },
    "done": true
  },
  "lightmanscurrency:recipes/lightmanscurrency.trading/traders/card_display/warped/light_blue": {
    "criteria": {
      "money": "2024-10-06 23:29:14 +0000"
    },
    "done": true
  },
  "backpacked:recipes/backpacked/birch_backpack_shelf": {
    "criteria": {
      "has_stick": "2024-10-07 00:43:52 +0000"
    },
    "done": true
  },
  "dungeons_arise:wda_root": {
    "criteria": {
      "WDA": "2024-10-06 23:19:48 +0000"
    },
    "done": true
  },
  "lightmanscurrency:recipes/lightmanscurrency.trading/traders/card_display/acacia/light_gray": {
    "criteria": {
      "money": "2024-10-06 23:29:14 +0000"
    },
    "done": true
  },
  "lightmanscurrency:recipes/lightmanscurrency.coins/wallet/upgrade_wallet_copper_to_wallet_gold": {
    "criteria": {
      "coin": "2024-10-06 23:29:14 +0000"
    },
    "done": true
  },
  "lightmanscurrency:recipes/lightmanscurrency.trading/traders/card_display/dark_oak/magenta": {
    "criteria": {
      "money": "2024-10-06 23:29:14 +0000"
    },
    "done": true
  },
  "lightmanscurrency:recipes/lightmanscurrency.trading/traders/card_display/oak/orange": {
    "criteria": {
      "money": "2024-10-06 23:29:14 +0000"
    },
    "done": true
  },
  "lightmanscurrency:recipes/lightmanscurrency.trading/traders/card_display/dark_oak/white": {
    "criteria": {
      "money": "2024-10-06 23:29:14 +0000"
    },
    "done": true
  },
  "minecraft:recipes/decorations/lantern": {
    "criteria": {
      "has_iron_ingot": "2024-10-07 00:35:53 +0000"
    },
    "done": true
  },
  "lightmanscurrency:recipes/lightmanscurrency.trading/traders/card_display/dark_oak/red": {
    "criteria": {
      "money": "2024-10-06 23:29:14 +0000"
    },
    "done": true
  },
  "lightmanscurrency:recipes/lightmanscurrency.trading/traders/vending_machine/dye_brown": {
    "criteria": {
      "money": "2024-10-06 23:29:14 +0000"
    },
    "done": true
  },
  "lightmanscurrency:recipes/lightmanscurrency.coins/wallet/upgrade_wallet_copper_to_wallet_diamond": {
    "criteria": {
      "coin": "2024-10-06 23:29:14 +0000"
    },
    "done": true
  },
  "lightmanscurrency:recipes/lightmanscurrency.trading/traders/card_display/crimson/black": {
    "criteria": {
      "money": "2024-10-06 23:29:14 +0000"
    },
    "done": true
  },
  "lightmanscurrency:recipes/lightmanscurrency.trading/traders/card_display/birch/red": {
    "criteria": {
      "money": "2024-10-06 23:29:14 +0000"
    },
    "done": true
  },
  "lightmanscurrency:recipes/lightmanscurrency.trading/traders/shelf/oak": {
    "criteria": {
      "money": "2024-10-06 23:29:14 +0000"
    },
    "done": true
  },
  "lightmanscurrency:recipes/lightmanscurrency.trading/traders/card_display/jungle/magenta": {
    "criteria": {
      "money": "2024-10-06 23:29:14 +0000"
    },
    "done": true
  },
  "securitycraft:recipes/securitycraft/disguise_module": {
    "criteria": {
      "has_iron": "2024-10-07 00:35:53 +0000"
    },
    "done": true
  },
  "lightmanscurrency:recipes/lightmanscurrency.trading/traders/card_display/warped/blue": {
    "criteria": {
      "money": "2024-10-06 23:29:14 +0000"
    },
    "done": true
  },
  "lightmanscurrency:recipes/lightmanscurrency.coins/wallet/upgrade_wallet_copper_to_wallet_netherite": {
    "criteria": {
      "coin": "2024-10-06 23:29:14 +0000"
    },
    "done": true
  },
  "lightmanscurrency:recipes/lightmanscurrency.coins/coins/coin_netherite_from_pile": {
    "criteria": {
      "money": "2024-10-06 23:29:14 +0000"
    },
    "done": true
  },
  "lightmanscurrency:recipes/lightmanscurrency.machines/gem_terminal": {
    "criteria": {
      "money": "2024-10-06 23:29:14 +0000"
    },
    "done": true
  },
  "lightmanscurrency:recipes/lightmanscurrency.trading/traders/freezer/black": {
    "criteria": {
      "money": "2024-10-06 23:29:14 +0000"
    },
    "done": true
  },
  "lightmanscurrency:recipes/lightmanscurrency.trading/traders/card_display/acacia/yellow": {
    "criteria": {
      "money": "2024-10-06 23:29:14 +0000"
    },
    "done": true
  },
  "lightmanscurrency:recipes/lightmanscurrency.coins/wallet/wallet_netherite": {
    "criteria": {
      "coin": "2024-10-06 23:29:14 +0000"
    },
    "done": true
  },
  "lightmanscurrency:recipes/lightmanscurrency.coins/coins/coinblock_copper_from_pile": {
    "criteria": {
      "money": "2024-10-06 23:29:14 +0000"
    },
    "done": true
  },
  "lightmanscurrency:recipes/lightmanscurrency.trading/traders/card_display/oak/light_gray": {
    "criteria": {
      "money": "2024-10-06 23:29:14 +0000"
    },
    "done": true
  },
  "lightmanscurrency:recipes/lightmanscurrency.machines/terminal_swap": {
    "criteria": {
      "money": "2024-10-06 23:29:14 +0000"
    },
    "done": true
  },
  "lightmanscurrency:recipes/lightmanscurrency.coins/coins/coin_iron_from_pile": {
    "criteria": {
      "money": "2024-10-06 23:29:14 +0000"
    },
    "done": true
  },
  "lightmanscurrency:recipes/lightmanscurrency.trading/traders/card_display/oak/lime": {
    "criteria": {
      "money": "2024-10-06 23:29:14 +0000"
    },
    "done": true
  },
  "lightmanscurrency:recipes/lightmanscurrency.trading/traders/card_display/acacia/blue": {
    "criteria": {
      "money": "2024-10-06 23:29:14 +0000"
    },
    "done": true
  },
  "lightmanscurrency:recipes/lightmanscurrency.machines/atm_swap": {
    "criteria": {
      "money": "2024-10-06 23:29:14 +0000"
    },
    "done": true
  },
  "lightmanscurrency:recipes/lightmanscurrency.trading/traders/card_display/jungle/gray": {
    "criteria": {
      "money": "2024-10-06 23:29:14 +0000"
    },
    "done": true
  },
  "realisticforging:getting_big_stone": {
    "criteria": {
      "getting_big_stone_0": "2024-10-07 01:06:20 +0000"
    },
    "done": true
  },
  "lightmanscurrency:recipes/lightmanscurrency.trading/traders/shelf2/birch": {
    "criteria": {
      "money": "2024-10-06 23:29:14 +0000"
    },
    "done": true
  },
  "lightmanscurrency:recipes/lightmanscurrency.trading/traders/card_display/birch/green": {
    "criteria": {
      "money": "2024-10-06 23:29:14 +0000"
    },
    "done": true
  },
  "lightmanscurrency:recipes/lightmanscurrency.trading/traders/freezer/gray": {
    "criteria": {
      "money": "2024-10-06 23:29:14 +0000"
    },
    "done": true
  },
  "minecraft:recipes/decorations/campfire": {
    "criteria": {
      "has_coal": "2024-10-07 00:39:17 +0000"
    },
    "done": true
  },
  "lightmanscurrency:recipes/lightmanscurrency.trading/traders/card_display/jungle/brown": {
    "criteria": {
      "money": "2024-10-06 23:29:14 +0000"
    },
    "done": true
  },
  "lightmanscurrency:recipes/lightmanscurrency.trading/traders/card_display/crimson/white": {
    "criteria": {
      "money": "2024-10-06 23:29:14 +0000"
    },
    "done": true
  },
  "minecraft:recipes/misc/iron_nugget": {
    "criteria": {
      "has_iron_ingot": "2024-10-07 00:35:53 +0000"
    },
    "done": true
  },
  "lightmanscurrency:recipes/lightmanscurrency.trading/traders/bookshelf/dark_oak": {
    "criteria": {
      "money": "2024-10-06 23:29:14 +0000"
    },
    "done": true
  },
  "lightmanscurrency:recipes/lightmanscurrency.trading/traders/card_display/crimson/green": {
    "criteria": {
      "money": "2024-10-06 23:29:14 +0000"
    },
    "done": true
  },
  "lightmanscurrency:recipes/lightmanscurrency.trading/traders/card_display/mangrove/light_blue": {
    "criteria": {
      "money": "2024-10-06 23:29:14 +0000"
    },
    "done": true
  },
  "lightmanscurrency:recipes/lightmanscurrency.trading/traders/card_display/jungle/red": {
    "criteria": {
      "money": "2024-10-06 23:29:14 +0000"
    },
    "done": true
  },
  "lightmanscurrency:recipes/lightmanscurrency.trading/traders/card_display/spruce/yellow": {
    "criteria": {
      "money": "2024-10-06 23:29:14 +0000"
    },
    "done": true
  },
  "securitycraft:recipes/securitycraft/track_mine": {
    "criteria": {
      "has_iron": "2024-10-07 00:35:53 +0000"
    },
    "done": true
  },
  "lightmanscurrency:currency/root": {
    "criteria": {
      "coin": "2024-10-06 23:29:14 +0000"
    },
    "done": true
  },
  "backpacked:recipes/backpacked/warped_backpack_shelf": {
    "criteria": {
      "has_stick": "2024-10-07 00:43:52 +0000"
    },
    "done": true
  },
  "minecraft:recipes/combat/diamond_sword": {
    "criteria": {
      "has_diamond": "2024-10-07 01:42:14 +0000"
    },
    "done": true
  },
  "cgm:recipes/cgm/advanced_bullet": {
    "criteria": {
      "has_copper_ingot": "2024-10-07 01:07:30 +0000"
    },
    "done": true
  },
  "lightmanscurrency:recipes/lightmanscurrency.trading/traders/shelf/jungle": {
    "criteria": {
      "money": "2024-10-06 23:29:14 +0000"
    },
    "done": true
  },
  "lightmanscurrency:recipes/lightmanscurrency.coins/coins/coin_emerald_from_pile": {
    "criteria": {
      "money": "2024-10-06 23:29:14 +0000"
    },
    "done": true
  },
  "minecraft:recipes/transportation/spruce_boat": {
    "criteria": {
      "in_water": "2024-10-06 23:21:33 +0000"
    },
    "done": true
  },
  "minecraft:recipes/decorations/jukebox": {
    "criteria": {
      "has_diamond": "2024-10-07 01:42:14 +0000"
    },
    "done": true
  },
  "securitycraft:recipes/securitycraft/blacklist_module": {
    "criteria": {
      "has_iron": "2024-10-07 00:35:53 +0000"
    },
    "done": true
  },
  "chiselsandbits:recipes/chiselsandbits/chisel_diamond": {
    "criteria": {
      "has_rod": "2024-10-07 00:43:52 +0000"
    },
    "done": true
  },
  "securitycraft:recipes/securitycraft/speed_module": {
    "criteria": {
      "has_iron": "2024-10-07 00:35:53 +0000"
    },
    "done": true
  },
  "lightmanscurrency:recipes/lightmanscurrency.coins/coins/coin_diamond_from_pile": {
    "criteria": {
      "money": "2024-10-06 23:29:14 +0000"
    },
    "done": true
  },
  "securitycraft:recipes/securitycraft/harming_module": {
    "criteria": {
      "has_iron": "2024-10-07 00:35:53 +0000"
    },
    "done": true
  },
  "lightmanscurrency:recipes/lightmanscurrency.trading/traders/card_display/dark_oak/yellow": {
    "criteria": {
      "money": "2024-10-06 23:29:14 +0000"
    },
    "done": true
  },
  "lightmanscurrency:recipes/coin_mint/coin_mint/melt_coin_emerald": {
    "criteria": {
      "money": "2024-10-06 23:29:14 +0000"
    },
    "done": true
  },
  "lightmanscurrency:recipes/lightmanscurrency.trading/traders/shelf2/jungle": {
    "criteria": {
      "money": "2024-10-06 23:29:14 +0000"
    },
    "done": true
  },
  "minecraft:husbandry/balanced_diet": {
    "criteria": {
      "cooked_mutton": "2024-10-07 01:43:14 +0000",
      "cooked_beef": "2024-10-07 00:44:55 +0000",
      "rotten_flesh": "2024-10-06 23:27:42 +0000"
    },
    "done": false
  },
  "lightmanscurrency:recipes/lightmanscurrency.trading/traders/card_display/mangrove/gray": {
    "criteria": {
      "money": "2024-10-06 23:29:14 +0000"
    },
    "done": true
  },
  "minecraft:recipes/tools/wooden_hoe": {
    "criteria": {
      "has_stick": "2024-10-07 00:43:52 +0000"
    },
    "done": true
  },
  "lightmanscurrency:recipes/coin_mint/coin_mint/mint_coin_gold": {
    "criteria": {
      "money": "2024-10-06 23:29:14 +0000"
    },
    "done": true
  },
  "lightmanscurrency:recipes/misc/coin_chest": {
    "criteria": {
      "money": "2024-10-06 23:29:14 +0000"
    },
    "done": true
  },
  "lightmanscurrency:recipes/lightmanscurrency.trading/traders/large_vending_machine/dye_lime": {
    "criteria": {
      "money": "2024-10-06 23:29:14 +0000"
    },
    "done": true
  },
  "lightmanscurrency:recipes/lightmanscurrency.coins/coins/coinblock_iron_from_pile": {
    "criteria": {
      "money": "2024-10-06 23:29:14 +0000"
    },
    "done": true
  },
  "lightmanscurrency:recipes/lightmanscurrency.trading/traders/card_display/spruce/green": {
    "criteria": {
      "money": "2024-10-06 23:29:14 +0000"
    },
    "done": true
  },
  "lightmanscurrency:recipes/lightmanscurrency.trading/traders/shelf2/mangrove": {
    "criteria": {
      "money": "2024-10-06 23:29:14 +0000"
    },
    "done": true
  },
  "minecraft:recipes/misc/bucket": {
    "criteria": {
      "has_iron_ingot": "2024-10-07 00:35:53 +0000"
    },
    "done": true
  },
  "lightmanscurrency:recipes/lightmanscurrency.trading/traders/card_display/spruce/gray": {
    "criteria": {
      "money": "2024-10-06 23:29:14 +0000"
    },
    "done": true
  },
  "lightmanscurrency:recipes/lightmanscurrency.coins/wallet/wallet_copper": {
    "criteria": {
      "coin": "2024-10-06 23:29:14 +0000"
    },
    "done": true
  },
  "parcool:grant_parcool_guide": {
    "criteria": {
      "tick": "2024-10-06 23:19:48 +0000"
    },
    "done": true
  },
  "lightmanscurrency:recipes/lightmanscurrency.trading/traders/card_display/crimson/purple": {
    "criteria": {
      "money": "2024-10-06 23:29:14 +0000"
    },
    "done": true
  },
  "lightmanscurrency:recipes/lightmanscurrency.coins/wallet/upgrade_wallet_iron_to_wallet_diamond": {
    "criteria": {
      "coin": "2024-10-06 23:29:14 +0000"
    },
    "done": true
  },
  "lightmanscurrency:recipes/lightmanscurrency.trading/traders/card_display/acacia/black": {
    "criteria": {
      "money": "2024-10-06 23:29:14 +0000"
    },
    "done": true
  },
  "securitycraft:recipes/securitycraft/redstone_module": {
    "criteria": {
      "has_iron": "2024-10-07 00:35:53 +0000"
    },
    "done": true
  },
  "lightmanscurrency:recipes/lightmanscurrency.coins/coins/coinpile_gold_from_coin": {
    "criteria": {
      "money": "2024-10-06 23:29:14 +0000"
    },
    "done": true
  },
  "lightmanscurrency:recipes/lightmanscurrency.trading/traders/card_display/jungle/purple": {
    "criteria": {
      "money": "2024-10-06 23:29:14 +0000"
    },
    "done": true
  },
  "backpacked:recipes/backpacked/dark_oak_backpack_shelf": {
    "criteria": {
      "has_stick": "2024-10-07 00:43:52 +0000"
    },
    "done": true
  },
  "cgm:recipes/cgm/machine_pistol": {
    "criteria": {
      "has_iron_ingot": "2024-10-07 00:35:53 +0000"
    },
    "done": true
  },
  "chiselsandbits:recipes/chiselsandbits/wrench": {
    "criteria": {
      "has_p": "2024-10-07 01:15:10 +0000"
    },
    "done": true
  },
  "lightmanscurrency:recipes/coin_mint/coin_mint/mint_coin_netherite": {
    "criteria": {
      "money": "2024-10-06 23:29:14 +0000"
    },
    "done": true
  },
  "lightmanscurrency:recipes/lightmanscurrency.trading/traders/shelf/acacia": {
    "criteria": {
      "money": "2024-10-06 23:29:14 +0000"
    },
    "done": true
  },
  "minecraft:recipes/combat/iron_helmet": {
    "criteria": {
      "has_iron_ingot": "2024-10-07 00:35:53 +0000"
    },
    "done": true
  },
  "minecraft:recipes/redstone/oak_fence_gate": {
    "criteria": {
      "has_planks": "2024-10-07 01:15:10 +0000"
    },
    "done": true
  },
  "realisticforging:craft_iron_sword": {
    "criteria": {
      "craft_iron_sword_0": "2024-10-07 01:24:56 +0000"
    },
    "done": true
  },
  "lightmanscurrency:recipes/lightmanscurrency.upgrades/upgrades/speed_upgrade_1": {
    "criteria": {
      "money": "2024-10-06 23:29:14 +0000"
    },
    "done": true
  },
  "lightmanscurrency:recipes/lightmanscurrency.trading/traders/card_display/oak/brown": {
    "criteria": {
      "money": "2024-10-06 23:29:14 +0000"
    },
    "done": true
  },
  "lightmanscurrency:recipes/lightmanscurrency.upgrades/upgrades/speed_upgrade_2": {
    "criteria": {
      "money": "2024-10-06 23:29:14 +0000"
    },
    "done": true
  },
  "lightmanscurrency:recipes/lightmanscurrency.trading/traders/freezer/yellow": {
    "criteria": {
      "money": "2024-10-06 23:29:14 +0000"
    },
    "done": true
  },
  "lightmanscurrency:recipes/lightmanscurrency.coins/coins/coinpile_gold_from_block": {
    "criteria": {
      "money": "2024-10-06 23:29:14 +0000"
    },
    "done": true
  },
  "lightmanscurrency:recipes/coin_mint/coin_mint/melt_coin_netherite": {
    "criteria": {
      "money": "2024-10-06 23:29:14 +0000"
    },
    "done": true
  },
  "minecraft:recipes/combat/diamond_chestplate": {
    "criteria": {
      "has_diamond": "2024-10-07 01:42:14 +0000"
    },
    "done": true
  },
  "lightmanscurrency:recipes/lightmanscurrency.trading/traders/card_display/oak/cyan": {
    "criteria": {
      "money": "2024-10-06 23:29:14 +0000"
    },
    "done": true
  },
  "minecraft:recipes/transportation/minecart": {
    "criteria": {
      "has_iron_ingot": "2024-10-07 00:35:53 +0000"
    },
    "done": true
  },
  "minecraft:recipes/misc/charcoal": {
    "criteria": {
      "has_log": "2024-10-07 01:15:09 +0000"
    },
    "done": true
  },
  "realisticforging:realistic_forging": {
    "criteria": {
      "realistic_forging_0": "2024-10-07 00:35:45 +0000"
    },
    "done": true
  },
  "cgm:recipes/cgm/long_scope": {
    "criteria": {
      "has_iron_ingot": "2024-10-07 02:01:48 +0000"
    },
    "done": true
  },
  "lightmanscurrency:recipes/lightmanscurrency.trading/traders/card_display/warped/brown": {
    "criteria": {
      "money": "2024-10-06 23:29:14 +0000"
    },
    "done": true
  },
  "minecraft:recipes/tools/iron_hoe": {
    "criteria": {
      "has_iron_ingot": "2024-10-07 00:35:53 +0000"
    },
    "done": true
  },
  "minecraft:recipes/tools/wooden_pickaxe": {
    "criteria": {
      "has_stick": "2024-10-07 00:43:52 +0000"
    },
    "done": true
  },
  "minecraft:husbandry/root": {
    "criteria": {
      "consumed_item": "2024-10-06 23:27:42 +0000"
    },
    "done": true
  },
  "lightmanscurrency:recipes/lightmanscurrency.machines/coin_jar/blue": {
    "criteria": {
      "money": "2024-10-06 23:29:14 +0000"
    },
    "done": true
  },
  "lightmanscurrency:recipes/lightmanscurrency.coins/wallet/upgrade_wallet_gold_to_wallet_diamond": {
    "criteria": {
      "coin": "2024-10-06 23:29:14 +0000"
    },
    "done": true
  },
  "minecraft:recipes/transportation/birch_boat": {
    "criteria": {
      "in_water": "2024-10-06 23:21:33 +0000"
    },
    "done": true
  },
  "lightmanscurrency:recipes/lightmanscurrency.trading/traders/vending_machine": {
    "criteria": {
      "money": "2024-10-06 23:29:14 +0000"
    },
    "done": true
  },
  "securitycraft:recipes/securitycraft/sonic_security_system": {
    "criteria": {
      "has_stick": "2024-10-07 00:43:52 +0000"
    },
    "done": true
  },
  "lightmanscurrency:recipes/lightmanscurrency.trading/traders/freezer/magenta": {
    "criteria": {
      "money": "2024-10-06 23:29:14 +0000"
    },
    "done": true
  },
  "lightmanscurrency:recipes/lightmanscurrency.trading/traders/card_display/spruce/red": {
    "criteria": {
      "money": "2024-10-06 23:29:14 +0000"
    },
    "done": true
  },
  "minecraft:recipes/tools/iron_shovel": {
    "criteria": {
      "has_iron_ingot": "2024-10-07 00:35:53 +0000"
    },
    "done": true
  },
  "lightmanscurrency:recipes/lightmanscurrency.trading/traders/card_display/warped/cyan": {
    "criteria": {
      "money": "2024-10-06 23:29:14 +0000"
    },
    "done": true
  },
  "lightmanscurrency:recipes/lightmanscurrency.trading/traders/card_display/jungle/light_gray": {
    "criteria": {
      "money": "2024-10-06 23:29:14 +0000"
    },
    "done": true
  },
  "lightmanscurrency:recipes/lightmanscurrency.trading/traders/card_display/dark_oak/lime": {
    "criteria": {
      "money": "2024-10-06 23:29:14 +0000"
    },
    "done": true
  },
  "realisticforging:three_iron_scraps": {
    "criteria": {
      "three_iron_scraps_0": "2024-10-07 02:07:39 +0000"
    },
    "done": true
  },
  "lightmanscurrency:recipes/lightmanscurrency.trading/traders/card_display/mangrove/pink": {
    "criteria": {
      "money": "2024-10-06 23:29:14 +0000"
    },
    "done": true
  },
  "lightmanscurrency:recipes/lightmanscurrency.trading/traders/card_display/dark_oak/black": {
    "criteria": {
      "money": "2024-10-06 23:29:14 +0000"
    },
    "done": true
  },
  "lightmanscurrency:recipes/lightmanscurrency.trading/traders/ticket_kiosk": {
    "criteria": {
      "money": "2024-10-06 23:29:14 +0000"
    },
    "done": true
  },
  "chiselsandbits:recipes/chiselsandbits/modification_table": {
    "criteria": {
      "has_b": "2024-10-07 01:15:09 +0000"
    },
    "done": true
  },
  "minecraft:recipes/tools/diamond_hoe": {
    "criteria": {
      "has_diamond": "2024-10-07 01:42:14 +0000"
    },
    "done": true
  },
  "minecraft:recipes/tools/diamond_shovel": {
    "criteria": {
      "has_diamond": "2024-10-07 01:42:14 +0000"
    },
    "done": true
  },
  "lightmanscurrency:recipes/lightmanscurrency.trading/traders/large_vending_machine/dye_light_gray": {
    "criteria": {
      "money": "2024-10-06 23:29:14 +0000"
    },
    "done": true
  },
  "lightmanscurrency:recipes/coin_mint/coin_mint/mint_coin_iron": {
    "criteria": {
      "money": "2024-10-06 23:29:14 +0000"
    },
    "done": true
  },
  "lightmanscurrency:recipes/lightmanscurrency.trading/traders/large_vending_machine/dye_black": {
    "criteria": {
      "money": "2024-10-06 23:29:14 +0000"
    },
    "done": true
  },
  "lightmanscurrency:recipes/lightmanscurrency.trading/traders/card_display/crimson/blue": {
    "criteria": {
      "money": "2024-10-06 23:29:14 +0000"
    },
    "done": true
  },
  "lightmanscurrency:recipes/lightmanscurrency.trading/traders/card_display/crimson/red": {
    "criteria": {
      "money": "2024-10-06 23:29:14 +0000"
    },
    "done": true
  },
  "realisticforging:craft_ingot_mold": {
    "criteria": {
      "craft_ingot_mold_0": "2024-10-07 00:34:23 +0000"
    },
    "done": true
  },
  "lightmanscurrency:recipes/lightmanscurrency.trading/traders/bookshelf/spruce": {
    "criteria": {
      "money": "2024-10-06 23:29:14 +0000"
    },
    "done": true
  },
  "lightmanscurrency:recipes/lightmanscurrency.trading/traders/card_display/jungle/cyan": {
    "criteria": {
      "money": "2024-10-06 23:29:14 +0000"
    },
    "done": true
  },
  "lightmanscurrency:recipes/lightmanscurrency.trading/traders/card_display/acacia/white": {
    "criteria": {
      "money": "2024-10-06 23:29:14 +0000"
    },
    "done": true
  },
  "lightmanscurrency:recipes/misc/auction_stand/warped": {
    "criteria": {
      "money": "2024-10-06 23:29:14 +0000"
    },
    "done": true
  },
  "lightmanscurrency:recipes/lightmanscurrency.coins/wallet/upgrade_wallet_copper_to_wallet_emerald": {
    "criteria": {
      "coin": "2024-10-06 23:29:14 +0000"
    },
    "done": true
  },
  "lightmanscurrency:recipes/lightmanscurrency.trading/traders/card_display/birch/white": {
    "criteria": {
      "money": "2024-10-06 23:29:14 +0000"
    },
    "done": true
  },
  "lightmanscurrency:recipes/lightmanscurrency.trading/traders/card_display/birch/orange": {
    "criteria": {
      "money": "2024-10-06 23:29:14 +0000"
    },
    "done": true
  },
  "lightmanscurrency:recipes/lightmanscurrency.trading/traders/vending_machine/dye_cyan": {
    "criteria": {
      "money": "2024-10-06 23:29:14 +0000"
    },
    "done": true
  },
  "minecraft:story/mine_diamond": {
    "criteria": {
      "diamond": "2024-10-07 01:42:14 +0000"
    },
    "done": true
  },
  "minecraft:recipes/combat/diamond_helmet": {
    "criteria": {
      "has_diamond": "2024-10-07 01:42:14 +0000"
    },
    "done": true
  },
  "lightmanscurrency:recipes/lightmanscurrency.upgrades/upgrades/item_capacity_upgrade_3": {
    "criteria": {
      "money": "2024-10-06 23:29:14 +0000"
    },
    "done": true
  },
  "minecraft:recipes/transportation/oak_boat": {
    "criteria": {
      "in_water": "2024-10-06 23:21:33 +0000"
    },
    "done": true
  },
  "lightmanscurrency:recipes/lightmanscurrency.upgrades/upgrades/item_capacity_upgrade_2": {
    "criteria": {
      "money": "2024-10-06 23:29:14 +0000"
    },
    "done": true
  },
  "lightmanscurrency:recipes/lightmanscurrency.trading/traders/card_display/birch/blue": {
    "criteria": {
      "money": "2024-10-06 23:29:14 +0000"
    },
    "done": true
  },
  "lightmanscurrency:recipes/lightmanscurrency.upgrades/upgrades/item_capacity_upgrade_1": {
    "criteria": {
      "money": "2024-10-06 23:29:14 +0000"
    },
    "done": true
  },
  "lightmanscurrency:recipes/lightmanscurrency.trading/traders/vending_machine/dye_purple": {
    "criteria": {
      "money": "2024-10-06 23:29:14 +0000"
    },
    "done": true
  },
  "lightmanscurrency:recipes/lightmanscurrency.trading/traders/card_display/jungle/orange": {
    "criteria": {
      "money": "2024-10-06 23:29:14 +0000"
    },
    "done": true
  },
  "cgm:recipes/cgm/rifle": {
    "criteria": {
      "has_iron_ingot": "2024-10-07 00:35:53 +0000"
    },
    "done": true
  },
  "lightmanscurrency:recipes/lightmanscurrency.trading/traders/card_display/dark_oak/green": {
    "criteria": {
      "money": "2024-10-06 23:29:14 +0000"
    },
    "done": true
  },
  "lightmanscurrency:recipes/lightmanscurrency.trading/traders/card_display/warped/pink": {
    "criteria": {
      "money": "2024-10-06 23:29:14 +0000"
    },
    "done": true
  },
  "lightmanscurrency:recipes/lightmanscurrency.trading/traders/freezer/white": {
    "criteria": {
      "money": "2024-10-06 23:29:14 +0000"
    },
    "done": true
  },
  "lightmanscurrency:recipes/lightmanscurrency.machines/coinmint": {
    "criteria": {
      "money": "2024-10-06 23:29:14 +0000"
    },
    "done": true
  },
  "lightmanscurrency:recipes/lightmanscurrency.trading/traders/card_display/birch/purple": {
    "criteria": {
      "money": "2024-10-06 23:29:14 +0000"
    },
    "done": true
  },
  "lightmanscurrency:recipes/lightmanscurrency.trading/traders/vending_machine/dye_black": {
    "criteria": {
      "money": "2024-10-06 23:29:14 +0000"
    },
    "done": true
  },
  "minecraft:recipes/tools/wooden_axe": {
    "criteria": {
      "has_stick": "2024-10-07 00:43:52 +0000"
    },
    "done": true
  },
  "lightmanscurrency:recipes/coin_mint/coin_mint/melt_coin_gold": {
    "criteria": {
      "money": "2024-10-06 23:29:14 +0000"
    },
    "done": true
  },
  "lightmanscurrency:recipes/lightmanscurrency.trading/traders/card_display/warped/yellow": {
    "criteria": {
      "money": "2024-10-06 23:29:14 +0000"
    },
    "done": true
  },
  "securitycraft:recipes/securitycraft/keycard_lv2": {
    "criteria": {
      "has_iron": "2024-10-07 00:35:53 +0000"
    },
    "done": true
  },
  "lightmanscurrency:recipes/lightmanscurrency.trading/traders/card_display/jungle/pink": {
    "criteria": {
      "money": "2024-10-06 23:29:14 +0000"
    },
    "done": true
  },
  "lightmanscurrency:recipes/lightmanscurrency.coins/coins/coinblock_gold_from_pile": {
    "criteria": {
      "money": "2024-10-06 23:29:14 +0000"
    },
    "done": true
  },
  "securitycraft:recipes/securitycraft/keycard_lv1": {
    "criteria": {
      "has_iron": "2024-10-07 00:35:53 +0000"
    },
    "done": true
  },
  "backpacked:recipes/backpacked/crimson_backpack_shelf": {
    "criteria": {
      "has_stick": "2024-10-07 00:43:52 +0000"
    },
    "done": true
  },
  "lightmanscurrency:recipes/lightmanscurrency.trading/traders/shelf2/warped": {
    "criteria": {
      "money": "2024-10-06 23:29:14 +0000"
    },
    "done": true
  },
  "lightmanscurrency:recipes/lightmanscurrency.coins/coins/coinpile_iron_from_coin": {
    "criteria": {
      "money": "2024-10-06 23:29:14 +0000",
      "coin": "2024-10-06 23:29:14 +0000"
    },
    "done": true
  },
  "securitycraft:recipes/securitycraft/bouncing_betty": {
    "criteria": {
      "has_iron": "2024-10-07 00:35:53 +0000"
    },
    "done": true
  },
  "minecraft:recipes/tools/diamond_axe": {
    "criteria": {
      "has_diamond": "2024-10-07 01:42:14 +0000"
    },
    "done": true
  },
  "lightmanscurrency:recipes/misc/auction_stand/acacia": {
    "criteria": {
      "money": "2024-10-06 23:29:14 +0000"
    },
    "done": true
  },
  "lightmanscurrency:recipes/lightmanscurrency.trading/traders/card_display/mangrove/cyan": {
    "criteria": {
      "money": "2024-10-06 23:29:14 +0000"
    },
    "done": true
  },
  "lightmanscurrency:recipes/lightmanscurrency.trading/traders/vending_machine/dye_gray": {
    "criteria": {
      "money": "2024-10-06 23:29:14 +0000"
    },
    "done": true
  },
  "minecraft:recipes/building_blocks/bricks": {
    "criteria": {
      "has_brick": "2024-10-07 00:34:20 +0000"
    },
    "done": true
  },
  "lightmanscurrency:recipes/lightmanscurrency.trading/traders/card_display/oak/magenta": {
    "criteria": {
      "money": "2024-10-06 23:29:14 +0000"
    },
    "done": true
  },
  "lightmanscurrency:recipes/lightmanscurrency.trading/traders/vending_machine_large": {
    "criteria": {
      "money": "2024-10-06 23:29:14 +0000"
    },
    "done": true
  },
  "lightmanscurrency:recipes/lightmanscurrency.trading/traders/card_display/dark_oak/gray": {
    "criteria": {
      "money": "2024-10-06 23:29:14 +0000"
    },
    "done": true
  },
  "lightmanscurrency:recipes/lightmanscurrency.machines/gem_terminal_swap": {
    "criteria": {
      "money": "2024-10-06 23:29:14 +0000"
    },
    "done": true
  },
  "lightmanscurrency:recipes/lightmanscurrency.trading/traders/freezer/pink": {
    "criteria": {
      "money": "2024-10-06 23:29:14 +0000"
    },
    "done": true
  },
  "lightmanscurrency:recipes/lightmanscurrency.trading/traders/bookshelf/oak": {
    "criteria": {
      "money": "2024-10-06 23:29:14 +0000"
    },
    "done": true
  },
  "securitycraft:recipes/securitycraft/keycard_lv4": {
    "criteria": {
      "has_iron": "2024-10-07 00:35:53 +0000"
    },
    "done": true
  },
  "securitycraft:recipes/securitycraft/sc_manual": {
    "criteria": {
      "has_wood": "2024-10-07 01:15:09 +0000"
    },
    "done": true
  },
  "securitycraft:recipes/securitycraft/keycard_lv3": {
    "criteria": {
      "has_iron": "2024-10-07 00:35:53 +0000"
    },
    "done": true
  },
  "securitycraft:recipes/securitycraft/keycard_lv5": {
    "criteria": {
      "has_iron": "2024-10-07 00:35:53 +0000"
    },
    "done": true
  },
  "minecraft:recipes/building_blocks/coal_block": {
    "criteria": {
      "has_coal": "2024-10-07 00:39:17 +0000"
    },
    "done": true
  },
  "lightmanscurrency:recipes/lightmanscurrency.coins/wallet/upgrade_wallet_emerald_to_wallet_netherite": {
    "criteria": {
      "coin": "2024-10-06 23:29:14 +0000"
    },
    "done": true
  },
  "lightmanscurrency:recipes/lightmanscurrency.machines/terminal": {
    "criteria": {
      "money": "2024-10-06 23:29:14 +0000"
    },
    "done": true
  },
  "lightmanscurrency:recipes/lightmanscurrency.trading/traders/large_vending_machine/dye_red": {
    "criteria": {
      "money": "2024-10-06 23:29:14 +0000"
    },
    "done": true
  },
  "chiselsandbits:recipes/chiselsandbits/chisel_stone": {
    "criteria": {
      "has_rod": "2024-10-07 00:43:52 +0000"
    },
    "done": true
  },
  "lightmanscurrency:recipes/lightmanscurrency.trading/traders/card_display/warped/light_gray": {
    "criteria": {
      "money": "2024-10-06 23:29:14 +0000"
    },
    "done": true
  },
  "lightmanscurrency:recipes/lightmanscurrency.trading/traders/card_display/birch/light_gray": {
    "criteria": {
      "money": "2024-10-06 23:29:14 +0000"
    },
    "done": true
  },
  "lightmanscurrency:recipes/lightmanscurrency.trading/traders/card_display/birch/yellow": {
    "criteria": {
      "money": "2024-10-06 23:29:14 +0000"
    },
    "done": true
  },
  "lightmanscurrency:recipes/lightmanscurrency.trading/traders/card_display/spruce/pink": {
    "criteria": {
      "money": "2024-10-06 23:29:14 +0000"
    },
    "done": true
  },
  "lightmanscurrency:recipes/lightmanscurrency.trading/traders/card_display/mangrove/purple": {
    "criteria": {
      "money": "2024-10-06 23:29:14 +0000"
    },
    "done": true
  },
  "cgm:recipes/cgm/workbench": {
    "criteria": {
      "has_iron": "2024-10-07 00:35:53 +0000"
    },
    "done": true
  },
  "lightmanscurrency:recipes/lightmanscurrency.trading/traders/card_display/acacia/cyan": {
    "criteria": {
      "money": "2024-10-06 23:29:14 +0000"
    },
    "done": true
  },
  "lightmanscurrency:recipes/lightmanscurrency.trading/traders/vending_machine/dye_light_gray": {
    "criteria": {
      "money": "2024-10-06 23:29:14 +0000"
    },
    "done": true
  },
  "lightmanscurrency:recipes/lightmanscurrency.trading/traders/card_display/warped/red": {
    "criteria": {
      "money": "2024-10-06 23:29:14 +0000"
    },
    "done": true
  },
  "lightmanscurrency:recipes/lightmanscurrency.machines/portable_terminal_swap": {
    "criteria": {
      "money": "2024-10-06 23:29:14 +0000"
    },
    "done": true
  },
  "lightmanscurrency:recipes/lightmanscurrency.trading/traders/card_display/oak/gray": {
    "criteria": {
      "money": "2024-10-06 23:29:14 +0000"
    },
    "done": true
  },
  "minecraft:recipes/redstone/oak_pressure_plate": {
    "criteria": {
      "has_planks": "2024-10-07 01:15:10 +0000"
    },
    "done": true
  },
  "lightmanscurrency:recipes/lightmanscurrency.trading/traders/shelf2/crimson": {
    "criteria": {
      "money": "2024-10-06 23:29:14 +0000"
    },
    "done": true
  },
  "cgm:recipes/cgm/bazooka": {
    "criteria": {
      "has_iron_ingot": "2024-10-07 00:35:53 +0000"
    },
    "done": true
  },
  "lightmanscurrency:recipes/lightmanscurrency.coins/coins/coinpile_diamond_from_block": {
    "criteria": {
      "money": "2024-10-06 23:29:14 +0000"
    },
    "done": true
  },
  "lightmanscurrency:recipes/coin_mint/coin_mint/melt_coin_iron": {
    "criteria": {
      "money": "2024-10-06 23:29:14 +0000"
    },
    "done": true
  },
  "cgm:recipes/cgm/shotgun": {
    "criteria": {
      "has_iron_ingot": "2024-10-07 00:35:53 +0000"
    },
    "done": true
  },
  "realisticforging:gettingcopper_advancement": {
    "criteria": {
      "gettingcopper_advancement_0": "2024-10-07 01:03:23 +0000"
    },
    "done": true
  },
  "minecraft:recipes/building_blocks/oak_wood": {
    "criteria": {
      "has_log": "2024-10-07 01:15:09 +0000"
    },
    "done": true
  },
  "lightmanscurrency:recipes/coin_mint/coin_mint/mint_coin_diamond": {
    "criteria": {
      "money": "2024-10-06 23:29:14 +0000"
    },
    "done": true
  },
  "chiselsandbits:recipes/chiselsandbits/bit_storage": {
    "criteria": {
      "has_i": "2024-10-07 00:35:53 +0000"
    },
    "done": true
  },
  "lightmanscurrency:recipes/lightmanscurrency.trading/traders/card_display/warped/orange": {
    "criteria": {
      "money": "2024-10-06 23:29:14 +0000"
    },
    "done": true
  },
  "lightmanscurrency:recipes/lightmanscurrency.upgrades/upgrades/speed_upgrade_5": {
    "criteria": {
      "money": "2024-10-06 23:29:14 +0000"
    },
    "done": true
  },
  "cgm:recipes/cgm/shell": {
    "criteria": {
      "has_copper_ingot": "2024-10-07 01:07:30 +0000"
    },
    "done": true
  },
  "lightmanscurrency:recipes/lightmanscurrency.upgrades/upgrades/speed_upgrade_3": {
    "criteria": {
      "money": "2024-10-06 23:29:14 +0000"
    },
    "done": true
  },
  "lightmanscurrency:recipes/lightmanscurrency.upgrades/upgrades/speed_upgrade_4": {
    "criteria": {
      "money": "2024-10-06 23:29:14 +0000"
    },
    "done": true
  },
  "lightmanscurrency:recipes/misc/auction_stand/oak": {
    "criteria": {
      "money": "2024-10-06 23:29:14 +0000"
    },
    "done": true
  },
  "backpacked:recipes/backpacked/spruce_backpack_shelf": {
    "criteria": {
      "has_stick": "2024-10-07 00:43:52 +0000"
    },
    "done": true
  },
  "lightmanscurrency:recipes/lightmanscurrency.trading/traders/card_display/mangrove/yellow": {
    "criteria": {
      "money": "2024-10-06 23:29:14 +0000"
    },
    "done": true
  },
  "lightmanscurrency:recipes/lightmanscurrency.coins/wallet/upgrade_wallet_iron_to_wallet_gold": {
    "criteria": {
      "coin": "2024-10-06 23:29:14 +0000"
    },
    "done": true
  },
  "lightmanscurrency:recipes/lightmanscurrency.trading/traders/freezer/light_gray": {
    "criteria": {
      "money": "2024-10-06 23:29:14 +0000"
    },
    "done": true
  },
  "minecraft:recipes/redstone/oak_button": {
    "criteria": {
      "has_planks": "2024-10-07 01:15:10 +0000"
    },
    "done": true
  },
  "backpacked:recipes/backpacked/acacia_backpack_shelf": {
    "criteria": {
      "has_stick": "2024-10-07 00:43:52 +0000"
    },
    "done": true
  },
  "lightmanscurrency:recipes/lightmanscurrency.trading/traders/card_display/spruce/light_blue": {
    "criteria": {
      "money": "2024-10-06 23:29:14 +0000"
    },
    "done": true
  },
  "cgm:recipes/cgm/weighted_stock": {
    "criteria": {
      "has_iron_ingot": "2024-10-07 02:01:48 +0000"
    },
    "done": true
  },
  "lightmanscurrency:recipes/lightmanscurrency.trading/traders/card_display/birch/pink": {
    "criteria": {
      "money": "2024-10-06 23:29:14 +0000"
    },
    "done": true
  },
  "lightmanscurrency:recipes/lightmanscurrency.trading/traders/card_display/crimson/light_blue": {
    "criteria": {
      "money": "2024-10-06 23:29:14 +0000"
    },
    "done": true
  },
  "lightmanscurrency:recipes/lightmanscurrency.trading/traders/large_vending_machine/dye_green": {
    "criteria": {
      "money": "2024-10-06 23:29:14 +0000"
    },
    "done": true
  },
  "minecraft:recipes/redstone/iron_door": {
    "criteria": {
      "has_iron_ingot": "2024-10-07 00:35:53 +0000"
    },
    "done": true
  },
  "lightmanscurrency:recipes/lightmanscurrency.trading/traders/card_display/acacia/lime": {
    "criteria": {
      "money": "2024-10-06 23:29:14 +0000"
    },
    "done": true
  },
  "lightmanscurrency:recipes/lightmanscurrency.trading/traders/card_display/dark_oak/light_blue": {
    "criteria": {
      "money": "2024-10-06 23:29:14 +0000"
    },
    "done": true
  },
  "lightmanscurrency:recipes/lightmanscurrency.trading/traders/card_display/oak/red": {
    "criteria": {
      "money": "2024-10-06 23:29:14 +0000"
    },
    "done": true
  },
  "lightmanscurrency:recipes/lightmanscurrency.trading/traders/card_display/jungle/green": {
    "criteria": {
      "money": "2024-10-06 23:29:14 +0000"
    },
    "done": true
  },
  "chiselsandbits:recipes/chiselsandbits/magnifying_glass": {
    "criteria": {
      "has_s": "2024-10-07 00:43:52 +0000"
    },
    "done": true
  },
  "lightmanscurrency:recipes/misc/upgrades/coin_chest_exchange_upgrade": {
    "criteria": {
      "money": "2024-10-06 23:29:14 +0000"
    },
    "done": true
  },
  "lightmanscurrency:recipes/lightmanscurrency.trading/traders/card_display/mangrove/brown": {
    "criteria": {
      "money": "2024-10-06 23:29:14 +0000"
    },
    "done": true
  },
  "lightmanscurrency:recipes/lightmanscurrency.coins/trading_core": {
    "criteria": {
      "money": "2024-10-06 23:29:14 +0000"
    },
    "done": true
  },
  "minecraft:recipes/misc/iron_ingot_from_nuggets": {
    "criteria": {
      "has_iron_nugget": "2024-10-07 02:01:48 +0000"
    },
    "done": true
  },
  "backpacked:recipes/backpacked/jungle_backpack_shelf": {
    "criteria": {
      "has_stick": "2024-10-07 00:43:52 +0000"
    },
    "done": true
  },
  "minecraft:recipes/redstone/oak_door": {
    "criteria": {
      "has_planks": "2024-10-07 01:15:10 +0000"
    },
    "done": true
  },
  "lightmanscurrency:recipes/lightmanscurrency.trading/traders/card_display/mangrove/white": {
    "criteria": {
      "money": "2024-10-06 23:29:14 +0000"
    },
    "done": true
  },
  "securitycraft:recipes/securitycraft/motion_activated_light": {
    "criteria": {
      "has_stick": "2024-10-07 00:43:52 +0000"
    },
    "done": true
  },
  "minecraft:recipes/transportation/jungle_boat": {
    "criteria": {
      "in_water": "2024-10-06 23:21:33 +0000"
    },
    "done": true
  },
  "lightmanscurrency:recipes/lightmanscurrency.trading/traders/freezer/purple": {
    "criteria": {
      "money": "2024-10-06 23:29:14 +0000"
    },
    "done": true
  },
  "lightmanscurrency:recipes/lightmanscurrency.trading/traders/card_display/oak/pink": {
    "criteria": {
      "money": "2024-10-06 23:29:14 +0000"
    },
    "done": true
  },
  "lightmanscurrency:recipes/coin_mint/coin_mint/mint_coin_copper": {
    "criteria": {
      "money": "2024-10-06 23:29:14 +0000"
    },
    "done": true
  },
  "cgm:recipes/cgm/pistol": {
    "criteria": {
      "has_iron_ingot": "2024-10-07 00:35:53 +0000"
    },
    "done": true
  },
  "lightmanscurrency:recipes/lightmanscurrency.trading/traders/card_display/birch/magenta": {
    "criteria": {
      "money": "2024-10-06 23:29:14 +0000"
    },
    "done": true
  },
  "lightmanscurrency:recipes/lightmanscurrency.trading/traders/shelf/warped": {
    "criteria": {
      "money": "2024-10-06 23:29:14 +0000"
    },
    "done": true
  },
  "lightmanscurrency:recipes/lightmanscurrency.trading/traders/shelf/birch": {
    "criteria": {
      "money": "2024-10-06 23:29:14 +0000"
    },
    "done": true
  },
  "securitycraft:recipes/securitycraft/mine": {
    "criteria": {
      "has_iron": "2024-10-07 00:35:53 +0000"
    },
    "done": true
  },
  "lightmanscurrency:recipes/lightmanscurrency.trading/traders/shelf2/dark_oak": {
    "criteria": {
      "money": "2024-10-06 23:29:14 +0000"
    },
    "done": true
  },
  "minecraft:recipes/redstone/heavy_weighted_pressure_plate": {
    "criteria": {
      "has_iron_ingot": "2024-10-07 00:35:53 +0000"
    },
    "done": true
  },
  "minecraft:recipes/transportation/dark_oak_boat": {
    "criteria": {
      "in_water": "2024-10-06 23:21:33 +0000"
    },
    "done": true
  },
  "lightmanscurrency:recipes/lightmanscurrency.trading/traders/vending_machine/dye_green": {
    "criteria": {
      "money": "2024-10-06 23:29:14 +0000"
    },
    "done": true
  },
  "cgm:recipes/cgm/short_scope": {
    "criteria": {
      "has_iron_ingot": "2024-10-07 02:01:48 +0000"
    },
    "done": true
  },
  "lightmanscurrency:recipes/lightmanscurrency.trading/traders/freezer/brown": {
    "criteria": {
      "money": "2024-10-06 23:29:14 +0000"
    },
    "done": true
  },
  "lightmanscurrency:recipes/lightmanscurrency.trading/traders/large_vending_machine/dye_blue": {
    "criteria": {
      "money": "2024-10-06 23:29:14 +0000"
    },
    "done": true
  },
  "realisticforging:hot_iron_burn": {
    "criteria": {
      "hot_iron_burn_0": "2024-10-07 00:35:25 +0000"
    },
    "done": true
  },
  "lightmanscurrency:recipes/lightmanscurrency.trading/traders/vending_machine/dye_yellow": {
    "criteria": {
      "money": "2024-10-06 23:29:14 +0000"
    },
    "done": true
  },
  "lightmanscurrency:currency/myfirstpenny": {
    "criteria": {
      "coin": "2024-10-06 23:29:14 +0000"
    },
    "done": true
  },
  "chiselsandbits:recipes/chiselsandbits/chisel_gold": {
    "criteria": {
      "has_rod": "2024-10-07 00:43:52 +0000"
    },
    "done": true
  },
  "securitycraft:recipes/securitycraft/briefcase": {
    "criteria": {
      "has_iron": "2024-10-07 00:35:53 +0000"
    },
    "done": true
  },
  "lightmanscurrency:recipes/lightmanscurrency.trading/traders/card_display/crimson/orange": {
    "criteria": {
      "money": "2024-10-06 23:29:14 +0000"
    },
    "done": true
  },
  "minecraft:recipes/combat/diamond_boots": {
    "criteria": {
      "has_diamond": "2024-10-07 01:42:14 +0000"
    },
    "done": true
  },
  "lightmanscurrency:recipes/misc/auction_stand/birch": {
    "criteria": {
      "money": "2024-10-06 23:29:14 +0000"
    },
    "done": true
  },
  "lightmanscurrency:recipes/lightmanscurrency.trading/traders/card_display/dark_oak/cyan": {
    "criteria": {
      "money": "2024-10-06 23:29:14 +0000"
    },
    "done": true
  },
  "securitycraft:recipes/securitycraft/reinforced_fence_gate": {
    "criteria": {
      "has_iron": "2024-10-07 00:35:53 +0000"
    },
    "done": true
  },
  "lightmanscurrency:recipes/lightmanscurrency.trading/traders/card_display/warped/gray": {
    "criteria": {
      "money": "2024-10-06 23:29:14 +0000"
    },
    "done": true
  },
  "minecraft:recipes/decorations/soul_campfire": {
    "criteria": {
      "has_stick": "2024-10-07 00:43:52 +0000"
    },
    "done": true
  },
  "minecraft:story/smelt_iron": {
    "criteria": {
      "iron": "2024-10-07 00:35:53 +0000"
    },
    "done": true
  },
  "lightmanscurrency:recipes/lightmanscurrency.trading/traders/card_display/acacia/light_blue": {
    "criteria": {
      "money": "2024-10-06 23:29:14 +0000"
    },
    "done": true
  },
  "lightmanscurrency:recipes/lightmanscurrency.trading/traders/card_display/warped/purple": {
    "criteria": {
      "money": "2024-10-06 23:29:14 +0000"
    },
    "done": true
  },
  "lightmanscurrency:recipes/lightmanscurrency.upgrades/upgrades/hopper_upgrade": {
    "criteria": {
      "money": "2024-10-06 23:29:14 +0000"
    },
    "done": true
  },
  "lightmanscurrency:recipes/lightmanscurrency.trading/traders/card_display/crimson/pink": {
    "criteria": {
      "money": "2024-10-06 23:29:14 +0000"
    },
    "done": true
  },
  "lightmanscurrency:recipes/lightmanscurrency.coins/wallet/wallet_gold": {
    "criteria": {
      "coin": "2024-10-06 23:29:14 +0000"
    },
    "done": true
  },
  "DataVersion": 3120
}