{
  "minecraft:recipes/tools/fishing_rod": {
    "criteria": {
      "has_string": "2024-10-08 01:31:32 +0000"
    },
    "done": true
  },
  "minecraft:recipes/food/cooked_mutton_from_campfire_cooking": {
    "criteria": {
      "has_mutton": "2024-10-08 00:28:09 +0000"
    },
    "done": true
  },
  "lightmanscurrency:recipes/misc/item_trader_interface": {
    "criteria": {
      "money": "2024-10-08 00:51:45 +0000"
    },
    "done": true
  },
  "minecraft:recipes/redstone/lever": {
    "criteria": {
      "has_cobblestone": "2024-10-08 00:41:33 +0000"
    },
    "done": true
  },
  "lightmanscurrency:recipes/lightmanscurrency.trading/traders/card_display/acacia/magenta": {
    "criteria": {
      "money": "2024-10-08 00:51:45 +0000"
    },
    "done": true
  },
  "lightmanscurrency:recipes/lightmanscurrency.trading/traders/large_vending_machine/dye_brown": {
    "criteria": {
      "money": "2024-10-08 00:51:45 +0000"
    },
    "done": true
  },
  "lightmanscurrency:recipes/lightmanscurrency.trading/traders/card_display/acacia/gray": {
    "criteria": {
      "money": "2024-10-08 00:51:45 +0000"
    },
    "done": true
  },
  "lightmanscurrency:recipes/lightmanscurrency.trading/traders/card_display/spruce/orange": {
    "criteria": {
      "money": "2024-10-08 00:51:45 +0000"
    },
    "done": true
  },
  "lightmanscurrency:recipes/lightmanscurrency.trading/traders/card_display/jungle/blue": {
    "criteria": {
      "money": "2024-10-08 00:51:45 +0000"
    },
    "done": true
  },
  "lightmanscurrency:recipes/misc/network/item_network_trader_2": {
    "criteria": {
      "money": "2024-10-08 00:51:45 +0000"
    },
    "done": true
  },
  "lightmanscurrency:recipes/misc/network/item_network_trader_3": {
    "criteria": {
      "money": "2024-10-08 00:51:45 +0000"
    },
    "done": true
  },
  "lightmanscurrency:recipes/misc/network/item_network_trader_4": {
    "criteria": {
      "money": "2024-10-08 00:51:45 +0000"
    },
    "done": true
  },
  "minecraft:recipes/building_blocks/lime_concrete_powder": {
    "criteria": {
      "has_gravel": "2024-10-08 00:50:47 +0000"
    },
    "done": true
  },
  "lightmanscurrency:recipes/lightmanscurrency.trading/traders/shelf/spruce": {
    "criteria": {
      "money": "2024-10-08 00:51:45 +0000"
    },
    "done": true
  },
  "lightmanscurrency:recipes/lightmanscurrency.trading/traders/card_display/acacia/orange": {
    "criteria": {
      "money": "2024-10-08 00:51:45 +0000"
    },
    "done": true
  },
  "lightmanscurrency:recipes/lightmanscurrency.trading/traders/card_display/jungle/white": {
    "criteria": {
      "money": "2024-10-08 00:51:45 +0000"
    },
    "done": true
  },
  "lightmanscurrency:recipes/lightmanscurrency.coins/wallet/wallet_iron": {
    "criteria": {
      "coin": "2024-10-08 00:51:45 +0000"
    },
    "done": true
  },
  "lightmanscurrency:recipes/misc/network/item_network_trader_1": {
    "criteria": {
      "money": "2024-10-08 00:51:45 +0000"
    },
    "done": true
  },
  "minecraft:recipes/building_blocks/yellow_concrete_powder": {
    "criteria": {
      "has_gravel": "2024-10-08 00:50:47 +0000"
    },
    "done": true
  },
  "lightmanscurrency:recipes/lightmanscurrency.coins/wallet/upgrade_wallet_emerald_to_wallet_diamond": {
    "criteria": {
      "coin": "2024-10-08 00:51:45 +0000"
    },
    "done": true
  },
  "lightmanscurrency:recipes/lightmanscurrency.trading/traders/freezer/blue": {
    "criteria": {
      "money": "2024-10-08 00:51:45 +0000"
    },
    "done": true
  },
  "lightmanscurrency:recipes/lightmanscurrency.machines/atm": {
    "criteria": {
      "money": "2024-10-08 00:51:45 +0000"
    },
    "done": true
  },
  "minecraft:recipes/decorations/crafting_table": {
    "criteria": {
      "has_planks": "2024-10-08 00:40:18 +0000"
    },
    "done": true
  },
  "minecraft:recipes/building_blocks/magenta_wool": {
    "criteria": {
      "has_white_wool": "2024-10-08 00:57:46 +0000"
    },
    "done": true
  },
  "minecraft:recipes/decorations/ladder": {
    "criteria": {
      "has_stick": "2024-10-08 00:40:25 +0000"
    },
    "done": true
  },
  "minecraft:recipes/decorations/chest": {
    "criteria": {
      "has_lots_of_items": "2024-10-08 00:27:15 +0000"
    },
    "done": true
  },
  "lightmanscurrency:recipes/lightmanscurrency.trading/traders/slot_machine": {
    "criteria": {
      "money": "2024-10-08 00:51:45 +0000"
    },
    "done": true
  },
  "lightmanscurrency:recipes/lightmanscurrency.trading/traders/shelf/dark_oak": {
    "criteria": {
      "money": "2024-10-08 00:51:45 +0000"
    },
    "done": true
  },
  "minecraft:recipes/transportation/mangrove_boat": {
    "criteria": {
      "in_water": "2024-10-08 00:24:12 +0000"
    },
    "done": true
  },
  "lightmanscurrency:recipes/lightmanscurrency.coins/coins/coinblock_diamond_from_pile": {
    "criteria": {
      "money": "2024-10-08 00:51:45 +0000"
    },
    "done": true
  },
  "lightmanscurrency:recipes/lightmanscurrency.trading/traders/card_display/spruce/blue": {
    "criteria": {
      "money": "2024-10-08 00:51:45 +0000"
    },
    "done": true
  },
  "minecraft:recipes/tools/wooden_shovel": {
    "criteria": {
      "has_stick": "2024-10-08 00:40:25 +0000"
    },
    "done": true
  },
  "lightmanscurrency:recipes/lightmanscurrency.trading/traders/card_display/dark_oak/orange": {
    "criteria": {
      "money": "2024-10-08 00:51:45 +0000"
    },
    "done": true
  },
  "lightmanscurrency:recipes/lightmanscurrency.coins/wallet/upgrade_wallet_diamond_to_wallet_netherite": {
    "criteria": {
      "coin": "2024-10-08 00:51:45 +0000"
    },
    "done": true
  },
  "lightmanscurrency:recipes/lightmanscurrency.trading/traders/vending_machine/dye_pink": {
    "criteria": {
      "money": "2024-10-08 00:51:45 +0000"
    },
    "done": true
  },
  "minecraft:recipes/decorations/torch": {
    "criteria": {
      "has_stone_pickaxe": "2024-10-08 00:42:00 +0000"
    },
    "done": true
  },
  "lightmanscurrency:recipes/lightmanscurrency.trading/traders/card_display/mangrove/light_gray": {
    "criteria": {
      "money": "2024-10-08 00:51:45 +0000"
    },
    "done": true
  },
  "lightmanscurrency:recipes/coin_mint/coin_mint/mint_coin_emerald": {
    "criteria": {
      "money": "2024-10-08 00:51:45 +0000"
    },
    "done": true
  },
  "lightmanscurrency:recipes/lightmanscurrency.trading/traders/card_display/birch/cyan": {
    "criteria": {
      "money": "2024-10-08 00:51:45 +0000"
    },
    "done": true
  },
  "minecraft:recipes/misc/stick": {
    "criteria": {
      "has_planks": "2024-10-08 00:40:18 +0000"
    },
    "done": true
  },
  "lightmanscurrency:recipes/misc/tax_block": {
    "criteria": {
      "money": "2024-10-08 00:51:45 +0000"
    },
    "done": true
  },
  "lightmanscurrency:recipes/lightmanscurrency.trading/traders/bookshelf/acacia": {
    "criteria": {
      "money": "2024-10-08 00:51:45 +0000"
    },
    "done": true
  },
  "minecraft:recipes/building_blocks/mossy_cobblestone_slab_from_mossy_cobblestone_stonecutting": {
    "criteria": {
      "has_mossy_cobblestone": "2024-10-08 01:39:13 +0000"
    },
    "done": true
  },
  "lightmanscurrency:recipes/lightmanscurrency.trading/traders/card_display/oak/light_blue": {
    "criteria": {
      "money": "2024-10-08 00:51:45 +0000"
    },
    "done": true
  },
  "minecraft:recipes/misc/flower_banner_pattern": {
    "criteria": {
      "has_oxeye_daisy": "2024-10-08 02:13:31 +0000"
    },
    "done": true
  },
  "lightmanscurrency:recipes/lightmanscurrency.trading/traders/card_display/crimson/yellow": {
    "criteria": {
      "money": "2024-10-08 00:51:45 +0000"
    },
    "done": true
  },
  "minecraft:recipes/redstone/dispenser": {
    "criteria": {
      "has_bow": "2024-10-08 01:19:24 +0000"
    },
    "done": true
  },
  "lightmanscurrency:recipes/lightmanscurrency.trading/traders/card_display/acacia/purple": {
    "criteria": {
      "money": "2024-10-08 00:51:45 +0000"
    },
    "done": true
  },
  "lightmanscurrency:recipes/lightmanscurrency.trading/traders/card_display/oak/black": {
    "criteria": {
      "money": "2024-10-08 00:51:45 +0000"
    },
    "done": true
  },
  "lightmanscurrency:recipes/lightmanscurrency.coins/coins/coinblock_emerald_from_pile": {
    "criteria": {
      "money": "2024-10-08 00:51:45 +0000"
    },
    "done": true
  },
  "lightmanscurrency:recipes/lightmanscurrency.machines/cash_register": {
    "criteria": {
      "money": "2024-10-08 00:51:45 +0000"
    },
    "done": true
  },
  "minecraft:recipes/food/cooked_rabbit_from_smoking": {
    "criteria": {
      "has_rabbit": "2024-10-08 00:28:09 +0000"
    },
    "done": true
  },
  "minecraft:recipes/food/cake": {
    "criteria": {
      "has_egg": "2024-10-08 01:31:45 +0000"
    },
    "done": true
  },
  "lightmanscurrency:recipes/lightmanscurrency.coins/coins/coinpile_netherite_from_block": {
    "criteria": {
      "money": "2024-10-08 00:51:45 +0000"
    },
    "done": true
  },
  "lightmanscurrency:recipes/lightmanscurrency.trading/traders/card_display/mangrove/blue": {
    "criteria": {
      "money": "2024-10-08 00:51:45 +0000"
    },
    "done": true
  },
  "lightmanscurrency:recipes/lightmanscurrency.trading/traders/card_display/warped/black": {
    "criteria": {
      "money": "2024-10-08 00:51:45 +0000"
    },
    "done": true
  },
  "lightmanscurrency:recipes/lightmanscurrency.trading/traders/card_display/jungle/yellow": {
    "criteria": {
      "money": "2024-10-08 00:51:45 +0000"
    },
    "done": true
  },
  "minecraft:recipes/building_blocks/cobblestone_slab": {
    "criteria": {
      "has_cobblestone": "2024-10-08 00:41:33 +0000"
    },
    "done": true
  },
  "lightmanscurrency:recipes/lightmanscurrency.coins/wallet/upgrade_wallet_iron_to_wallet_netherite": {
    "criteria": {
      "coin": "2024-10-08 00:51:45 +0000"
    },
    "done": true
  },
  "lightmanscurrency:recipes/lightmanscurrency.trading/traders/shelf/crimson": {
    "criteria": {
      "money": "2024-10-08 00:51:45 +0000"
    },
    "done": true
  },
  "securitycraft:recipes/securitycraft/secret_jungle_sign_item": {
    "criteria": {
      "has_sign": "2024-10-08 00:49:58 +0000"
    },
    "done": true
  },
  "lightmanscurrency:recipes/lightmanscurrency.trading/traders/bookshelf/birch": {
    "criteria": {
      "money": "2024-10-08 00:51:45 +0000"
    },
    "done": true
  },
  "lightmanscurrency:recipes/lightmanscurrency.machines/coin_jar/sus_jar": {
    "criteria": {
      "money": "2024-10-08 00:51:45 +0000"
    },
    "done": true
  },
  "minecraft:recipes/building_blocks/coarse_dirt": {
    "criteria": {
      "has_gravel": "2024-10-08 00:50:47 +0000"
    },
    "done": true
  },
  "lightmanscurrency:recipes/lightmanscurrency.coins/coins/coinpile_netherite_from_coin": {
    "criteria": {
      "money": "2024-10-08 00:51:45 +0000"
    },
    "done": true
  },
  "lightmanscurrency:recipes/lightmanscurrency.trading/traders/card_display/dark_oak/pink": {
    "criteria": {
      "money": "2024-10-08 00:51:45 +0000"
    },
    "done": true
  },
  "minecraft:recipes/building_blocks/mossy_cobblestone_stairs_from_mossy_cobblestone_stonecutting": {
    "criteria": {
      "has_mossy_cobblestone": "2024-10-08 01:39:13 +0000"
    },
    "done": true
  },
  "minecraft:recipes/transportation/jungle_chest_boat": {
    "criteria": {
      "has_boat": "2024-10-08 00:59:25 +0000"
    },
    "done": true
  },
  "securitycraft:recipes/securitycraft/secret_spruce_sign_item": {
    "criteria": {
      "has_sign": "2024-10-08 00:49:58 +0000"
    },
    "done": true
  },
  "lightmanscurrency:recipes/lightmanscurrency.trading/traders/bookshelf/warped": {
    "criteria": {
      "money": "2024-10-08 00:51:45 +0000"
    },
    "done": true
  },
  "minecraft:recipes/building_blocks/light_gray_concrete_powder": {
    "criteria": {
      "has_gravel": "2024-10-08 00:50:47 +0000"
    },
    "done": true
  },
  "lightmanscurrency:recipes/lightmanscurrency.coins/coins/coinpile_emerald_from_coin": {
    "criteria": {
      "money": "2024-10-08 00:51:45 +0000"
    },
    "done": true
  },
  "minecraft:recipes/misc/brick": {
    "criteria": {
      "has_clay_ball": "2024-10-08 01:43:48 +0000"
    },
    "done": true
  },
  "lightmanscurrency:recipes/lightmanscurrency.trading/traders/vending_machine/dye_magenta": {
    "criteria": {
      "money": "2024-10-08 00:51:45 +0000"
    },
    "done": true
  },
  "minecraft:recipes/misc/gold_ingot_from_smelting_raw_gold": {
    "criteria": {
      "has_raw_gold": "2024-10-08 01:42:23 +0000"
    },
    "done": true
  },
  "chiselsandbits:recipes/chiselsandbits/chisel_iron": {
    "criteria": {
      "has_rod": "2024-10-08 00:40:25 +0000"
    },
    "done": true
  },
  "lightmanscurrency:recipes/lightmanscurrency.coins/coins/coinpile_diamond_from_coin": {
    "criteria": {
      "money": "2024-10-08 00:51:45 +0000"
    },
    "done": true
  },
  "minecraft:recipes/building_blocks/pink_concrete_powder": {
    "criteria": {
      "has_gravel": "2024-10-08 00:50:47 +0000"
    },
    "done": true
  },
  "lightmanscurrency:recipes/misc/auction_stand/mangrove": {
    "criteria": {
      "money": "2024-10-08 00:51:45 +0000"
    },
    "done": true
  },
  "lightmanscurrency:recipes/lightmanscurrency.trading/traders/card_display/mangrove/magenta": {
    "criteria": {
      "money": "2024-10-08 00:51:45 +0000"
    },
    "done": true
  },
  "minecraft:recipes/redstone/lectern": {
    "criteria": {
      "has_book": "2024-10-08 01:42:34 +0000"
    },
    "done": true
  },
  "lightmanscurrency:recipes/lightmanscurrency.machines/portable_atm_swap": {
    "criteria": {
      "money": "2024-10-08 00:51:45 +0000"
    },
    "done": true
  },
  "lightmanscurrency:recipes/lightmanscurrency.coins/wallet/wallet_diamond": {
    "criteria": {
      "coin": "2024-10-08 00:51:45 +0000"
    },
    "done": true
  },
  "cgm:recipes/cgm/grenade": {
    "criteria": {
      "has_gunpowder": "2024-10-08 02:13:35 +0000"
    },
    "done": true
  },
  "minecraft:recipes/building_blocks/blue_wool": {
    "criteria": {
      "has_white_wool": "2024-10-08 00:57:46 +0000"
    },
    "done": true
  },
  "minecraft:recipes/transportation/acacia_chest_boat": {
    "criteria": {
      "has_boat": "2024-10-08 00:59:25 +0000"
    },
    "done": true
  },
  "minecraft:recipes/misc/magenta_dye_from_purple_and_pink": {
    "criteria": {
      "has_pink_dye": "2024-10-08 02:20:22 +0000"
    },
    "done": true
  },
  "lightmanscurrency:recipes/lightmanscurrency.trading/traders/card_display/mangrove/orange": {
    "criteria": {
      "money": "2024-10-08 00:51:45 +0000"
    },
    "done": true
  },
  "lightmanscurrency:recipes/misc/auction_stand/jungle": {
    "criteria": {
      "money": "2024-10-08 00:51:45 +0000"
    },
    "done": true
  },
  "lightmanscurrency:recipes/lightmanscurrency.trading/traders/card_display/spruce/purple": {
    "criteria": {
      "money": "2024-10-08 00:51:45 +0000"
    },
    "done": true
  },
  "realisticforging:the_iron_age": {
    "criteria": {
      "the_iron_age_0": "2024-10-08 01:41:06 +0000"
    },
    "done": true
  },
  "minecraft:adventure/sleep_in_bed": {
    "criteria": {
      "slept_in_bed": "2024-10-08 00:21:09 +0000"
    },
    "done": true
  },
  "lightmanscurrency:recipes/lightmanscurrency.trading/traders/freezer/orange": {
    "criteria": {
      "money": "2024-10-08 00:51:45 +0000"
    },
    "done": true
  },
  "minecraft:recipes/building_blocks/spruce_planks": {
    "criteria": {
      "has_logs": "2024-10-08 01:31:35 +0000"
    },
    "done": true
  },
  "minecraft:recipes/food/cooked_rabbit_from_campfire_cooking": {
    "criteria": {
      "has_rabbit": "2024-10-08 00:28:09 +0000"
    },
    "done": true
  },
  "minecraft:recipes/building_blocks/cobblestone_slab_from_cobblestone_stonecutting": {
    "criteria": {
      "has_cobblestone": "2024-10-08 00:41:33 +0000"
    },
    "done": true
  },
  "lightmanscurrency:recipes/lightmanscurrency.coins/wallet/upgrade_wallet_gold_to_wallet_netherite": {
    "criteria": {
      "coin": "2024-10-08 00:51:45 +0000"
    },
    "done": true
  },
  "lightmanscurrency:recipes/lightmanscurrency.trading/traders/card_display/jungle/light_blue": {
    "criteria": {
      "money": "2024-10-08 00:51:45 +0000"
    },
    "done": true
  },
  "minecraft:recipes/transportation/acacia_boat": {
    "criteria": {
      "in_water": "2024-10-08 00:24:12 +0000"
    },
    "done": true
  },
  "minecraft:recipes/misc/copper_ingot_from_blasting_raw_copper": {
    "criteria": {
      "has_raw_copper": "2024-10-08 01:42:29 +0000"
    },
    "done": true
  },
  "lightmanscurrency:recipes/lightmanscurrency.coins/coins/coinpile_emerald_from_block": {
    "criteria": {
      "money": "2024-10-08 00:51:45 +0000"
    },
    "done": true
  },
  "lightmanscurrency:recipes/lightmanscurrency.trading/traders/card_display/oak/yellow": {
    "criteria": {
      "money": "2024-10-08 00:51:45 +0000"
    },
    "done": true
  },
  "minecraft:recipes/decorations/birch_sign": {
    "criteria": {
      "has_planks": "2024-10-08 00:40:18 +0000"
    },
    "done": true
  },
  "lightmanscurrency:recipes/lightmanscurrency.trading/traders/shelf2/spruce": {
    "criteria": {
      "money": "2024-10-08 00:51:45 +0000"
    },
    "done": true
  },
  "minecraft:adventure/root": {
    "criteria": {
      "killed_something": "2024-10-08 00:50:15 +0000"
    },
    "done": true
  },
  "lightmanscurrency:recipes/lightmanscurrency.trading/traders/card_display/acacia/brown": {
    "criteria": {
      "money": "2024-10-08 00:51:45 +0000"
    },
    "done": true
  },
  "lightmanscurrency:recipes/lightmanscurrency.machines/coin_jar/piggy_bank": {
    "criteria": {
      "money": "2024-10-08 00:51:45 +0000"
    },
    "done": true
  },
  "minecraft:recipes/transportation/dark_oak_chest_boat": {
    "criteria": {
      "has_boat": "2024-10-08 00:59:25 +0000"
    },
    "done": true
  },
  "lightmanscurrency:recipes/lightmanscurrency.coins/coins/coin_copper_from_pile": {
    "criteria": {
      "money": "2024-10-08 00:51:45 +0000"
    },
    "done": true
  },
  "lightmanscurrency:recipes/lightmanscurrency.trading/traders/large_vending_machine/dye_pink": {
    "criteria": {
      "money": "2024-10-08 00:51:45 +0000"
    },
    "done": true
  },
  "minecraft:recipes/building_blocks/white_concrete_powder": {
    "criteria": {
      "has_gravel": "2024-10-08 00:50:47 +0000"
    },
    "done": true
  },
  "lightmanscurrency:recipes/lightmanscurrency.trading/traders/large_vending_machine/dye_light_blue": {
    "criteria": {
      "money": "2024-10-08 00:51:45 +0000"
    },
    "done": true
  },
  "minecraft:recipes/building_blocks/white_wool_from_string": {
    "criteria": {
      "has_string": "2024-10-08 01:31:32 +0000"
    },
    "done": true
  },
  "minecraft:adventure/kill_all_mobs": {
    "criteria": {
      "minecraft:skeleton": "2024-10-08 00:51:44 +0000",
      "minecraft:spider": "2024-10-08 01:31:31 +0000",
      "minecraft:zombie": "2024-10-08 01:22:47 +0000",
      "minecraft:zombie_villager": "2024-10-08 00:52:53 +0000"
    },
    "done": false
  },
  "lightmanscurrency:recipes/lightmanscurrency.trading/traders/large_vending_machine/washing": {
    "criteria": {
      "money": "2024-10-08 00:51:45 +0000"
    },
    "done": true
  },
  "lightmanscurrency:recipes/lightmanscurrency.trading/traders/vending_machine/washing": {
    "criteria": {
      "money": "2024-10-08 00:51:45 +0000"
    },
    "done": true
  },
  "minecraft:recipes/building_blocks/birch_wood": {
    "criteria": {
      "has_log": "2024-10-08 00:39:58 +0000"
    },
    "done": true
  },
  "lightmanscurrency:recipes/coin_mint/coin_mint/melt_coin_copper": {
    "criteria": {
      "money": "2024-10-08 00:51:45 +0000"
    },
    "done": true
  },
  "lightmanscurrency:recipes/misc/upgrades/coin_chest_magnet_upgrade_1": {
    "criteria": {
      "money": "2024-10-08 00:51:45 +0000"
    },
    "done": true
  },
  "lightmanscurrency:recipes/misc/upgrades/coin_chest_magnet_upgrade_2": {
    "criteria": {
      "money": "2024-10-08 00:51:45 +0000"
    },
    "done": true
  },
  "lightmanscurrency:recipes/lightmanscurrency.trading/traders/card_display/warped/white": {
    "criteria": {
      "money": "2024-10-08 00:51:45 +0000"
    },
    "done": true
  },
  "lightmanscurrency:recipes/lightmanscurrency.trading/traders/card_display/crimson/brown": {
    "criteria": {
      "money": "2024-10-08 00:51:45 +0000"
    },
    "done": true
  },
  "minecraft:recipes/food/cooked_beef_from_smoking": {
    "criteria": {
      "has_beef": "2024-10-08 00:28:10 +0000"
    },
    "done": true
  },
  "minecraft:recipes/decorations/fletching_table": {
    "criteria": {
      "has_flint": "2024-10-08 00:47:06 +0000"
    },
    "done": true
  },
  "lightmanscurrency:recipes/lightmanscurrency.trading/traders/card_display/crimson/gray": {
    "criteria": {
      "money": "2024-10-08 00:51:45 +0000"
    },
    "done": true
  },
  "lightmanscurrency:recipes/lightmanscurrency.trading/traders/bookshelf/crimson": {
    "criteria": {
      "money": "2024-10-08 00:51:45 +0000"
    },
    "done": true
  },
  "minecraft:recipes/misc/iron_nugget_from_smelting": {
    "criteria": {
      "has_iron_pickaxe": "2024-10-08 01:20:06 +0000"
    },
    "done": true
  },
  "minecraft:recipes/food/cooked_mutton_from_smoking": {
    "criteria": {
      "has_mutton": "2024-10-08 00:28:09 +0000"
    },
    "done": true
  },
  "lightmanscurrency:recipes/misc/upgrades/coin_chest_magnet_upgrade_3": {
    "criteria": {
      "money": "2024-10-08 00:51:45 +0000"
    },
    "done": true
  },
  "lightmanscurrency:recipes/misc/upgrades/coin_chest_magnet_upgrade_4": {
    "criteria": {
      "money": "2024-10-08 00:51:45 +0000"
    },
    "done": true
  },
  "lightmanscurrency:recipes/lightmanscurrency.trading/traders/card_display/mangrove/lime": {
    "criteria": {
      "money": "2024-10-08 00:51:45 +0000"
    },
    "done": true
  },
  "chiselsandbits:recipes/chiselsandbits/chiseled_printer": {
    "criteria": {
      "has_l": "2024-10-08 00:39:58 +0000"
    },
    "done": true
  },
  "cgm:recipes/cgm/stun_grenade": {
    "criteria": {
      "has_gunpowder": "2024-10-08 02:13:35 +0000"
    },
    "done": true
  },
  "lightmanscurrency:recipes/lightmanscurrency.trading/traders/card_display/warped/magenta": {
    "criteria": {
      "money": "2024-10-08 00:51:45 +0000"
    },
    "done": true
  },
  "lightmanscurrency:recipes/lightmanscurrency.trading/traders/card_display/spruce/magenta": {
    "criteria": {
      "money": "2024-10-08 00:51:45 +0000"
    },
    "done": true
  },
  "lightmanscurrency:recipes/lightmanscurrency.trading/traders/card_display/spruce/black": {
    "criteria": {
      "money": "2024-10-08 00:51:45 +0000"
    },
    "done": true
  },
  "lightmanscurrency:recipes/lightmanscurrency.trading/traders/card_display/mangrove/black": {
    "criteria": {
      "money": "2024-10-08 00:51:45 +0000"
    },
    "done": true
  },
  "lightmanscurrency:recipes/lightmanscurrency.trading/traders/card_display/birch/brown": {
    "criteria": {
      "money": "2024-10-08 00:51:45 +0000"
    },
    "done": true
  },
  "lightmanscurrency:recipes/lightmanscurrency.trading/traders/card_display/jungle/black": {
    "criteria": {
      "money": "2024-10-08 00:51:45 +0000"
    },
    "done": true
  },
  "lightmanscurrency:recipes/lightmanscurrency.trading/traders/card_display/acacia/red": {
    "criteria": {
      "money": "2024-10-08 00:51:45 +0000"
    },
    "done": true
  },
  "lightmanscurrency:recipes/lightmanscurrency.trading/traders/card_display/birch/gray": {
    "criteria": {
      "money": "2024-10-08 00:51:45 +0000"
    },
    "done": true
  },
  "minecraft:recipes/food/baked_potato_from_campfire_cooking": {
    "criteria": {
      "has_potato": "2024-10-08 00:24:59 +0000"
    },
    "done": true
  },
  "minecraft:recipes/food/cooked_porkchop": {
    "criteria": {
      "has_porkchop": "2024-10-08 00:28:09 +0000"
    },
    "done": true
  },
  "minecraft:recipes/building_blocks/orange_concrete_powder": {
    "criteria": {
      "has_gravel": "2024-10-08 00:50:47 +0000"
    },
    "done": true
  },
  "lightmanscurrency:recipes/lightmanscurrency.trading/traders/card_display/oak/white": {
    "criteria": {
      "money": "2024-10-08 00:51:45 +0000"
    },
    "done": true
  },
  "lightmanscurrency:recipes/lightmanscurrency.trading/traders/shelf/mangrove": {
    "criteria": {
      "money": "2024-10-08 00:51:45 +0000"
    },
    "done": true
  },
  "lightmanscurrency:recipes/lightmanscurrency.trading/traders/bookshelf/mangrove": {
    "criteria": {
      "money": "2024-10-08 00:51:45 +0000"
    },
    "done": true
  },
  "lightmanscurrency:recipes/lightmanscurrency.trading/traders/bookshelf/jungle": {
    "criteria": {
      "money": "2024-10-08 00:51:45 +0000"
    },
    "done": true
  },
  "chiselsandbits:recipes/chiselsandbits/bit_bag": {
    "criteria": {
      "has_w": "2024-10-08 00:57:46 +0000"
    },
    "done": true
  },
  "minecraft:recipes/food/cooked_porkchop_from_campfire_cooking": {
    "criteria": {
      "has_porkchop": "2024-10-08 00:28:09 +0000"
    },
    "done": true
  },
  "lightmanscurrency:recipes/lightmanscurrency.trading/traders/card_display/acacia/pink": {
    "criteria": {
      "money": "2024-10-08 00:51:45 +0000"
    },
    "done": true
  },
  "lightmanscurrency:recipes/lightmanscurrency.trading/traders/card_display/oak/green": {
    "criteria": {
      "money": "2024-10-08 00:51:45 +0000"
    },
    "done": true
  },
  "minecraft:recipes/building_blocks/raw_copper_block": {
    "criteria": {
      "has_raw_copper": "2024-10-08 01:42:29 +0000"
    },
    "done": true
  },
  "lightmanscurrency:recipes/lightmanscurrency.trading/traders/card_display/mangrove/red": {
    "criteria": {
      "money": "2024-10-08 00:51:45 +0000"
    },
    "done": true
  },
  "lightmanscurrency:recipes/lightmanscurrency.trading/traders/large_vending_machine/dye_cyan": {
    "criteria": {
      "money": "2024-10-08 00:51:45 +0000"
    },
    "done": true
  },
  "securitycraft:recipes/securitycraft/secret_warped_sign_item": {
    "criteria": {
      "has_sign": "2024-10-08 00:49:58 +0000"
    },
    "done": true
  },
  "minecraft:recipes/building_blocks/black_wool": {
    "criteria": {
      "has_white_wool": "2024-10-08 00:57:46 +0000"
    },
    "done": true
  },
  "backpacked:recipes/backpacked/oak_backpack_shelf": {
    "criteria": {
      "has_stick": "2024-10-08 00:40:25 +0000"
    },
    "done": true
  },
  "lightmanscurrency:recipes/lightmanscurrency.trading/traders/card_display/spruce/cyan": {
    "criteria": {
      "money": "2024-10-08 00:51:45 +0000"
    },
    "done": true
  },
  "lightmanscurrency:recipes/lightmanscurrency.trading/traders/shelf2/oak": {
    "criteria": {
      "money": "2024-10-08 00:51:45 +0000"
    },
    "done": true
  },
  "lightmanscurrency:recipes/lightmanscurrency.trading/traders/card_display/warped/green": {
    "criteria": {
      "money": "2024-10-08 00:51:45 +0000"
    },
    "done": true
  },
  "minecraft:recipes/redstone/slime_block": {
    "criteria": {
      "has_slime_ball": "2024-10-08 00:56:31 +0000"
    },
    "done": true
  },
  "minecraft:recipes/misc/blue_dye_from_cornflower": {
    "criteria": {
      "has_cornflower": "2024-10-08 01:49:11 +0000"
    },
    "done": true
  },
  "lightmanscurrency:recipes/lightmanscurrency.trading/traders/card_display/acacia/green": {
    "criteria": {
      "money": "2024-10-08 00:51:45 +0000"
    },
    "done": true
  },
  "lightmanscurrency:recipes/lightmanscurrency.machines/ticket_station": {
    "criteria": {
      "money": "2024-10-08 00:51:45 +0000"
    },
    "done": true
  },
  "minecraft:recipes/redstone/birch_button": {
    "criteria": {
      "has_planks": "2024-10-08 00:40:18 +0000"
    },
    "done": true
  },
  "lightmanscurrency:recipes/lightmanscurrency.trading/traders/vending_machine/dye_blue": {
    "criteria": {
      "money": "2024-10-08 00:51:45 +0000"
    },
    "done": true
  },
  "lightmanscurrency:recipes/lightmanscurrency.coins/coins/coinpile_copper_from_coin": {
    "criteria": {
      "money": "2024-10-08 00:51:45 +0000",
      "coin": "2024-10-08 00:51:45 +0000"
    },
    "done": true
  },
  "chiselsandbits:recipes/chiselsandbits/measuring_tape": {
    "criteria": {
      "has_s": "2024-10-08 01:31:32 +0000"
    },
    "done": true
  },
  "lightmanscurrency:recipes/lightmanscurrency.trading/traders/card_display/mangrove/green": {
    "criteria": {
      "money": "2024-10-08 00:51:45 +0000"
    },
    "done": true
  },
  "lightmanscurrency:recipes/lightmanscurrency.trading/traders/card_display/dark_oak/blue": {
    "criteria": {
      "money": "2024-10-08 00:51:45 +0000"
    },
    "done": true
  },
  "lightmanscurrency:recipes/lightmanscurrency.trading/traders/vending_machine/dye_red": {
    "criteria": {
      "money": "2024-10-08 00:51:45 +0000"
    },
    "done": true
  },
  "lightmanscurrency:recipes/lightmanscurrency.coins/coins/coin_gold_from_pile": {
    "criteria": {
      "money": "2024-10-08 00:51:45 +0000"
    },
    "done": true
  },
  "minecraft:recipes/building_blocks/spruce_wood": {
    "criteria": {
      "has_log": "2024-10-08 01:31:35 +0000"
    },
    "done": true
  },
  "minecraft:recipes/building_blocks/clay": {
    "criteria": {
      "has_clay_ball": "2024-10-08 01:43:48 +0000"
    },
    "done": true
  },
  "lightmanscurrency:recipes/lightmanscurrency.machines/portable_gem_terminal_swap": {
    "criteria": {
      "money": "2024-10-08 00:51:45 +0000"
    },
    "done": true
  },
  "minecraft:recipes/building_blocks/light_blue_wool": {
    "criteria": {
      "has_white_wool": "2024-10-08 00:57:46 +0000"
    },
    "done": true
  },
  "minecraft:recipes/combat/wooden_sword": {
    "criteria": {
      "has_stick": "2024-10-08 00:40:25 +0000"
    },
    "done": true
  },
  "lightmanscurrency:recipes/lightmanscurrency.trading/traders/card_display/birch/light_blue": {
    "criteria": {
      "money": "2024-10-08 00:51:45 +0000"
    },
    "done": true
  },
  "lightmanscurrency:recipes/misc/upgrades/coin_chest_security_upgrade": {
    "criteria": {
      "money": "2024-10-08 00:51:45 +0000"
    },
    "done": true
  },
  "lightmanscurrency:recipes/lightmanscurrency.coins/wallet/upgrade_wallet_gold_to_wallet_emerald": {
    "criteria": {
      "coin": "2024-10-08 00:51:45 +0000"
    },
    "done": true
  },
  "minecraft:recipes/building_blocks/gray_concrete_powder": {
    "criteria": {
      "has_gravel": "2024-10-08 00:50:47 +0000"
    },
    "done": true
  },
  "lightmanscurrency:recipes/lightmanscurrency.trading/traders/vending_machine/dye_light_blue": {
    "criteria": {
      "money": "2024-10-08 00:51:45 +0000"
    },
    "done": true
  },
  "lightmanscurrency:recipes/lightmanscurrency.trading/traders/large_vending_machine/dye_orange": {
    "criteria": {
      "money": "2024-10-08 00:51:45 +0000"
    },
    "done": true
  },
  "lightmanscurrency:recipes/misc/auction_stand/crimson": {
    "criteria": {
      "money": "2024-10-08 00:51:45 +0000"
    },
    "done": true
  },
  "lightmanscurrency:recipes/lightmanscurrency.trading/traders/shelf2/acacia": {
    "criteria": {
      "money": "2024-10-08 00:51:45 +0000"
    },
    "done": true
  },
  "lightmanscurrency:recipes/lightmanscurrency.trading/traders/armor_display": {
    "criteria": {
      "money": "2024-10-08 00:51:45 +0000"
    },
    "done": true
  },
  "minecraft:recipes/building_blocks/bookshelf": {
    "criteria": {
      "has_book": "2024-10-08 01:42:34 +0000"
    },
    "done": true
  },
  "lightmanscurrency:recipes/lightmanscurrency.trading/traders/large_vending_machine/dye_yellow": {
    "criteria": {
      "money": "2024-10-08 00:51:45 +0000"
    },
    "done": true
  },
  "lightmanscurrency:recipes/lightmanscurrency.coins/coins/coinblock_netherite_from_pile": {
    "criteria": {
      "money": "2024-10-08 00:51:45 +0000"
    },
    "done": true
  },
  "realisticforging:two_sticks_advancements": {
    "criteria": {
      "two_sticks_advancements_0": "2024-10-08 02:18:52 +0000"
    },
    "done": true
  },
  "minecraft:recipes/transportation/mangrove_chest_boat": {
    "criteria": {
      "has_boat": "2024-10-08 00:59:25 +0000"
    },
    "done": true
  },
  "cgm:recipes/cgm/basic_bullet": {
    "criteria": {
      "has_gunpowder": "2024-10-08 02:13:35 +0000"
    },
    "done": true
  },
  "casinocraft:recipes/misc/item_book": {
    "criteria": {
      "has_paper": "2024-10-08 01:42:34 +0000"
    },
    "done": true
  },
  "lightmanscurrency:recipes/lightmanscurrency.trading/traders/card_display/crimson/lime": {
    "criteria": {
      "money": "2024-10-08 00:51:45 +0000"
    },
    "done": true
  },
  "minecraft:recipes/redstone/tripwire_hook": {
    "criteria": {
      "has_string": "2024-10-08 01:31:32 +0000"
    },
    "done": true
  },
  "minecraft:recipes/building_blocks/raw_gold_block": {
    "criteria": {
      "has_raw_gold": "2024-10-08 01:42:23 +0000"
    },
    "done": true
  },
  "minecraft:recipes/misc/bone_meal": {
    "criteria": {
      "has_bone": "2024-10-08 00:50:17 +0000"
    },
    "done": true
  },
  "minecraft:recipes/building_blocks/birch_planks": {
    "criteria": {
      "has_logs": "2024-10-08 00:39:58 +0000"
    },
    "done": true
  },
  "lightmanscurrency:recipes/lightmanscurrency.trading/traders/card_display/warped/lime": {
    "criteria": {
      "money": "2024-10-08 00:51:45 +0000"
    },
    "done": true
  },
  "lightmanscurrency:recipes/lightmanscurrency.trading/traders/card_display/oak/blue": {
    "criteria": {
      "money": "2024-10-08 00:51:45 +0000"
    },
    "done": true
  },
  "minecraft:recipes/building_blocks/black_concrete_powder": {
    "criteria": {
      "has_gravel": "2024-10-08 00:50:47 +0000"
    },
    "done": true
  },
  "lightmanscurrency:recipes/lightmanscurrency.trading/traders/freezer/cyan": {
    "criteria": {
      "money": "2024-10-08 00:51:45 +0000"
    },
    "done": true
  },
  "minecraft:story/iron_tools": {
    "criteria": {
      "iron_pickaxe": "2024-10-08 01:20:06 +0000"
    },
    "done": true
  },
  "minecraft:recipes/redstone/birch_fence_gate": {
    "criteria": {
      "has_planks": "2024-10-08 00:40:18 +0000"
    },
    "done": true
  },
  "lightmanscurrency:recipes/coin_mint/coin_mint/melt_coin_diamond": {
    "criteria": {
      "money": "2024-10-08 00:51:45 +0000"
    },
    "done": true
  },
  "minecraft:recipes/combat/crossbow": {
    "criteria": {
      "has_stick": "2024-10-08 00:40:25 +0000"
    },
    "done": true
  },
  "lightmanscurrency:recipes/lightmanscurrency.trading/traders/card_display/oak/purple": {
    "criteria": {
      "money": "2024-10-08 00:51:45 +0000"
    },
    "done": true
  },
  "minecraft:recipes/building_blocks/yellow_wool": {
    "criteria": {
      "has_white_wool": "2024-10-08 00:57:46 +0000"
    },
    "done": true
  },
  "minecraft:recipes/food/cooked_porkchop_from_smoking": {
    "criteria": {
      "has_porkchop": "2024-10-08 00:28:09 +0000"
    },
    "done": true
  },
  "lightmanscurrency:recipes/lightmanscurrency.coins/wallet/upgrade_wallet_copper_to_wallet_iron": {
    "criteria": {
      "coin": "2024-10-08 00:51:45 +0000"
    },
    "done": true
  },
  "lightmanscurrency:recipes/misc/auction_stand/spruce": {
    "criteria": {
      "money": "2024-10-08 00:51:45 +0000"
    },
    "done": true
  },
  "lightmanscurrency:recipes/lightmanscurrency.trading/traders/card_display/birch/lime": {
    "criteria": {
      "money": "2024-10-08 00:51:45 +0000"
    },
    "done": true
  },
  "lightmanscurrency:recipes/lightmanscurrency.trading/traders/vending_machine/dye_orange": {
    "criteria": {
      "money": "2024-10-08 00:51:45 +0000"
    },
    "done": true
  },
  "lightmanscurrency:recipes/misc/auction_stand/dark_oak": {
    "criteria": {
      "money": "2024-10-08 00:51:45 +0000"
    },
    "done": true
  },
  "minecraft:recipes/building_blocks/red_concrete_powder": {
    "criteria": {
      "has_gravel": "2024-10-08 00:50:47 +0000"
    },
    "done": true
  },
  "minecraft:recipes/misc/iron_nugget_from_blasting": {
    "criteria": {
      "has_iron_pickaxe": "2024-10-08 01:20:06 +0000"
    },
    "done": true
  },
  "securitycraft:recipes/securitycraft/reinforced_diorite": {
    "criteria": {
      "has_cobblestone": "2024-10-08 00:41:33 +0000"
    },
    "done": true
  },
  "lightmanscurrency:recipes/lightmanscurrency.trading/traders/card_display/dark_oak/brown": {
    "criteria": {
      "money": "2024-10-08 00:51:45 +0000"
    },
    "done": true
  },
  "minecraft:adventure/kill_a_mob": {
    "criteria": {
      "minecraft:skeleton": "2024-10-08 00:51:44 +0000"
    },
    "done": true
  },
  "lightmanscurrency:recipes/lightmanscurrency.trading/traders/freezer/light_blue": {
    "criteria": {
      "money": "2024-10-08 00:51:45 +0000"
    },
    "done": true
  },
  "lightmanscurrency:recipes/lightmanscurrency.trading/traders/large_vending_machine/dye_purple": {
    "criteria": {
      "money": "2024-10-08 00:51:45 +0000"
    },
    "done": true
  },
  "lightmanscurrency:recipes/lightmanscurrency.trading/traders/paygate": {
    "criteria": {
      "money": "2024-10-08 00:51:45 +0000"
    },
    "done": true
  },
  "lightmanscurrency:recipes/lightmanscurrency.trading/traders/freezer/lime": {
    "criteria": {
      "money": "2024-10-08 00:51:45 +0000"
    },
    "done": true
  },
  "lightmanscurrency:recipes/lightmanscurrency.trading/traders/vending_machine/dye_lime": {
    "criteria": {
      "money": "2024-10-08 00:51:45 +0000"
    },
    "done": true
  },
  "lightmanscurrency:recipes/lightmanscurrency.trading/traders/freezer/red": {
    "criteria": {
      "money": "2024-10-08 00:51:45 +0000"
    },
    "done": true
  },
  "lightmanscurrency:recipes/lightmanscurrency.trading/traders/card_display/spruce/light_gray": {
    "criteria": {
      "money": "2024-10-08 00:51:45 +0000"
    },
    "done": true
  },
  "minecraft:recipes/redstone/sticky_piston": {
    "criteria": {
      "has_slime_ball": "2024-10-08 00:56:31 +0000"
    },
    "done": true
  },
  "minecraft:recipes/building_blocks/stone": {
    "criteria": {
      "has_cobblestone": "2024-10-08 00:41:33 +0000"
    },
    "done": true
  },
  "lightmanscurrency:recipes/lightmanscurrency.trading/traders/card_display/dark_oak/purple": {
    "criteria": {
      "money": "2024-10-08 00:51:45 +0000"
    },
    "done": true
  },
  "lightmanscurrency:recipes/lightmanscurrency.trading/traders/card_display/crimson/cyan": {
    "criteria": {
      "money": "2024-10-08 00:51:45 +0000"
    },
    "done": true
  },
  "cgm:recipes/cgm/missile": {
    "criteria": {
      "has_gunpowder": "2024-10-08 02:13:35 +0000"
    },
    "done": true
  },
  "minecraft:adventure/adventuring_time": {
    "criteria": {
      "minecraft:old_growth_pine_taiga": "2024-10-08 01:13:18 +0000",
      "minecraft:birch_forest": "2024-10-08 00:39:49 +0000",
      "minecraft:beach": "2024-10-08 00:21:59 +0000",
      "minecraft:dark_forest": "2024-10-08 01:51:56 +0000",
      "minecraft:river": "2024-10-08 00:22:26 +0000",
      "minecraft:forest": "2024-10-08 00:20:50 +0000",
      "minecraft:lush_caves": "2024-10-08 00:46:37 +0000",
      "minecraft:ocean": "2024-10-08 01:13:41 +0000",
      "minecraft:old_growth_spruce_taiga": "2024-10-08 01:31:21 +0000",
      "minecraft:old_growth_birch_forest": "2024-10-08 00:43:14 +0000",
      "minecraft:plains": "2024-10-08 00:21:10 +0000"
    },
    "done": false
  },
  "lightmanscurrency:recipes/lightmanscurrency.trading/traders/card_display/spruce/white": {
    "criteria": {
      "money": "2024-10-08 00:51:45 +0000"
    },
    "done": true
  },
  "lightmanscurrency:recipes/lightmanscurrency.coins/wallet/wallet_emerald": {
    "criteria": {
      "coin": "2024-10-08 00:51:45 +0000"
    },
    "done": true
  },
  "lightmanscurrency:recipes/lightmanscurrency.trading/traders/card_display/dark_oak/light_gray": {
    "criteria": {
      "money": "2024-10-08 00:51:45 +0000"
    },
    "done": true
  },
  "lightmanscurrency:recipes/lightmanscurrency.trading/traders/card_display/spruce/brown": {
    "criteria": {
      "money": "2024-10-08 00:51:45 +0000"
    },
    "done": true
  },
  "minecraft:recipes/combat/stone_sword": {
    "criteria": {
      "has_cobblestone": "2024-10-08 00:41:33 +0000"
    },
    "done": true
  },
  "minecraft:recipes/decorations/barrel": {
    "criteria": {
      "has_planks": "2024-10-08 00:40:18 +0000"
    },
    "done": true
  },
  "minecraft:recipes/decorations/cobblestone_wall": {
    "criteria": {
      "has_cobblestone": "2024-10-08 00:41:33 +0000"
    },
    "done": true
  },
  "lightmanscurrency:recipes/lightmanscurrency.trading/traders/card_display/spruce/lime": {
    "criteria": {
      "money": "2024-10-08 00:51:45 +0000"
    },
    "done": true
  },
  "lightmanscurrency:recipes/lightmanscurrency.trading/traders/card_display/crimson/light_gray": {
    "criteria": {
      "money": "2024-10-08 00:51:45 +0000"
    },
    "done": true
  },
  "lightmanscurrency:recipes/lightmanscurrency.trading/traders/card_display/jungle/lime": {
    "criteria": {
      "money": "2024-10-08 00:51:45 +0000"
    },
    "done": true
  },
  "lightmanscurrency:recipes/lightmanscurrency.coins/coins/coinpile_iron_from_block": {
    "criteria": {
      "money": "2024-10-08 00:51:45 +0000"
    },
    "done": true
  },
  "lightmanscurrency:recipes/lightmanscurrency.trading/traders/card_display/birch/black": {
    "criteria": {
      "money": "2024-10-08 00:51:45 +0000"
    },
    "done": true
  },
  "minecraft:recipes/tools/stone_pickaxe": {
    "criteria": {
      "has_cobblestone": "2024-10-08 00:41:33 +0000"
    },
    "done": true
  },
  "lightmanscurrency:recipes/lightmanscurrency.coins/coins/coinpile_copper_from_block": {
    "criteria": {
      "money": "2024-10-08 00:51:45 +0000"
    },
    "done": true
  },
  "lightmanscurrency:recipes/lightmanscurrency.trading/traders/large_vending_machine/dye_magenta": {
    "criteria": {
      "money": "2024-10-08 00:51:45 +0000"
    },
    "done": true
  },
  "minecraft:husbandry/plant_seed": {
    "criteria": {
      "wheat": "2024-10-08 00:24:15 +0000"
    },
    "done": true
  },
  "lightmanscurrency:recipes/lightmanscurrency.trading/traders/freezer/green": {
    "criteria": {
      "money": "2024-10-08 00:51:45 +0000"
    },
    "done": true
  },
  "minecraft:recipes/decorations/cobblestone_wall_from_cobblestone_stonecutting": {
    "criteria": {
      "has_cobblestone": "2024-10-08 00:41:33 +0000"
    },
    "done": true
  },
  "minecraft:recipes/misc/orange_dye_from_orange_tulip": {
    "criteria": {
      "has_orange_tulip": "2024-10-08 00:25:58 +0000"
    },
    "done": true
  },
  "lightmanscurrency:recipes/lightmanscurrency.trading/traders/card_display/crimson/magenta": {
    "criteria": {
      "money": "2024-10-08 00:51:45 +0000"
    },
    "done": true
  },
  "lightmanscurrency:recipes/lightmanscurrency.trading/traders/display_case": {
    "criteria": {
      "money": "2024-10-08 00:51:45 +0000"
    },
    "done": true
  },
  "lightmanscurrency:recipes/lightmanscurrency.coins/wallet/upgrade_wallet_iron_to_wallet_emerald": {
    "criteria": {
      "coin": "2024-10-08 00:51:45 +0000"
    },
    "done": true
  },
  "lightmanscurrency:recipes/lightmanscurrency.trading/traders/large_vending_machine/dye_gray": {
    "criteria": {
      "money": "2024-10-08 00:51:45 +0000"
    },
    "done": true
  },
  "minecraft:recipes/decorations/flower_pot": {
    "criteria": {
      "has_brick": "2024-10-08 02:21:05 +0000"
    },
    "done": true
  },
  "lightmanscurrency:recipes/lightmanscurrency.upgrades/upgrades/network_upgrade": {
    "criteria": {
      "money": "2024-10-08 00:51:45 +0000"
    },
    "done": true
  },
  "lightmanscurrency:recipes/lightmanscurrency.trading/traders/card_display/warped/light_blue": {
    "criteria": {
      "money": "2024-10-08 00:51:45 +0000"
    },
    "done": true
  },
  "backpacked:recipes/backpacked/birch_backpack_shelf": {
    "criteria": {
      "has_stick": "2024-10-08 00:40:25 +0000"
    },
    "done": true
  },
  "dungeons_arise:wda_root": {
    "criteria": {
      "WDA": "2024-10-08 00:20:49 +0000"
    },
    "done": true
  },
  "lightmanscurrency:recipes/lightmanscurrency.trading/traders/card_display/acacia/light_gray": {
    "criteria": {
      "money": "2024-10-08 00:51:45 +0000"
    },
    "done": true
  },
  "lightmanscurrency:recipes/lightmanscurrency.coins/wallet/upgrade_wallet_copper_to_wallet_gold": {
    "criteria": {
      "coin": "2024-10-08 00:51:45 +0000"
    },
    "done": true
  },
  "lightmanscurrency:recipes/lightmanscurrency.trading/traders/card_display/dark_oak/magenta": {
    "criteria": {
      "money": "2024-10-08 00:51:45 +0000"
    },
    "done": true
  },
  "lightmanscurrency:recipes/lightmanscurrency.trading/traders/card_display/oak/orange": {
    "criteria": {
      "money": "2024-10-08 00:51:45 +0000"
    },
    "done": true
  },
  "lightmanscurrency:recipes/lightmanscurrency.trading/traders/card_display/dark_oak/white": {
    "criteria": {
      "money": "2024-10-08 00:51:45 +0000"
    },
    "done": true
  },
  "lightmanscurrency:recipes/lightmanscurrency.trading/traders/card_display/dark_oak/red": {
    "criteria": {
      "money": "2024-10-08 00:51:45 +0000"
    },
    "done": true
  },
  "lightmanscurrency:recipes/lightmanscurrency.trading/traders/vending_machine/dye_brown": {
    "criteria": {
      "money": "2024-10-08 00:51:45 +0000"
    },
    "done": true
  },
  "securitycraft:recipes/securitycraft/reinforced_packed_mud": {
    "criteria": {
      "has_wheat": "2024-10-08 00:24:08 +0000"
    },
    "done": true
  },
  "lightmanscurrency:recipes/lightmanscurrency.coins/wallet/upgrade_wallet_copper_to_wallet_diamond": {
    "criteria": {
      "coin": "2024-10-08 00:51:45 +0000"
    },
    "done": true
  },
  "lightmanscurrency:recipes/lightmanscurrency.trading/traders/card_display/crimson/black": {
    "criteria": {
      "money": "2024-10-08 00:51:45 +0000"
    },
    "done": true
  },
  "lightmanscurrency:recipes/lightmanscurrency.trading/traders/card_display/birch/red": {
    "criteria": {
      "money": "2024-10-08 00:51:45 +0000"
    },
    "done": true
  },
  "lightmanscurrency:recipes/lightmanscurrency.trading/traders/shelf/oak": {
    "criteria": {
      "money": "2024-10-08 00:51:45 +0000"
    },
    "done": true
  },
  "minecraft:recipes/building_blocks/light_gray_wool": {
    "criteria": {
      "has_white_wool": "2024-10-08 00:57:46 +0000"
    },
    "done": true
  },
  "minecraft:recipes/building_blocks/red_wool": {
    "criteria": {
      "has_white_wool": "2024-10-08 00:57:46 +0000"
    },
    "done": true
  },
  "minecraft:recipes/misc/light_gray_dye_from_oxeye_daisy": {
    "criteria": {
      "has_oxeye_daisy": "2024-10-08 02:13:31 +0000"
    },
    "done": true
  },
  "minecraft:recipes/tools/stone_axe": {
    "criteria": {
      "has_cobblestone": "2024-10-08 00:41:33 +0000"
    },
    "done": true
  },
  "minecraft:recipes/food/cooked_mutton": {
    "criteria": {
      "has_mutton": "2024-10-08 00:28:09 +0000"
    },
    "done": true
  },
  "lightmanscurrency:recipes/lightmanscurrency.trading/traders/card_display/jungle/magenta": {
    "criteria": {
      "money": "2024-10-08 00:51:45 +0000"
    },
    "done": true
  },
  "lightmanscurrency:recipes/lightmanscurrency.trading/traders/card_display/warped/blue": {
    "criteria": {
      "money": "2024-10-08 00:51:45 +0000"
    },
    "done": true
  },
  "lightmanscurrency:recipes/lightmanscurrency.coins/wallet/upgrade_wallet_copper_to_wallet_netherite": {
    "criteria": {
      "coin": "2024-10-08 00:51:45 +0000"
    },
    "done": true
  },
  "lightmanscurrency:recipes/lightmanscurrency.coins/coins/coin_netherite_from_pile": {
    "criteria": {
      "money": "2024-10-08 00:51:45 +0000"
    },
    "done": true
  },
  "lightmanscurrency:recipes/lightmanscurrency.machines/gem_terminal": {
    "criteria": {
      "money": "2024-10-08 00:51:45 +0000"
    },
    "done": true
  },
  "lightmanscurrency:recipes/lightmanscurrency.trading/traders/freezer/black": {
    "criteria": {
      "money": "2024-10-08 00:51:45 +0000"
    },
    "done": true
  },
  "minecraft:recipes/building_blocks/purple_wool": {
    "criteria": {
      "has_white_wool": "2024-10-08 00:57:46 +0000"
    },
    "done": true
  },
  "minecraft:recipes/food/rabbit_stew_from_brown_mushroom": {
    "criteria": {
      "has_cooked_rabbit": "2024-10-08 00:29:57 +0000"
    },
    "done": true
  },
  "lightmanscurrency:recipes/lightmanscurrency.trading/traders/card_display/acacia/yellow": {
    "criteria": {
      "money": "2024-10-08 00:51:45 +0000"
    },
    "done": true
  },
  "minecraft:recipes/building_blocks/cobblestone_stairs_from_cobblestone_stonecutting": {
    "criteria": {
      "has_cobblestone": "2024-10-08 00:41:33 +0000"
    },
    "done": true
  },
  "minecraft:recipes/building_blocks/magenta_concrete_powder": {
    "criteria": {
      "has_gravel": "2024-10-08 00:50:47 +0000"
    },
    "done": true
  },
  "lightmanscurrency:recipes/lightmanscurrency.coins/wallet/wallet_netherite": {
    "criteria": {
      "coin": "2024-10-08 00:51:45 +0000"
    },
    "done": true
  },
  "lightmanscurrency:recipes/lightmanscurrency.coins/coins/coinblock_copper_from_pile": {
    "criteria": {
      "money": "2024-10-08 00:51:45 +0000"
    },
    "done": true
  },
  "lightmanscurrency:recipes/lightmanscurrency.trading/traders/card_display/oak/light_gray": {
    "criteria": {
      "money": "2024-10-08 00:51:45 +0000"
    },
    "done": true
  },
  "minecraft:recipes/misc/writable_book": {
    "criteria": {
      "has_book": "2024-10-08 01:42:34 +0000"
    },
    "done": true
  },
  "lightmanscurrency:recipes/lightmanscurrency.machines/terminal_swap": {
    "criteria": {
      "money": "2024-10-08 00:51:45 +0000"
    },
    "done": true
  },
  "minecraft:recipes/decorations/white_bed": {
    "criteria": {
      "has_white_wool": "2024-10-08 00:57:46 +0000"
    },
    "done": true
  },
  "lightmanscurrency:recipes/lightmanscurrency.coins/coins/coin_iron_from_pile": {
    "criteria": {
      "money": "2024-10-08 00:51:45 +0000"
    },
    "done": true
  },
  "lightmanscurrency:recipes/lightmanscurrency.trading/traders/card_display/oak/lime": {
    "criteria": {
      "money": "2024-10-08 00:51:45 +0000"
    },
    "done": true
  },
  "lightmanscurrency:recipes/lightmanscurrency.trading/traders/card_display/acacia/blue": {
    "criteria": {
      "money": "2024-10-08 00:51:45 +0000"
    },
    "done": true
  },
  "lightmanscurrency:recipes/lightmanscurrency.machines/atm_swap": {
    "criteria": {
      "money": "2024-10-08 00:51:45 +0000"
    },
    "done": true
  },
  "realisticforging:getting_big_stone": {
    "criteria": {
      "getting_big_stone_0": "2024-10-08 00:43:23 +0000"
    },
    "done": true
  },
  "lightmanscurrency:recipes/lightmanscurrency.trading/traders/card_display/jungle/gray": {
    "criteria": {
      "money": "2024-10-08 00:51:45 +0000"
    },
    "done": true
  },
  "lightmanscurrency:recipes/lightmanscurrency.trading/traders/shelf2/birch": {
    "criteria": {
      "money": "2024-10-08 00:51:45 +0000"
    },
    "done": true
  },
  "lightmanscurrency:recipes/lightmanscurrency.trading/traders/card_display/birch/green": {
    "criteria": {
      "money": "2024-10-08 00:51:45 +0000"
    },
    "done": true
  },
  "minecraft:recipes/food/rabbit_stew_from_red_mushroom": {
    "criteria": {
      "has_cooked_rabbit": "2024-10-08 00:29:57 +0000"
    },
    "done": true
  },
  "minecraft:recipes/redstone/birch_pressure_plate": {
    "criteria": {
      "has_planks": "2024-10-08 00:40:18 +0000"
    },
    "done": true
  },
  "minecraft:recipes/decorations/campfire": {
    "criteria": {
      "has_coal": "2024-10-08 00:28:10 +0000"
    },
    "done": true
  },
  "lightmanscurrency:recipes/lightmanscurrency.trading/traders/freezer/gray": {
    "criteria": {
      "money": "2024-10-08 00:51:45 +0000"
    },
    "done": true
  },
  "minecraft:recipes/decorations/candle": {
    "criteria": {
      "has_string": "2024-10-08 01:31:32 +0000"
    },
    "done": true
  },
  "minecraft:recipes/food/bread": {
    "criteria": {
      "has_wheat": "2024-10-08 00:24:08 +0000"
    },
    "done": true
  },
  "lightmanscurrency:recipes/lightmanscurrency.trading/traders/card_display/jungle/brown": {
    "criteria": {
      "money": "2024-10-08 00:51:45 +0000"
    },
    "done": true
  },
  "lightmanscurrency:recipes/lightmanscurrency.trading/traders/card_display/crimson/white": {
    "criteria": {
      "money": "2024-10-08 00:51:45 +0000"
    },
    "done": true
  },
  "lightmanscurrency:recipes/lightmanscurrency.trading/traders/bookshelf/dark_oak": {
    "criteria": {
      "money": "2024-10-08 00:51:45 +0000"
    },
    "done": true
  },
  "minecraft:recipes/building_blocks/brown_concrete_powder": {
    "criteria": {
      "has_gravel": "2024-10-08 00:50:47 +0000"
    },
    "done": true
  },
  "lightmanscurrency:recipes/lightmanscurrency.trading/traders/card_display/crimson/green": {
    "criteria": {
      "money": "2024-10-08 00:51:45 +0000"
    },
    "done": true
  },
  "lightmanscurrency:recipes/lightmanscurrency.trading/traders/card_display/mangrove/light_blue": {
    "criteria": {
      "money": "2024-10-08 00:51:45 +0000"
    },
    "done": true
  },
  "lightmanscurrency:recipes/lightmanscurrency.trading/traders/card_display/jungle/red": {
    "criteria": {
      "money": "2024-10-08 00:51:45 +0000"
    },
    "done": true
  },
  "lightmanscurrency:recipes/lightmanscurrency.trading/traders/card_display/spruce/yellow": {
    "criteria": {
      "money": "2024-10-08 00:51:45 +0000"
    },
    "done": true
  },
  "lightmanscurrency:currency/root": {
    "criteria": {
      "coin": "2024-10-08 00:51:45 +0000"
    },
    "done": true
  },
  "backpacked:recipes/backpacked/warped_backpack_shelf": {
    "criteria": {
      "has_stick": "2024-10-08 00:40:25 +0000"
    },
    "done": true
  },
  "cgm:recipes/cgm/advanced_bullet": {
    "criteria": {
      "has_gunpowder": "2024-10-08 02:13:35 +0000"
    },
    "done": true
  },
  "minecraft:recipes/building_blocks/cyan_wool": {
    "criteria": {
      "has_white_wool": "2024-10-08 00:57:46 +0000"
    },
    "done": true
  },
  "lightmanscurrency:recipes/lightmanscurrency.trading/traders/shelf/jungle": {
    "criteria": {
      "money": "2024-10-08 00:51:45 +0000"
    },
    "done": true
  },
  "lightmanscurrency:recipes/lightmanscurrency.coins/coins/coin_emerald_from_pile": {
    "criteria": {
      "money": "2024-10-08 00:51:45 +0000"
    },
    "done": true
  },
  "minecraft:recipes/transportation/spruce_boat": {
    "criteria": {
      "in_water": "2024-10-08 00:24:12 +0000"
    },
    "done": true
  },
  "chiselsandbits:recipes/chiselsandbits/chisel_diamond": {
    "criteria": {
      "has_rod": "2024-10-08 00:40:25 +0000"
    },
    "done": true
  },
  "minecraft:recipes/tools/flint_and_steel": {
    "criteria": {
      "has_flint": "2024-10-08 00:47:06 +0000"
    },
    "done": true
  },
  "minecraft:recipes/misc/red_dye_from_beetroot": {
    "criteria": {
      "has_beetroot": "2024-10-08 00:24:32 +0000"
    },
    "done": true
  },
  "minecraft:recipes/misc/firework_rocket_simple": {
    "criteria": {
      "has_gunpowder": "2024-10-08 02:13:35 +0000"
    },
    "done": true
  },
  "lightmanscurrency:recipes/lightmanscurrency.coins/coins/coin_diamond_from_pile": {
    "criteria": {
      "money": "2024-10-08 00:51:45 +0000"
    },
    "done": true
  },
  "lightmanscurrency:recipes/lightmanscurrency.trading/traders/card_display/dark_oak/yellow": {
    "criteria": {
      "money": "2024-10-08 00:51:45 +0000"
    },
    "done": true
  },
  "minecraft:recipes/building_blocks/gray_wool": {
    "criteria": {
      "has_white_wool": "2024-10-08 00:57:46 +0000"
    },
    "done": true
  },
  "lightmanscurrency:recipes/coin_mint/coin_mint/melt_coin_emerald": {
    "criteria": {
      "money": "2024-10-08 00:51:45 +0000"
    },
    "done": true
  },
  "lightmanscurrency:recipes/lightmanscurrency.trading/traders/shelf2/jungle": {
    "criteria": {
      "money": "2024-10-08 00:51:45 +0000"
    },
    "done": true
  },
  "minecraft:husbandry/balanced_diet": {
    "criteria": {
      "cooked_porkchop": "2024-10-08 00:38:53 +0000",
      "cooked_beef": "2024-10-08 00:58:23 +0000",
      "baked_potato": "2024-10-08 01:20:22 +0000",
      "potato": "2024-10-08 00:25:15 +0000",
      "bread": "2024-10-08 00:26:47 +0000",
      "beetroot": "2024-10-08 00:24:52 +0000",
      "cooked_rabbit": "2024-10-08 00:52:37 +0000"
    },
    "done": false
  },
  "minecraft:recipes/tools/wooden_hoe": {
    "criteria": {
      "has_stick": "2024-10-08 00:40:25 +0000"
    },
    "done": true
  },
  "lightmanscurrency:recipes/lightmanscurrency.trading/traders/card_display/mangrove/gray": {
    "criteria": {
      "money": "2024-10-08 00:51:45 +0000"
    },
    "done": true
  },
  "lightmanscurrency:recipes/coin_mint/coin_mint/mint_coin_gold": {
    "criteria": {
      "money": "2024-10-08 00:51:45 +0000"
    },
    "done": true
  },
  "lightmanscurrency:recipes/misc/coin_chest": {
    "criteria": {
      "money": "2024-10-08 00:51:45 +0000"
    },
    "done": true
  },
  "lightmanscurrency:recipes/lightmanscurrency.trading/traders/large_vending_machine/dye_lime": {
    "criteria": {
      "money": "2024-10-08 00:51:45 +0000"
    },
    "done": true
  },
  "lightmanscurrency:recipes/lightmanscurrency.coins/coins/coinblock_iron_from_pile": {
    "criteria": {
      "money": "2024-10-08 00:51:45 +0000"
    },
    "done": true
  },
  "lightmanscurrency:recipes/lightmanscurrency.trading/traders/card_display/spruce/green": {
    "criteria": {
      "money": "2024-10-08 00:51:45 +0000"
    },
    "done": true
  },
  "lightmanscurrency:recipes/lightmanscurrency.trading/traders/shelf2/mangrove": {
    "criteria": {
      "money": "2024-10-08 00:51:45 +0000"
    },
    "done": true
  },
  "lightmanscurrency:recipes/lightmanscurrency.trading/traders/card_display/spruce/gray": {
    "criteria": {
      "money": "2024-10-08 00:51:45 +0000"
    },
    "done": true
  },
  "lightmanscurrency:recipes/lightmanscurrency.coins/wallet/wallet_copper": {
    "criteria": {
      "coin": "2024-10-08 00:51:45 +0000"
    },
    "done": true
  },
  "parcool:grant_parcool_guide": {
    "criteria": {
      "tick": "2024-10-08 00:20:49 +0000"
    },
    "done": true
  },
  "minecraft:recipes/building_blocks/cobblestone_stairs": {
    "criteria": {
      "has_cobblestone": "2024-10-08 00:41:33 +0000"
    },
    "done": true
  },
  "lightmanscurrency:recipes/lightmanscurrency.trading/traders/card_display/crimson/purple": {
    "criteria": {
      "money": "2024-10-08 00:51:45 +0000"
    },
    "done": true
  },
  "minecraft:recipes/building_blocks/birch_slab": {
    "criteria": {
      "has_planks": "2024-10-08 00:40:18 +0000"
    },
    "done": true
  },
  "securitycraft:recipes/securitycraft/reinforced_bookshelf": {
    "criteria": {
      "has_book": "2024-10-08 01:42:34 +0000"
    },
    "done": true
  },
  "lightmanscurrency:recipes/lightmanscurrency.coins/wallet/upgrade_wallet_iron_to_wallet_diamond": {
    "criteria": {
      "coin": "2024-10-08 00:51:45 +0000"
    },
    "done": true
  },
  "lightmanscurrency:recipes/lightmanscurrency.trading/traders/card_display/acacia/black": {
    "criteria": {
      "money": "2024-10-08 00:51:45 +0000"
    },
    "done": true
  },
  "minecraft:recipes/decorations/white_banner": {
    "criteria": {
      "has_white_wool": "2024-10-08 00:57:46 +0000"
    },
    "done": true
  },
  "minecraft:recipes/building_blocks/light_blue_concrete_powder": {
    "criteria": {
      "has_gravel": "2024-10-08 00:50:47 +0000"
    },
    "done": true
  },
  "lightmanscurrency:recipes/lightmanscurrency.coins/coins/coinpile_gold_from_coin": {
    "criteria": {
      "money": "2024-10-08 00:51:45 +0000"
    },
    "done": true
  },
  "lightmanscurrency:recipes/lightmanscurrency.trading/traders/card_display/jungle/purple": {
    "criteria": {
      "money": "2024-10-08 00:51:45 +0000"
    },
    "done": true
  },
  "backpacked:recipes/backpacked/dark_oak_backpack_shelf": {
    "criteria": {
      "has_stick": "2024-10-08 00:40:25 +0000"
    },
    "done": true
  },
  "minecraft:recipes/decorations/mossy_cobblestone_wall": {
    "criteria": {
      "has_mossy_cobblestone": "2024-10-08 01:39:13 +0000"
    },
    "done": true
  },
  "chiselsandbits:recipes/chiselsandbits/wrench": {
    "criteria": {
      "has_p": "2024-10-08 00:40:18 +0000"
    },
    "done": true
  },
  "minecraft:recipes/building_blocks/hay_block": {
    "criteria": {
      "has_wheat": "2024-10-08 00:24:08 +0000"
    },
    "done": true
  },
  "lightmanscurrency:recipes/coin_mint/coin_mint/mint_coin_netherite": {
    "criteria": {
      "money": "2024-10-08 00:51:45 +0000"
    },
    "done": true
  },
  "lightmanscurrency:recipes/lightmanscurrency.trading/traders/shelf/acacia": {
    "criteria": {
      "money": "2024-10-08 00:51:45 +0000"
    },
    "done": true
  },
  "minecraft:recipes/combat/bow": {
    "criteria": {
      "has_string": "2024-10-08 01:31:32 +0000"
    },
    "done": true
  },
  "minecraft:recipes/decorations/mossy_cobblestone_wall_from_mossy_cobblestone_stonecutting": {
    "criteria": {
      "has_mossy_cobblestone": "2024-10-08 01:39:13 +0000"
    },
    "done": true
  },
  "minecraft:recipes/redstone/tnt": {
    "criteria": {
      "has_gunpowder": "2024-10-08 02:13:35 +0000"
    },
    "done": true
  },
  "minecraft:recipes/building_blocks/purple_concrete_powder": {
    "criteria": {
      "has_gravel": "2024-10-08 00:50:47 +0000"
    },
    "done": true
  },
  "lightmanscurrency:recipes/lightmanscurrency.upgrades/upgrades/speed_upgrade_1": {
    "criteria": {
      "money": "2024-10-08 00:51:45 +0000"
    },
    "done": true
  },
  "lightmanscurrency:recipes/lightmanscurrency.trading/traders/card_display/oak/brown": {
    "criteria": {
      "money": "2024-10-08 00:51:45 +0000"
    },
    "done": true
  },
  "lightmanscurrency:recipes/lightmanscurrency.upgrades/upgrades/speed_upgrade_2": {
    "criteria": {
      "money": "2024-10-08 00:51:45 +0000"
    },
    "done": true
  },
  "lightmanscurrency:recipes/lightmanscurrency.trading/traders/freezer/yellow": {
    "criteria": {
      "money": "2024-10-08 00:51:45 +0000"
    },
    "done": true
  },
  "lightmanscurrency:recipes/lightmanscurrency.coins/coins/coinpile_gold_from_block": {
    "criteria": {
      "money": "2024-10-08 00:51:45 +0000"
    },
    "done": true
  },
  "lightmanscurrency:recipes/coin_mint/coin_mint/melt_coin_netherite": {
    "criteria": {
      "money": "2024-10-08 00:51:45 +0000"
    },
    "done": true
  },
  "minecraft:recipes/transportation/oak_chest_boat": {
    "criteria": {
      "has_boat": "2024-10-08 00:59:25 +0000"
    },
    "done": true
  },
  "minecraft:story/mine_stone": {
    "criteria": {
      "get_stone": "2024-10-08 00:41:33 +0000"
    },
    "done": true
  },
  "lightmanscurrency:recipes/lightmanscurrency.trading/traders/card_display/oak/cyan": {
    "criteria": {
      "money": "2024-10-08 00:51:45 +0000"
    },
    "done": true
  },
  "minecraft:recipes/decorations/furnace": {
    "criteria": {
      "has_cobblestone": "2024-10-08 00:41:33 +0000"
    },
    "done": true
  },
  "minecraft:recipes/food/beetroot_soup": {
    "criteria": {
      "has_beetroot": "2024-10-08 00:24:32 +0000"
    },
    "done": true
  },
  "chiselsandbits:recipes/chiselsandbits/sealant": {
    "criteria": {
      "has_tag_a": "2024-10-08 00:56:31 +0000"
    },
    "done": true
  },
  "minecraft:recipes/misc/charcoal": {
    "criteria": {
      "has_log": "2024-10-08 00:39:58 +0000"
    },
    "done": true
  },
  "minecraft:recipes/building_blocks/orange_wool": {
    "criteria": {
      "has_white_wool": "2024-10-08 00:57:46 +0000"
    },
    "done": true
  },
  "minecraft:recipes/tools/wooden_pickaxe": {
    "criteria": {
      "has_stick": "2024-10-08 00:40:25 +0000"
    },
    "done": true
  },
  "lightmanscurrency:recipes/lightmanscurrency.trading/traders/card_display/warped/brown": {
    "criteria": {
      "money": "2024-10-08 00:51:45 +0000"
    },
    "done": true
  },
  "minecraft:husbandry/root": {
    "criteria": {
      "consumed_item": "2024-10-08 00:24:52 +0000"
    },
    "done": true
  },
  "lightmanscurrency:recipes/lightmanscurrency.machines/coin_jar/blue": {
    "criteria": {
      "money": "2024-10-08 00:51:45 +0000"
    },
    "done": true
  },
  "lightmanscurrency:recipes/lightmanscurrency.coins/wallet/upgrade_wallet_gold_to_wallet_diamond": {
    "criteria": {
      "coin": "2024-10-08 00:51:45 +0000"
    },
    "done": true
  },
  "minecraft:recipes/transportation/birch_boat": {
    "criteria": {
      "in_water": "2024-10-08 00:24:12 +0000"
    },
    "done": true
  },
  "lightmanscurrency:recipes/lightmanscurrency.trading/traders/vending_machine": {
    "criteria": {
      "money": "2024-10-08 00:51:45 +0000"
    },
    "done": true
  },
  "minecraft:recipes/misc/gold_ingot_from_blasting_raw_gold": {
    "criteria": {
      "has_raw_gold": "2024-10-08 01:42:23 +0000"
    },
    "done": true
  },
  "securitycraft:recipes/securitycraft/sonic_security_system": {
    "criteria": {
      "has_stick": "2024-10-08 00:40:25 +0000"
    },
    "done": true
  },
  "minecraft:recipes/building_blocks/green_concrete_powder": {
    "criteria": {
      "has_gravel": "2024-10-08 00:50:47 +0000"
    },
    "done": true
  },
  "lightmanscurrency:recipes/lightmanscurrency.trading/traders/freezer/magenta": {
    "criteria": {
      "money": "2024-10-08 00:51:45 +0000"
    },
    "done": true
  },
  "lightmanscurrency:recipes/lightmanscurrency.trading/traders/card_display/spruce/red": {
    "criteria": {
      "money": "2024-10-08 00:51:45 +0000"
    },
    "done": true
  },
  "lightmanscurrency:recipes/lightmanscurrency.trading/traders/card_display/warped/cyan": {
    "criteria": {
      "money": "2024-10-08 00:51:45 +0000"
    },
    "done": true
  },
  "lightmanscurrency:recipes/lightmanscurrency.trading/traders/card_display/jungle/light_gray": {
    "criteria": {
      "money": "2024-10-08 00:51:45 +0000"
    },
    "done": true
  },
  "lightmanscurrency:recipes/lightmanscurrency.trading/traders/card_display/dark_oak/lime": {
    "criteria": {
      "money": "2024-10-08 00:51:45 +0000"
    },
    "done": true
  },
  "lightmanscurrency:recipes/lightmanscurrency.trading/traders/card_display/mangrove/pink": {
    "criteria": {
      "money": "2024-10-08 00:51:45 +0000"
    },
    "done": true
  },
  "lightmanscurrency:recipes/lightmanscurrency.trading/traders/card_display/dark_oak/black": {
    "criteria": {
      "money": "2024-10-08 00:51:45 +0000"
    },
    "done": true
  },
  "lightmanscurrency:recipes/lightmanscurrency.trading/traders/ticket_kiosk": {
    "criteria": {
      "money": "2024-10-08 00:51:45 +0000"
    },
    "done": true
  },
  "chiselsandbits:recipes/chiselsandbits/modification_table": {
    "criteria": {
      "has_b": "2024-10-08 00:39:58 +0000"
    },
    "done": true
  },
  "minecraft:recipes/tools/stone_hoe": {
    "criteria": {
      "has_cobblestone": "2024-10-08 00:41:33 +0000"
    },
    "done": true
  },
  "minecraft:recipes/food/baked_potato_from_smoking": {
    "criteria": {
      "has_potato": "2024-10-08 00:24:59 +0000"
    },
    "done": true
  },
  "lightmanscurrency:recipes/lightmanscurrency.trading/traders/large_vending_machine/dye_light_gray": {
    "criteria": {
      "money": "2024-10-08 00:51:45 +0000"
    },
    "done": true
  },
  "lightmanscurrency:recipes/coin_mint/coin_mint/mint_coin_iron": {
    "criteria": {
      "money": "2024-10-08 00:51:45 +0000"
    },
    "done": true
  },
  "lightmanscurrency:recipes/lightmanscurrency.trading/traders/large_vending_machine/dye_black": {
    "criteria": {
      "money": "2024-10-08 00:51:45 +0000"
    },
    "done": true
  },
  "lightmanscurrency:recipes/lightmanscurrency.trading/traders/card_display/crimson/blue": {
    "criteria": {
      "money": "2024-10-08 00:51:45 +0000"
    },
    "done": true
  },
  "lightmanscurrency:recipes/lightmanscurrency.trading/traders/card_display/crimson/red": {
    "criteria": {
      "money": "2024-10-08 00:51:45 +0000"
    },
    "done": true
  },
  "minecraft:recipes/food/baked_potato": {
    "criteria": {
      "has_potato": "2024-10-08 00:24:59 +0000"
    },
    "done": true
  },
  "lightmanscurrency:recipes/lightmanscurrency.trading/traders/bookshelf/spruce": {
    "criteria": {
      "money": "2024-10-08 00:51:45 +0000"
    },
    "done": true
  },
  "lightmanscurrency:recipes/lightmanscurrency.trading/traders/card_display/jungle/cyan": {
    "criteria": {
      "money": "2024-10-08 00:51:45 +0000"
    },
    "done": true
  },
  "minecraft:recipes/decorations/white_carpet": {
    "criteria": {
      "has_white_wool": "2024-10-08 00:57:46 +0000"
    },
    "done": true
  },
  "lightmanscurrency:recipes/lightmanscurrency.trading/traders/card_display/acacia/white": {
    "criteria": {
      "money": "2024-10-08 00:51:45 +0000"
    },
    "done": true
  },
  "lightmanscurrency:recipes/misc/auction_stand/warped": {
    "criteria": {
      "money": "2024-10-08 00:51:45 +0000"
    },
    "done": true
  },
  "lightmanscurrency:recipes/lightmanscurrency.coins/wallet/upgrade_wallet_copper_to_wallet_emerald": {
    "criteria": {
      "coin": "2024-10-08 00:51:45 +0000"
    },
    "done": true
  },
  "minecraft:recipes/decorations/pink_stained_glass_pane_from_glass_pane": {
    "criteria": {
      "has_pink_dye": "2024-10-08 02:20:22 +0000"
    },
    "done": true
  },
  "lightmanscurrency:recipes/lightmanscurrency.trading/traders/card_display/birch/white": {
    "criteria": {
      "money": "2024-10-08 00:51:45 +0000"
    },
    "done": true
  },
  "minecraft:recipes/redstone/birch_door": {
    "criteria": {
      "has_planks": "2024-10-08 00:40:18 +0000"
    },
    "done": true
  },
  "lightmanscurrency:recipes/lightmanscurrency.trading/traders/card_display/birch/orange": {
    "criteria": {
      "money": "2024-10-08 00:51:45 +0000"
    },
    "done": true
  },
  "minecraft:recipes/transportation/birch_chest_boat": {
    "criteria": {
      "has_boat": "2024-10-08 00:59:25 +0000"
    },
    "done": true
  },
  "lightmanscurrency:recipes/lightmanscurrency.trading/traders/vending_machine/dye_cyan": {
    "criteria": {
      "money": "2024-10-08 00:51:45 +0000"
    },
    "done": true
  },
  "minecraft:story/upgrade_tools": {
    "criteria": {
      "stone_pickaxe": "2024-10-08 00:42:00 +0000"
    },
    "done": true
  },
  "lightmanscurrency:recipes/lightmanscurrency.upgrades/upgrades/item_capacity_upgrade_3": {
    "criteria": {
      "money": "2024-10-08 00:51:45 +0000"
    },
    "done": true
  },
  "minecraft:recipes/transportation/oak_boat": {
    "criteria": {
      "in_water": "2024-10-08 00:24:12 +0000"
    },
    "done": true
  },
  "lightmanscurrency:recipes/lightmanscurrency.upgrades/upgrades/item_capacity_upgrade_2": {
    "criteria": {
      "money": "2024-10-08 00:51:45 +0000"
    },
    "done": true
  },
  "lightmanscurrency:recipes/lightmanscurrency.trading/traders/card_display/birch/blue": {
    "criteria": {
      "money": "2024-10-08 00:51:45 +0000"
    },
    "done": true
  },
  "lightmanscurrency:recipes/lightmanscurrency.upgrades/upgrades/item_capacity_upgrade_1": {
    "criteria": {
      "money": "2024-10-08 00:51:45 +0000"
    },
    "done": true
  },
  "lightmanscurrency:recipes/lightmanscurrency.trading/traders/vending_machine/dye_purple": {
    "criteria": {
      "money": "2024-10-08 00:51:45 +0000"
    },
    "done": true
  },
  "minecraft:recipes/decorations/birch_fence": {
    "criteria": {
      "has_planks": "2024-10-08 00:40:18 +0000"
    },
    "done": true
  },
  "minecraft:recipes/misc/pink_dye_from_pink_tulip": {
    "criteria": {
      "has_pink_tulip": "2024-10-08 01:48:59 +0000"
    },
    "done": true
  },
  "securitycraft:recipes/securitycraft/secret_dark_oak_sign_item": {
    "criteria": {
      "has_sign": "2024-10-08 00:49:58 +0000"
    },
    "done": true
  },
  "lightmanscurrency:recipes/lightmanscurrency.trading/traders/card_display/jungle/orange": {
    "criteria": {
      "money": "2024-10-08 00:51:45 +0000"
    },
    "done": true
  },
  "securitycraft:recipes/securitycraft/secret_crimson_sign_item": {
    "criteria": {
      "has_sign": "2024-10-08 00:49:58 +0000"
    },
    "done": true
  },
  "minecraft:recipes/building_blocks/cyan_concrete_powder": {
    "criteria": {
      "has_gravel": "2024-10-08 00:50:47 +0000"
    },
    "done": true
  },
  "lightmanscurrency:recipes/lightmanscurrency.trading/traders/card_display/dark_oak/green": {
    "criteria": {
      "money": "2024-10-08 00:51:45 +0000"
    },
    "done": true
  },
  "lightmanscurrency:recipes/lightmanscurrency.trading/traders/card_display/warped/pink": {
    "criteria": {
      "money": "2024-10-08 00:51:45 +0000"
    },
    "done": true
  },
  "lightmanscurrency:recipes/lightmanscurrency.trading/traders/freezer/white": {
    "criteria": {
      "money": "2024-10-08 00:51:45 +0000"
    },
    "done": true
  },
  "lightmanscurrency:recipes/lightmanscurrency.machines/coinmint": {
    "criteria": {
      "money": "2024-10-08 00:51:45 +0000"
    },
    "done": true
  },
  "minecraft:recipes/tools/wooden_axe": {
    "criteria": {
      "has_stick": "2024-10-08 00:40:25 +0000"
    },
    "done": true
  },
  "lightmanscurrency:recipes/lightmanscurrency.trading/traders/card_display/birch/purple": {
    "criteria": {
      "money": "2024-10-08 00:51:45 +0000"
    },
    "done": true
  },
  "lightmanscurrency:recipes/lightmanscurrency.trading/traders/vending_machine/dye_black": {
    "criteria": {
      "money": "2024-10-08 00:51:45 +0000"
    },
    "done": true
  },
  "minecraft:recipes/building_blocks/lime_wool": {
    "criteria": {
      "has_white_wool": "2024-10-08 00:57:46 +0000"
    },
    "done": true
  },
  "lightmanscurrency:recipes/coin_mint/coin_mint/melt_coin_gold": {
    "criteria": {
      "money": "2024-10-08 00:51:45 +0000"
    },
    "done": true
  },
  "lightmanscurrency:recipes/lightmanscurrency.trading/traders/card_display/warped/yellow": {
    "criteria": {
      "money": "2024-10-08 00:51:45 +0000"
    },
    "done": true
  },
  "lightmanscurrency:recipes/lightmanscurrency.trading/traders/card_display/jungle/pink": {
    "criteria": {
      "money": "2024-10-08 00:51:45 +0000"
    },
    "done": true
  },
  "lightmanscurrency:recipes/lightmanscurrency.coins/coins/coinblock_gold_from_pile": {
    "criteria": {
      "money": "2024-10-08 00:51:45 +0000"
    },
    "done": true
  },
  "backpacked:recipes/backpacked/crimson_backpack_shelf": {
    "criteria": {
      "has_stick": "2024-10-08 00:40:25 +0000"
    },
    "done": true
  },
  "lightmanscurrency:recipes/lightmanscurrency.trading/traders/shelf2/warped": {
    "criteria": {
      "money": "2024-10-08 00:51:45 +0000"
    },
    "done": true
  },
  "minecraft:recipes/decorations/loom": {
    "criteria": {
      "has_string": "2024-10-08 01:31:32 +0000"
    },
    "done": true
  },
  "lightmanscurrency:recipes/lightmanscurrency.coins/coins/coinpile_iron_from_coin": {
    "criteria": {
      "money": "2024-10-08 00:51:45 +0000"
    },
    "done": true
  },
  "minecraft:recipes/building_blocks/green_wool": {
    "criteria": {
      "has_white_wool": "2024-10-08 00:57:46 +0000"
    },
    "done": true
  },
  "lightmanscurrency:recipes/misc/auction_stand/acacia": {
    "criteria": {
      "money": "2024-10-08 00:51:45 +0000"
    },
    "done": true
  },
  "lightmanscurrency:recipes/lightmanscurrency.trading/traders/card_display/mangrove/cyan": {
    "criteria": {
      "money": "2024-10-08 00:51:45 +0000"
    },
    "done": true
  },
  "minecraft:recipes/building_blocks/brown_wool": {
    "criteria": {
      "has_white_wool": "2024-10-08 00:57:46 +0000"
    },
    "done": true
  },
  "lightmanscurrency:recipes/lightmanscurrency.trading/traders/vending_machine/dye_gray": {
    "criteria": {
      "money": "2024-10-08 00:51:45 +0000"
    },
    "done": true
  },
  "minecraft:recipes/building_blocks/bricks": {
    "criteria": {
      "has_brick": "2024-10-08 02:21:05 +0000"
    },
    "done": true
  },
  "lightmanscurrency:recipes/lightmanscurrency.trading/traders/card_display/oak/magenta": {
    "criteria": {
      "money": "2024-10-08 00:51:45 +0000"
    },
    "done": true
  },
  "lightmanscurrency:recipes/lightmanscurrency.trading/traders/vending_machine_large": {
    "criteria": {
      "money": "2024-10-08 00:51:45 +0000"
    },
    "done": true
  },
  "lightmanscurrency:recipes/lightmanscurrency.trading/traders/card_display/dark_oak/gray": {
    "criteria": {
      "money": "2024-10-08 00:51:45 +0000"
    },
    "done": true
  },
  "minecraft:recipes/decorations/painting": {
    "criteria": {
      "has_wool": "2024-10-08 00:57:46 +0000"
    },
    "done": true
  },
  "lightmanscurrency:recipes/lightmanscurrency.machines/gem_terminal_swap": {
    "criteria": {
      "money": "2024-10-08 00:51:45 +0000"
    },
    "done": true
  },
  "lightmanscurrency:recipes/lightmanscurrency.trading/traders/freezer/pink": {
    "criteria": {
      "money": "2024-10-08 00:51:45 +0000"
    },
    "done": true
  },
  "lightmanscurrency:recipes/lightmanscurrency.trading/traders/bookshelf/oak": {
    "criteria": {
      "money": "2024-10-08 00:51:45 +0000"
    },
    "done": true
  },
  "securitycraft:recipes/securitycraft/sc_manual": {
    "criteria": {
      "has_wood": "2024-10-08 00:39:58 +0000"
    },
    "done": true
  },
  "minecraft:recipes/combat/arrow": {
    "criteria": {
      "has_flint": "2024-10-08 00:47:06 +0000"
    },
    "done": true
  },
  "minecraft:recipes/building_blocks/coal_block": {
    "criteria": {
      "has_coal": "2024-10-08 00:35:03 +0000"
    },
    "done": true
  },
  "securitycraft:recipes/securitycraft/secret_mangrove_sign_item": {
    "criteria": {
      "has_sign": "2024-10-08 00:49:58 +0000"
    },
    "done": true
  },
  "lightmanscurrency:recipes/lightmanscurrency.coins/wallet/upgrade_wallet_emerald_to_wallet_netherite": {
    "criteria": {
      "coin": "2024-10-08 00:51:45 +0000"
    },
    "done": true
  },
  "chiselsandbits:recipes/chiselsandbits/chisel_stone": {
    "criteria": {
      "has_rod": "2024-10-08 00:40:25 +0000"
    },
    "done": true
  },
  "lightmanscurrency:recipes/lightmanscurrency.machines/terminal": {
    "criteria": {
      "money": "2024-10-08 00:51:45 +0000"
    },
    "done": true
  },
  "lightmanscurrency:recipes/lightmanscurrency.trading/traders/large_vending_machine/dye_red": {
    "criteria": {
      "money": "2024-10-08 00:51:45 +0000"
    },
    "done": true
  },
  "lightmanscurrency:recipes/lightmanscurrency.trading/traders/card_display/warped/light_gray": {
    "criteria": {
      "money": "2024-10-08 00:51:45 +0000"
    },
    "done": true
  },
  "minecraft:recipes/tools/stone_shovel": {
    "criteria": {
      "has_cobblestone": "2024-10-08 00:41:33 +0000"
    },
    "done": true
  },
  "minecraft:recipes/building_blocks/blue_concrete_powder": {
    "criteria": {
      "has_gravel": "2024-10-08 00:50:47 +0000"
    },
    "done": true
  },
  "lightmanscurrency:recipes/lightmanscurrency.trading/traders/card_display/birch/light_gray": {
    "criteria": {
      "money": "2024-10-08 00:51:45 +0000"
    },
    "done": true
  },
  "minecraft:recipes/building_blocks/mossy_cobblestone_slab": {
    "criteria": {
      "has_mossy_cobblestone": "2024-10-08 01:39:13 +0000"
    },
    "done": true
  },
  "lightmanscurrency:recipes/lightmanscurrency.trading/traders/card_display/birch/yellow": {
    "criteria": {
      "money": "2024-10-08 00:51:45 +0000"
    },
    "done": true
  },
  "lightmanscurrency:recipes/lightmanscurrency.trading/traders/card_display/spruce/pink": {
    "criteria": {
      "money": "2024-10-08 00:51:45 +0000"
    },
    "done": true
  },
  "securitycraft:recipes/securitycraft/reinforced_andesite": {
    "criteria": {
      "has_cobblestone": "2024-10-08 00:41:33 +0000"
    },
    "done": true
  },
  "lightmanscurrency:recipes/lightmanscurrency.trading/traders/card_display/mangrove/purple": {
    "criteria": {
      "money": "2024-10-08 00:51:45 +0000"
    },
    "done": true
  },
  "lightmanscurrency:recipes/lightmanscurrency.trading/traders/card_display/acacia/cyan": {
    "criteria": {
      "money": "2024-10-08 00:51:45 +0000"
    },
    "done": true
  },
  "casinocraft:recipes/decorations/wool_white": {
    "criteria": {
      "has_wool": "2024-10-08 00:57:46 +0000"
    },
    "done": true
  },
  "lightmanscurrency:recipes/lightmanscurrency.trading/traders/vending_machine/dye_light_gray": {
    "criteria": {
      "money": "2024-10-08 00:51:45 +0000"
    },
    "done": true
  },
  "lightmanscurrency:recipes/lightmanscurrency.trading/traders/card_display/warped/red": {
    "criteria": {
      "money": "2024-10-08 00:51:45 +0000"
    },
    "done": true
  },
  "lightmanscurrency:recipes/lightmanscurrency.machines/portable_terminal_swap": {
    "criteria": {
      "money": "2024-10-08 00:51:45 +0000"
    },
    "done": true
  },
  "minecraft:recipes/tools/lead": {
    "criteria": {
      "has_slime_ball": "2024-10-08 00:56:31 +0000"
    },
    "done": true
  },
  "lightmanscurrency:recipes/lightmanscurrency.trading/traders/card_display/oak/gray": {
    "criteria": {
      "money": "2024-10-08 00:51:45 +0000"
    },
    "done": true
  },
  "lightmanscurrency:recipes/lightmanscurrency.trading/traders/shelf2/crimson": {
    "criteria": {
      "money": "2024-10-08 00:51:45 +0000"
    },
    "done": true
  },
  "lightmanscurrency:recipes/lightmanscurrency.coins/coins/coinpile_diamond_from_block": {
    "criteria": {
      "money": "2024-10-08 00:51:45 +0000"
    },
    "done": true
  },
  "lightmanscurrency:recipes/coin_mint/coin_mint/melt_coin_iron": {
    "criteria": {
      "money": "2024-10-08 00:51:45 +0000"
    },
    "done": true
  },
  "realisticforging:gettingcopper_advancement": {
    "criteria": {
      "gettingcopper_advancement_0": "2024-10-08 01:42:30 +0000"
    },
    "done": true
  },
  "minecraft:story/root": {
    "criteria": {
      "crafting_table": "2024-10-08 00:40:21 +0000"
    },
    "done": true
  },
  "chiselsandbits:recipes/chiselsandbits/bit_storage": {
    "criteria": {
      "has_l": "2024-10-08 00:39:58 +0000"
    },
    "done": true
  },
  "lightmanscurrency:recipes/coin_mint/coin_mint/mint_coin_diamond": {
    "criteria": {
      "money": "2024-10-08 00:51:45 +0000"
    },
    "done": true
  },
  "lightmanscurrency:recipes/lightmanscurrency.trading/traders/card_display/warped/orange": {
    "criteria": {
      "money": "2024-10-08 00:51:45 +0000"
    },
    "done": true
  },
  "lightmanscurrency:recipes/lightmanscurrency.upgrades/upgrades/speed_upgrade_5": {
    "criteria": {
      "money": "2024-10-08 00:51:45 +0000"
    },
    "done": true
  },
  "cgm:recipes/cgm/shell": {
    "criteria": {
      "has_gunpowder": "2024-10-08 02:13:35 +0000"
    },
    "done": true
  },
  "lightmanscurrency:recipes/lightmanscurrency.upgrades/upgrades/speed_upgrade_3": {
    "criteria": {
      "money": "2024-10-08 00:51:45 +0000"
    },
    "done": true
  },
  "minecraft:recipes/transportation/spruce_chest_boat": {
    "criteria": {
      "has_boat": "2024-10-08 00:59:25 +0000"
    },
    "done": true
  },
  "lightmanscurrency:recipes/lightmanscurrency.upgrades/upgrades/speed_upgrade_4": {
    "criteria": {
      "money": "2024-10-08 00:51:45 +0000"
    },
    "done": true
  },
  "lightmanscurrency:recipes/misc/auction_stand/oak": {
    "criteria": {
      "money": "2024-10-08 00:51:45 +0000"
    },
    "done": true
  },
  "minecraft:recipes/food/cooked_rabbit": {
    "criteria": {
      "has_rabbit": "2024-10-08 00:28:09 +0000"
    },
    "done": true
  },
  "backpacked:recipes/backpacked/spruce_backpack_shelf": {
    "criteria": {
      "has_stick": "2024-10-08 00:40:25 +0000"
    },
    "done": true
  },
  "lightmanscurrency:recipes/lightmanscurrency.trading/traders/card_display/mangrove/yellow": {
    "criteria": {
      "money": "2024-10-08 00:51:45 +0000"
    },
    "done": true
  },
  "lightmanscurrency:recipes/lightmanscurrency.coins/wallet/upgrade_wallet_iron_to_wallet_gold": {
    "criteria": {
      "coin": "2024-10-08 00:51:45 +0000"
    },
    "done": true
  },
  "lightmanscurrency:recipes/lightmanscurrency.trading/traders/freezer/light_gray": {
    "criteria": {
      "money": "2024-10-08 00:51:45 +0000"
    },
    "done": true
  },
  "securitycraft:recipes/securitycraft/secret_acacia_sign_item": {
    "criteria": {
      "has_sign": "2024-10-08 00:49:58 +0000"
    },
    "done": true
  },
  "minecraft:recipes/misc/magenta_dye_from_blue_red_pink": {
    "criteria": {
      "has_pink_dye": "2024-10-08 02:20:22 +0000"
    },
    "done": true
  },
  "backpacked:recipes/backpacked/acacia_backpack_shelf": {
    "criteria": {
      "has_stick": "2024-10-08 00:40:25 +0000"
    },
    "done": true
  },
  "lightmanscurrency:recipes/lightmanscurrency.trading/traders/card_display/spruce/light_blue": {
    "criteria": {
      "money": "2024-10-08 00:51:45 +0000"
    },
    "done": true
  },
  "minecraft:recipes/food/cooked_beef": {
    "criteria": {
      "has_beef": "2024-10-08 00:28:10 +0000"
    },
    "done": true
  },
  "lightmanscurrency:recipes/lightmanscurrency.trading/traders/card_display/birch/pink": {
    "criteria": {
      "money": "2024-10-08 00:51:45 +0000"
    },
    "done": true
  },
  "lightmanscurrency:recipes/lightmanscurrency.trading/traders/card_display/crimson/light_blue": {
    "criteria": {
      "money": "2024-10-08 00:51:45 +0000"
    },
    "done": true
  },
  "lightmanscurrency:recipes/lightmanscurrency.trading/traders/large_vending_machine/dye_green": {
    "criteria": {
      "money": "2024-10-08 00:51:45 +0000"
    },
    "done": true
  },
  "lightmanscurrency:recipes/lightmanscurrency.trading/traders/card_display/acacia/lime": {
    "criteria": {
      "money": "2024-10-08 00:51:45 +0000"
    },
    "done": true
  },
  "lightmanscurrency:recipes/lightmanscurrency.trading/traders/card_display/dark_oak/light_blue": {
    "criteria": {
      "money": "2024-10-08 00:51:45 +0000"
    },
    "done": true
  },
  "realisticforging:first_pick_gold_ore": {
    "criteria": {
      "first_pick_gold_ore_0": "2024-10-08 01:42:23 +0000"
    },
    "done": true
  },
  "lightmanscurrency:recipes/lightmanscurrency.trading/traders/card_display/oak/red": {
    "criteria": {
      "money": "2024-10-08 00:51:45 +0000"
    },
    "done": true
  },
  "chiselsandbits:recipes/chiselsandbits/magnifying_glass": {
    "criteria": {
      "has_s": "2024-10-08 00:40:25 +0000"
    },
    "done": true
  },
  "lightmanscurrency:recipes/lightmanscurrency.trading/traders/card_display/jungle/green": {
    "criteria": {
      "money": "2024-10-08 00:51:45 +0000"
    },
    "done": true
  },
  "lightmanscurrency:recipes/misc/upgrades/coin_chest_exchange_upgrade": {
    "criteria": {
      "money": "2024-10-08 00:51:45 +0000"
    },
    "done": true
  },
  "minecraft:recipes/misc/copper_ingot_from_smelting_raw_copper": {
    "criteria": {
      "has_raw_copper": "2024-10-08 01:42:29 +0000"
    },
    "done": true
  },
  "lightmanscurrency:recipes/lightmanscurrency.trading/traders/card_display/mangrove/brown": {
    "criteria": {
      "money": "2024-10-08 00:51:45 +0000"
    },
    "done": true
  },
  "lightmanscurrency:recipes/lightmanscurrency.coins/trading_core": {
    "criteria": {
      "money": "2024-10-08 00:51:45 +0000"
    },
    "done": true
  },
  "backpacked:recipes/backpacked/jungle_backpack_shelf": {
    "criteria": {
      "has_stick": "2024-10-08 00:40:25 +0000"
    },
    "done": true
  },
  "lightmanscurrency:recipes/lightmanscurrency.trading/traders/card_display/mangrove/white": {
    "criteria": {
      "money": "2024-10-08 00:51:45 +0000"
    },
    "done": true
  },
  "securitycraft:recipes/securitycraft/motion_activated_light": {
    "criteria": {
      "has_stick": "2024-10-08 00:40:25 +0000"
    },
    "done": true
  },
  "minecraft:recipes/transportation/jungle_boat": {
    "criteria": {
      "in_water": "2024-10-08 00:24:12 +0000"
    },
    "done": true
  },
  "lightmanscurrency:recipes/lightmanscurrency.trading/traders/freezer/purple": {
    "criteria": {
      "money": "2024-10-08 00:51:45 +0000"
    },
    "done": true
  },
  "lightmanscurrency:recipes/lightmanscurrency.trading/traders/card_display/oak/pink": {
    "criteria": {
      "money": "2024-10-08 00:51:45 +0000"
    },
    "done": true
  },
  "lightmanscurrency:recipes/coin_mint/coin_mint/mint_coin_copper": {
    "criteria": {
      "money": "2024-10-08 00:51:45 +0000"
    },
    "done": true
  },
  "minecraft:adventure/shoot_arrow": {
    "criteria": {
      "shot_arrow": "2024-10-08 01:56:17 +0000"
    },
    "done": true
  },
  "lightmanscurrency:recipes/lightmanscurrency.trading/traders/card_display/birch/magenta": {
    "criteria": {
      "money": "2024-10-08 00:51:45 +0000"
    },
    "done": true
  },
  "lightmanscurrency:recipes/lightmanscurrency.trading/traders/shelf/warped": {
    "criteria": {
      "money": "2024-10-08 00:51:45 +0000"
    },
    "done": true
  },
  "minecraft:recipes/building_blocks/birch_stairs": {
    "criteria": {
      "has_planks": "2024-10-08 00:40:18 +0000"
    },
    "done": true
  },
  "lightmanscurrency:recipes/lightmanscurrency.trading/traders/shelf/birch": {
    "criteria": {
      "money": "2024-10-08 00:51:45 +0000"
    },
    "done": true
  },
  "lightmanscurrency:recipes/lightmanscurrency.trading/traders/shelf2/dark_oak": {
    "criteria": {
      "money": "2024-10-08 00:51:45 +0000"
    },
    "done": true
  },
  "minecraft:recipes/transportation/dark_oak_boat": {
    "criteria": {
      "in_water": "2024-10-08 00:24:12 +0000"
    },
    "done": true
  },
  "lightmanscurrency:recipes/lightmanscurrency.trading/traders/vending_machine/dye_green": {
    "criteria": {
      "money": "2024-10-08 00:51:45 +0000"
    },
    "done": true
  },
  "minecraft:recipes/building_blocks/pink_wool": {
    "criteria": {
      "has_white_wool": "2024-10-08 00:57:46 +0000"
    },
    "done": true
  },
  "lightmanscurrency:recipes/lightmanscurrency.trading/traders/freezer/brown": {
    "criteria": {
      "money": "2024-10-08 00:51:45 +0000"
    },
    "done": true
  },
  "lightmanscurrency:recipes/lightmanscurrency.trading/traders/large_vending_machine/dye_blue": {
    "criteria": {
      "money": "2024-10-08 00:51:45 +0000"
    },
    "done": true
  },
  "lightmanscurrency:recipes/lightmanscurrency.trading/traders/vending_machine/dye_yellow": {
    "criteria": {
      "money": "2024-10-08 00:51:45 +0000"
    },
    "done": true
  },
  "lightmanscurrency:currency/myfirstpenny": {
    "criteria": {
      "coin": "2024-10-08 00:51:45 +0000"
    },
    "done": true
  },
  "minecraft:recipes/redstone/birch_trapdoor": {
    "criteria": {
      "has_planks": "2024-10-08 00:40:18 +0000"
    },
    "done": true
  },
  "chiselsandbits:recipes/chiselsandbits/chisel_gold": {
    "criteria": {
      "has_rod": "2024-10-08 00:40:25 +0000"
    },
    "done": true
  },
  "lightmanscurrency:recipes/lightmanscurrency.trading/traders/card_display/crimson/orange": {
    "criteria": {
      "money": "2024-10-08 00:51:45 +0000"
    },
    "done": true
  },
  "securitycraft:recipes/securitycraft/secret_birch_sign_item": {
    "criteria": {
      "has_sign": "2024-10-08 00:49:58 +0000"
    },
    "done": true
  },
  "minecraft:recipes/food/cooked_beef_from_campfire_cooking": {
    "criteria": {
      "has_beef": "2024-10-08 00:28:10 +0000"
    },
    "done": true
  },
  "minecraft:recipes/decorations/pink_candle": {
    "criteria": {
      "has_pink_dye": "2024-10-08 02:20:22 +0000"
    },
    "done": true
  },
  "lightmanscurrency:recipes/misc/auction_stand/birch": {
    "criteria": {
      "money": "2024-10-08 00:51:45 +0000"
    },
    "done": true
  },
  "lightmanscurrency:recipes/lightmanscurrency.trading/traders/card_display/dark_oak/cyan": {
    "criteria": {
      "money": "2024-10-08 00:51:45 +0000"
    },
    "done": true
  },
  "lightmanscurrency:recipes/lightmanscurrency.trading/traders/card_display/warped/gray": {
    "criteria": {
      "money": "2024-10-08 00:51:45 +0000"
    },
    "done": true
  },
  "minecraft:recipes/decorations/soul_campfire": {
    "criteria": {
      "has_stick": "2024-10-08 00:40:25 +0000"
    },
    "done": true
  },
  "lightmanscurrency:recipes/lightmanscurrency.trading/traders/card_display/acacia/light_blue": {
    "criteria": {
      "money": "2024-10-08 00:51:45 +0000"
    },
    "done": true
  },
  "minecraft:recipes/decorations/pink_carpet_from_white_carpet": {
    "criteria": {
      "has_pink_dye": "2024-10-08 02:20:22 +0000"
    },
    "done": true
  },
  "securitycraft:recipes/securitycraft/secret_sign_item": {
    "criteria": {
      "has_sign": "2024-10-08 00:49:58 +0000"
    },
    "done": true
  },
  "minecraft:recipes/building_blocks/mossy_cobblestone_stairs": {
    "criteria": {
      "has_mossy_cobblestone": "2024-10-08 01:39:13 +0000"
    },
    "done": true
  },
  "lightmanscurrency:recipes/lightmanscurrency.trading/traders/card_display/warped/purple": {
    "criteria": {
      "money": "2024-10-08 00:51:45 +0000"
    },
    "done": true
  },
  "lightmanscurrency:recipes/lightmanscurrency.upgrades/upgrades/hopper_upgrade": {
    "criteria": {
      "money": "2024-10-08 00:51:45 +0000"
    },
    "done": true
  },
  "lightmanscurrency:recipes/lightmanscurrency.trading/traders/card_display/crimson/pink": {
    "criteria": {
      "money": "2024-10-08 00:51:45 +0000"
    },
    "done": true
  },
  "lightmanscurrency:recipes/lightmanscurrency.coins/wallet/wallet_gold": {
    "criteria": {
      "coin": "2024-10-08 00:51:45 +0000"
    },
    "done": true
  },
  "DataVersion": 3120
}