{
  "minecraft:recipes/tools/fishing_rod": {
    "criteria": {
      "has_string": "2024-10-07 03:29:07 +0000"
    },
    "done": true
  },
  "lightmanscurrency:recipes/misc/item_trader_interface": {
    "criteria": {
      "money": "2024-10-07 03:45:38 +0000"
    },
    "done": true
  },
  "minecraft:recipes/redstone/lever": {
    "criteria": {
      "has_cobblestone": "2024-10-07 03:38:10 +0000"
    },
    "done": true
  },
  "lightmanscurrency:recipes/lightmanscurrency.trading/traders/card_display/acacia/magenta": {
    "criteria": {
      "money": "2024-10-07 03:45:38 +0000"
    },
    "done": true
  },
  "lightmanscurrency:recipes/lightmanscurrency.trading/traders/large_vending_machine/dye_brown": {
    "criteria": {
      "money": "2024-10-07 03:45:38 +0000"
    },
    "done": true
  },
  "minecraft:recipes/misc/magenta_dye_from_lilac": {
    "criteria": {
      "has_lilac": "2024-10-07 03:59:19 +0000"
    },
    "done": true
  },
  "lightmanscurrency:recipes/lightmanscurrency.trading/traders/card_display/acacia/gray": {
    "criteria": {
      "money": "2024-10-07 03:45:38 +0000"
    },
    "done": true
  },
  "lightmanscurrency:recipes/lightmanscurrency.trading/traders/card_display/spruce/orange": {
    "criteria": {
      "money": "2024-10-07 03:45:38 +0000"
    },
    "done": true
  },
  "lightmanscurrency:recipes/lightmanscurrency.trading/traders/card_display/jungle/blue": {
    "criteria": {
      "money": "2024-10-07 03:45:38 +0000"
    },
    "done": true
  },
  "lightmanscurrency:recipes/misc/network/item_network_trader_2": {
    "criteria": {
      "money": "2024-10-07 03:45:38 +0000"
    },
    "done": true
  },
  "lightmanscurrency:recipes/misc/network/item_network_trader_3": {
    "criteria": {
      "money": "2024-10-07 03:45:38 +0000"
    },
    "done": true
  },
  "lightmanscurrency:recipes/misc/network/item_network_trader_4": {
    "criteria": {
      "money": "2024-10-07 03:45:38 +0000"
    },
    "done": true
  },
  "lightmanscurrency:recipes/lightmanscurrency.trading/traders/shelf/spruce": {
    "criteria": {
      "money": "2024-10-07 03:45:38 +0000"
    },
    "done": true
  },
  "lightmanscurrency:recipes/lightmanscurrency.trading/traders/card_display/acacia/orange": {
    "criteria": {
      "money": "2024-10-07 03:45:38 +0000"
    },
    "done": true
  },
  "lightmanscurrency:recipes/lightmanscurrency.trading/traders/card_display/jungle/white": {
    "criteria": {
      "money": "2024-10-07 03:45:38 +0000"
    },
    "done": true
  },
  "lightmanscurrency:recipes/lightmanscurrency.coins/wallet/wallet_iron": {
    "criteria": {
      "coin": "2024-10-07 03:45:38 +0000"
    },
    "done": true
  },
  "minecraft:recipes/building_blocks/chiseled_stone_bricks": {
    "criteria": {
      "has_tag": "2024-10-07 03:24:53 +0000"
    },
    "done": true
  },
  "lightmanscurrency:recipes/misc/network/item_network_trader_1": {
    "criteria": {
      "money": "2024-10-07 03:45:38 +0000"
    },
    "done": true
  },
  "lightmanscurrency:recipes/lightmanscurrency.coins/wallet/upgrade_wallet_emerald_to_wallet_diamond": {
    "criteria": {
      "coin": "2024-10-07 03:45:38 +0000"
    },
    "done": true
  },
  "lightmanscurrency:recipes/lightmanscurrency.trading/traders/freezer/blue": {
    "criteria": {
      "money": "2024-10-07 03:45:38 +0000"
    },
    "done": true
  },
  "lightmanscurrency:recipes/lightmanscurrency.machines/atm": {
    "criteria": {
      "money": "2024-10-07 03:45:38 +0000"
    },
    "done": true
  },
  "minecraft:recipes/combat/leather_helmet": {
    "criteria": {
      "has_leather": "2024-10-07 03:29:06 +0000"
    },
    "done": true
  },
  "minecraft:recipes/decorations/crafting_table": {
    "criteria": {
      "has_planks": "2024-10-07 03:33:44 +0000"
    },
    "done": true
  },
  "minecraft:recipes/building_blocks/dark_oak_slab": {
    "criteria": {
      "has_planks": "2024-10-07 03:39:25 +0000"
    },
    "done": true
  },
  "minecraft:recipes/decorations/chest": {
    "criteria": {
      "has_lots_of_items": "2024-10-07 03:13:10 +0000"
    },
    "done": true
  },
  "lightmanscurrency:recipes/lightmanscurrency.trading/traders/slot_machine": {
    "criteria": {
      "money": "2024-10-07 03:45:37 +0000"
    },
    "done": true
  },
  "lightmanscurrency:recipes/lightmanscurrency.trading/traders/shelf/dark_oak": {
    "criteria": {
      "money": "2024-10-07 03:45:38 +0000"
    },
    "done": true
  },
  "minecraft:recipes/transportation/mangrove_boat": {
    "criteria": {
      "in_water": "2024-10-07 03:20:54 +0000"
    },
    "done": true
  },
  "lightmanscurrency:recipes/lightmanscurrency.coins/coins/coinblock_diamond_from_pile": {
    "criteria": {
      "money": "2024-10-07 03:45:38 +0000"
    },
    "done": true
  },
  "lightmanscurrency:recipes/lightmanscurrency.trading/traders/card_display/spruce/blue": {
    "criteria": {
      "money": "2024-10-07 03:45:38 +0000"
    },
    "done": true
  },
  "lightmanscurrency:recipes/lightmanscurrency.trading/traders/card_display/dark_oak/orange": {
    "criteria": {
      "money": "2024-10-07 03:45:38 +0000"
    },
    "done": true
  },
  "lightmanscurrency:recipes/lightmanscurrency.coins/wallet/upgrade_wallet_diamond_to_wallet_netherite": {
    "criteria": {
      "coin": "2024-10-07 03:45:38 +0000"
    },
    "done": true
  },
  "lightmanscurrency:recipes/lightmanscurrency.trading/traders/vending_machine/dye_pink": {
    "criteria": {
      "money": "2024-10-07 03:45:38 +0000"
    },
    "done": true
  },
  "minecraft:recipes/decorations/torch": {
    "criteria": {
      "has_stone_pickaxe": "2024-10-07 03:13:08 +0000"
    },
    "done": true
  },
  "lightmanscurrency:recipes/lightmanscurrency.trading/traders/card_display/mangrove/light_gray": {
    "criteria": {
      "money": "2024-10-07 03:45:38 +0000"
    },
    "done": true
  },
  "minecraft:recipes/redstone/dark_oak_button": {
    "criteria": {
      "has_planks": "2024-10-07 03:39:25 +0000"
    },
    "done": true
  },
  "lightmanscurrency:recipes/coin_mint/coin_mint/mint_coin_emerald": {
    "criteria": {
      "money": "2024-10-07 03:45:38 +0000"
    },
    "done": true
  },
  "lightmanscurrency:recipes/lightmanscurrency.trading/traders/card_display/birch/cyan": {
    "criteria": {
      "money": "2024-10-07 03:45:38 +0000"
    },
    "done": true
  },
  "minecraft:recipes/misc/stick": {
    "criteria": {
      "has_planks": "2024-10-07 03:33:44 +0000"
    },
    "done": true
  },
  "lightmanscurrency:recipes/misc/tax_block": {
    "criteria": {
      "money": "2024-10-07 03:45:38 +0000"
    },
    "done": true
  },
  "lightmanscurrency:recipes/ticket_machine/ticket_station/master_ticket": {
    "criteria": {
      "ticket_material": "2024-10-07 03:51:44 +0000"
    },
    "done": true
  },
  "lightmanscurrency:recipes/lightmanscurrency.trading/traders/bookshelf/acacia": {
    "criteria": {
      "money": "2024-10-07 03:45:38 +0000"
    },
    "done": true
  },
  "lightmanscurrency:recipes/lightmanscurrency.trading/traders/card_display/oak/light_blue": {
    "criteria": {
      "money": "2024-10-07 03:45:38 +0000"
    },
    "done": true
  },
  "lightmanscurrency:recipes/lightmanscurrency.trading/traders/card_display/crimson/yellow": {
    "criteria": {
      "money": "2024-10-07 03:45:38 +0000"
    },
    "done": true
  },
  "lightmanscurrency:recipes/lightmanscurrency.trading/traders/card_display/acacia/purple": {
    "criteria": {
      "money": "2024-10-07 03:45:38 +0000"
    },
    "done": true
  },
  "lightmanscurrency:recipes/lightmanscurrency.trading/traders/card_display/oak/black": {
    "criteria": {
      "money": "2024-10-07 03:45:38 +0000"
    },
    "done": true
  },
  "lightmanscurrency:recipes/lightmanscurrency.coins/coins/coinblock_emerald_from_pile": {
    "criteria": {
      "money": "2024-10-07 03:45:38 +0000"
    },
    "done": true
  },
  "lightmanscurrency:recipes/lightmanscurrency.machines/cash_register": {
    "criteria": {
      "money": "2024-10-07 03:45:38 +0000"
    },
    "done": true
  },
  "minecraft:recipes/redstone/dark_oak_door": {
    "criteria": {
      "has_planks": "2024-10-07 03:39:25 +0000"
    },
    "done": true
  },
  "lightmanscurrency:recipes/lightmanscurrency.coins/coins/coinpile_netherite_from_block": {
    "criteria": {
      "money": "2024-10-07 03:45:38 +0000"
    },
    "done": true
  },
  "lightmanscurrency:recipes/lightmanscurrency.trading/traders/card_display/mangrove/blue": {
    "criteria": {
      "money": "2024-10-07 03:45:38 +0000"
    },
    "done": true
  },
  "lightmanscurrency:recipes/lightmanscurrency.trading/traders/card_display/warped/black": {
    "criteria": {
      "money": "2024-10-07 03:45:38 +0000"
    },
    "done": true
  },
  "lightmanscurrency:recipes/lightmanscurrency.trading/traders/card_display/jungle/yellow": {
    "criteria": {
      "money": "2024-10-07 03:45:38 +0000"
    },
    "done": true
  },
  "minecraft:recipes/building_blocks/cobblestone_slab": {
    "criteria": {
      "has_cobblestone": "2024-10-07 03:38:10 +0000"
    },
    "done": true
  },
  "lightmanscurrency:recipes/lightmanscurrency.coins/wallet/upgrade_wallet_iron_to_wallet_netherite": {
    "criteria": {
      "coin": "2024-10-07 03:45:38 +0000"
    },
    "done": true
  },
  "lightmanscurrency:recipes/lightmanscurrency.trading/traders/shelf/crimson": {
    "criteria": {
      "money": "2024-10-07 03:45:38 +0000"
    },
    "done": true
  },
  "lightmanscurrency:recipes/lightmanscurrency.trading/traders/bookshelf/birch": {
    "criteria": {
      "money": "2024-10-07 03:45:38 +0000"
    },
    "done": true
  },
  "lightmanscurrency:recipes/lightmanscurrency.machines/coin_jar/sus_jar": {
    "criteria": {
      "money": "2024-10-07 03:45:38 +0000"
    },
    "done": true
  },
  "lightmanscurrency:recipes/lightmanscurrency.coins/coins/coinpile_netherite_from_coin": {
    "criteria": {
      "money": "2024-10-07 03:45:38 +0000"
    },
    "done": true
  },
  "lightmanscurrency:recipes/lightmanscurrency.trading/traders/card_display/dark_oak/pink": {
    "criteria": {
      "money": "2024-10-07 03:45:38 +0000"
    },
    "done": true
  },
  "lightmanscurrency:recipes/lightmanscurrency.trading/traders/bookshelf/warped": {
    "criteria": {
      "money": "2024-10-07 03:45:38 +0000"
    },
    "done": true
  },
  "lightmanscurrency:recipes/lightmanscurrency.coins/coins/coinpile_emerald_from_coin": {
    "criteria": {
      "money": "2024-10-07 03:45:38 +0000"
    },
    "done": true
  },
  "lightmanscurrency:recipes/lightmanscurrency.trading/traders/vending_machine/dye_magenta": {
    "criteria": {
      "money": "2024-10-07 03:45:38 +0000"
    },
    "done": true
  },
  "minecraft:recipes/combat/leather_leggings": {
    "criteria": {
      "has_leather": "2024-10-07 03:29:06 +0000"
    },
    "done": true
  },
  "lightmanscurrency:recipes/lightmanscurrency.coins/coins/coinpile_diamond_from_coin": {
    "criteria": {
      "money": "2024-10-07 03:45:38 +0000"
    },
    "done": true
  },
  "lightmanscurrency:recipes/misc/auction_stand/mangrove": {
    "criteria": {
      "money": "2024-10-07 03:45:38 +0000"
    },
    "done": true
  },
  "lightmanscurrency:recipes/lightmanscurrency.trading/traders/card_display/mangrove/magenta": {
    "criteria": {
      "money": "2024-10-07 03:45:38 +0000"
    },
    "done": true
  },
  "lightmanscurrency:recipes/lightmanscurrency.machines/portable_atm_swap": {
    "criteria": {
      "money": "2024-10-07 03:45:38 +0000"
    },
    "done": true
  },
  "lightmanscurrency:recipes/lightmanscurrency.coins/wallet/wallet_diamond": {
    "criteria": {
      "coin": "2024-10-07 03:45:38 +0000"
    },
    "done": true
  },
  "minecraft:story/obtain_armor": {
    "criteria": {
      "iron_helmet": "2024-10-07 03:25:22 +0000"
    },
    "done": true
  },
  "twilightforest:recipes/twilightforest/iron_ladder": {
    "criteria": {
      "has_iron_bars": "2024-10-07 03:25:18 +0000"
    },
    "done": true
  },
  "lightmanscurrency:recipes/misc/auction_stand/jungle": {
    "criteria": {
      "money": "2024-10-07 03:45:37 +0000"
    },
    "done": true
  },
  "lightmanscurrency:recipes/lightmanscurrency.trading/traders/card_display/mangrove/orange": {
    "criteria": {
      "money": "2024-10-07 03:45:38 +0000"
    },
    "done": true
  },
  "lightmanscurrency:recipes/lightmanscurrency.trading/traders/card_display/spruce/purple": {
    "criteria": {
      "money": "2024-10-07 03:45:38 +0000"
    },
    "done": true
  },
  "minecraft:recipes/decorations/armor_stand": {
    "criteria": {
      "has_stone_slab": "2024-10-07 03:28:51 +0000"
    },
    "done": true
  },
  "minecraft:recipes/building_blocks/spruce_planks": {
    "criteria": {
      "has_logs": "2024-10-07 03:33:41 +0000"
    },
    "done": true
  },
  "lightmanscurrency:recipes/lightmanscurrency.trading/traders/freezer/orange": {
    "criteria": {
      "money": "2024-10-07 03:45:38 +0000"
    },
    "done": true
  },
  "minecraft:recipes/building_blocks/cobblestone_slab_from_cobblestone_stonecutting": {
    "criteria": {
      "has_cobblestone": "2024-10-07 03:38:10 +0000"
    },
    "done": true
  },
  "minecraft:recipes/building_blocks/quartz_stairs": {
    "criteria": {
      "has_quartz_pillar": "2024-10-07 03:33:02 +0000"
    },
    "done": true
  },
  "minecraft:recipes/building_blocks/oak_stairs": {
    "criteria": {
      "has_planks": "2024-10-07 03:33:44 +0000"
    },
    "done": true
  },
  "securitycraft:recipes/securitycraft/crystal_quartz_item": {
    "criteria": {
      "has_prismarine_crystals": "2024-10-07 03:33:57 +0000"
    },
    "done": true
  },
  "lightmanscurrency:recipes/lightmanscurrency.coins/wallet/upgrade_wallet_gold_to_wallet_netherite": {
    "criteria": {
      "coin": "2024-10-07 03:45:38 +0000"
    },
    "done": true
  },
  "lightmanscurrency:recipes/lightmanscurrency.trading/traders/card_display/jungle/light_blue": {
    "criteria": {
      "money": "2024-10-07 03:45:38 +0000"
    },
    "done": true
  },
  "minecraft:recipes/transportation/acacia_boat": {
    "criteria": {
      "in_water": "2024-10-07 03:20:54 +0000"
    },
    "done": true
  },
  "lightmanscurrency:recipes/lightmanscurrency.coins/coins/coinpile_emerald_from_block": {
    "criteria": {
      "money": "2024-10-07 03:45:38 +0000"
    },
    "done": true
  },
  "lightmanscurrency:recipes/lightmanscurrency.trading/traders/card_display/oak/yellow": {
    "criteria": {
      "money": "2024-10-07 03:45:38 +0000"
    },
    "done": true
  },
  "lightmanscurrency:recipes/lightmanscurrency.trading/traders/shelf2/spruce": {
    "criteria": {
      "money": "2024-10-07 03:45:38 +0000"
    },
    "done": true
  },
  "minecraft:adventure/root": {
    "criteria": {
      "killed_something": "2024-10-07 03:36:47 +0000"
    },
    "done": true
  },
  "lightmanscurrency:recipes/lightmanscurrency.trading/traders/card_display/acacia/brown": {
    "criteria": {
      "money": "2024-10-07 03:45:38 +0000"
    },
    "done": true
  },
  "lightmanscurrency:recipes/lightmanscurrency.machines/coin_jar/piggy_bank": {
    "criteria": {
      "money": "2024-10-07 03:45:38 +0000"
    },
    "done": true
  },
  "lightmanscurrency:recipes/lightmanscurrency.coins/coins/coin_copper_from_pile": {
    "criteria": {
      "money": "2024-10-07 03:45:38 +0000"
    },
    "done": true
  },
  "lightmanscurrency:recipes/lightmanscurrency.trading/traders/large_vending_machine/dye_pink": {
    "criteria": {
      "money": "2024-10-07 03:45:38 +0000"
    },
    "done": true
  },
  "lightmanscurrency:recipes/lightmanscurrency.trading/traders/large_vending_machine/dye_light_blue": {
    "criteria": {
      "money": "2024-10-07 03:45:38 +0000"
    },
    "done": true
  },
  "minecraft:recipes/building_blocks/white_wool_from_string": {
    "criteria": {
      "has_string": "2024-10-07 03:29:07 +0000"
    },
    "done": true
  },
  "minecraft:adventure/kill_all_mobs": {
    "criteria": {
      "minecraft:pillager": "2024-10-07 03:45:09 +0000",
      "minecraft:vindicator": "2024-10-07 03:49:46 +0000"
    },
    "done": false
  },
  "lightmanscurrency:recipes/lightmanscurrency.trading/traders/large_vending_machine/washing": {
    "criteria": {
      "money": "2024-10-07 03:45:38 +0000"
    },
    "done": true
  },
  "lightmanscurrency:recipes/lightmanscurrency.trading/traders/vending_machine/washing": {
    "criteria": {
      "money": "2024-10-07 03:45:38 +0000"
    },
    "done": true
  },
  "lightmanscurrency:recipes/coin_mint/coin_mint/melt_coin_copper": {
    "criteria": {
      "money": "2024-10-07 03:45:38 +0000"
    },
    "done": true
  },
  "lightmanscurrency:recipes/misc/upgrades/coin_chest_magnet_upgrade_1": {
    "criteria": {
      "money": "2024-10-07 03:45:38 +0000"
    },
    "done": true
  },
  "lightmanscurrency:recipes/misc/upgrades/coin_chest_magnet_upgrade_2": {
    "criteria": {
      "money": "2024-10-07 03:45:38 +0000"
    },
    "done": true
  },
  "lightmanscurrency:recipes/lightmanscurrency.trading/traders/card_display/warped/white": {
    "criteria": {
      "money": "2024-10-07 03:45:38 +0000"
    },
    "done": true
  },
  "lightmanscurrency:recipes/lightmanscurrency.trading/traders/card_display/crimson/brown": {
    "criteria": {
      "money": "2024-10-07 03:45:38 +0000"
    },
    "done": true
  },
  "minecraft:recipes/decorations/stone_brick_wall": {
    "criteria": {
      "has_stone_bricks": "2024-10-07 03:24:53 +0000"
    },
    "done": true
  },
  "lightmanscurrency:recipes/lightmanscurrency.trading/traders/card_display/crimson/gray": {
    "criteria": {
      "money": "2024-10-07 03:45:38 +0000"
    },
    "done": true
  },
  "lightmanscurrency:recipes/lightmanscurrency.trading/traders/bookshelf/crimson": {
    "criteria": {
      "money": "2024-10-07 03:45:38 +0000"
    },
    "done": true
  },
  "minecraft:recipes/redstone/dark_oak_fence_gate": {
    "criteria": {
      "has_planks": "2024-10-07 03:39:25 +0000"
    },
    "done": true
  },
  "minecraft:recipes/misc/iron_nugget_from_smelting": {
    "criteria": {
      "has_iron_helmet": "2024-10-07 03:25:22 +0000"
    },
    "done": true
  },
  "lightmanscurrency:recipes/misc/upgrades/coin_chest_magnet_upgrade_3": {
    "criteria": {
      "money": "2024-10-07 03:45:38 +0000"
    },
    "done": true
  },
  "lightmanscurrency:recipes/misc/upgrades/coin_chest_magnet_upgrade_4": {
    "criteria": {
      "money": "2024-10-07 03:45:38 +0000"
    },
    "done": true
  },
  "lightmanscurrency:recipes/lightmanscurrency.trading/traders/card_display/mangrove/lime": {
    "criteria": {
      "money": "2024-10-07 03:45:38 +0000"
    },
    "done": true
  },
  "chiselsandbits:recipes/chiselsandbits/chiseled_printer": {
    "criteria": {
      "has_s": "2024-10-07 03:28:51 +0000"
    },
    "done": true
  },
  "lightmanscurrency:recipes/lightmanscurrency.trading/traders/card_display/warped/magenta": {
    "criteria": {
      "money": "2024-10-07 03:45:38 +0000"
    },
    "done": true
  },
  "lightmanscurrency:recipes/lightmanscurrency.trading/traders/card_display/spruce/magenta": {
    "criteria": {
      "money": "2024-10-07 03:45:38 +0000"
    },
    "done": true
  },
  "lightmanscurrency:recipes/lightmanscurrency.trading/traders/card_display/spruce/black": {
    "criteria": {
      "money": "2024-10-07 03:45:38 +0000"
    },
    "done": true
  },
  "minecraft:recipes/decorations/oak_fence": {
    "criteria": {
      "has_planks": "2024-10-07 03:33:44 +0000"
    },
    "done": true
  },
  "lightmanscurrency:recipes/lightmanscurrency.trading/traders/card_display/mangrove/black": {
    "criteria": {
      "money": "2024-10-07 03:45:38 +0000"
    },
    "done": true
  },
  "lightmanscurrency:recipes/lightmanscurrency.trading/traders/card_display/birch/brown": {
    "criteria": {
      "money": "2024-10-07 03:45:38 +0000"
    },
    "done": true
  },
  "lightmanscurrency:recipes/lightmanscurrency.trading/traders/card_display/jungle/black": {
    "criteria": {
      "money": "2024-10-07 03:45:37 +0000"
    },
    "done": true
  },
  "lightmanscurrency:recipes/lightmanscurrency.trading/traders/card_display/acacia/red": {
    "criteria": {
      "money": "2024-10-07 03:45:38 +0000"
    },
    "done": true
  },
  "lightmanscurrency:recipes/lightmanscurrency.trading/traders/card_display/birch/gray": {
    "criteria": {
      "money": "2024-10-07 03:45:38 +0000"
    },
    "done": true
  },
  "minecraft:recipes/food/baked_potato_from_campfire_cooking": {
    "criteria": {
      "has_potato": "2024-10-07 03:13:12 +0000"
    },
    "done": true
  },
  "lightmanscurrency:recipes/lightmanscurrency.trading/traders/card_display/oak/white": {
    "criteria": {
      "money": "2024-10-07 03:45:38 +0000"
    },
    "done": true
  },
  "lightmanscurrency:recipes/lightmanscurrency.trading/traders/shelf/mangrove": {
    "criteria": {
      "money": "2024-10-07 03:45:38 +0000"
    },
    "done": true
  },
  "minecraft:recipes/building_blocks/oak_slab": {
    "criteria": {
      "has_planks": "2024-10-07 03:33:44 +0000"
    },
    "done": true
  },
  "lightmanscurrency:recipes/lightmanscurrency.trading/traders/bookshelf/mangrove": {
    "criteria": {
      "money": "2024-10-07 03:45:38 +0000"
    },
    "done": true
  },
  "lightmanscurrency:recipes/lightmanscurrency.trading/traders/bookshelf/jungle": {
    "criteria": {
      "money": "2024-10-07 03:45:38 +0000"
    },
    "done": true
  },
  "lightmanscurrency:recipes/lightmanscurrency.trading/traders/card_display/acacia/pink": {
    "criteria": {
      "money": "2024-10-07 03:45:38 +0000"
    },
    "done": true
  },
  "lightmanscurrency:recipes/lightmanscurrency.trading/traders/card_display/oak/green": {
    "criteria": {
      "money": "2024-10-07 03:45:38 +0000"
    },
    "done": true
  },
  "lightmanscurrency:recipes/lightmanscurrency.trading/traders/card_display/mangrove/red": {
    "criteria": {
      "money": "2024-10-07 03:45:38 +0000"
    },
    "done": true
  },
  "lightmanscurrency:recipes/lightmanscurrency.trading/traders/large_vending_machine/dye_cyan": {
    "criteria": {
      "money": "2024-10-07 03:45:38 +0000"
    },
    "done": true
  },
  "lightmanscurrency:recipes/lightmanscurrency.trading/traders/card_display/spruce/cyan": {
    "criteria": {
      "money": "2024-10-07 03:45:38 +0000"
    },
    "done": true
  },
  "lightmanscurrency:recipes/lightmanscurrency.trading/traders/shelf2/oak": {
    "criteria": {
      "money": "2024-10-07 03:45:38 +0000"
    },
    "done": true
  },
  "lightmanscurrency:recipes/lightmanscurrency.trading/traders/card_display/warped/green": {
    "criteria": {
      "money": "2024-10-07 03:45:38 +0000"
    },
    "done": true
  },
  "lightmanscurrency:recipes/lightmanscurrency.trading/traders/card_display/acacia/green": {
    "criteria": {
      "money": "2024-10-07 03:45:38 +0000"
    },
    "done": true
  },
  "lightmanscurrency:recipes/lightmanscurrency.machines/ticket_station": {
    "criteria": {
      "money": "2024-10-07 03:45:37 +0000"
    },
    "done": true
  },
  "lightmanscurrency:recipes/lightmanscurrency.trading/traders/vending_machine/dye_blue": {
    "criteria": {
      "money": "2024-10-07 03:45:38 +0000"
    },
    "done": true
  },
  "minecraft:recipes/building_blocks/quartz_slab": {
    "criteria": {
      "has_quartz_pillar": "2024-10-07 03:33:02 +0000"
    },
    "done": true
  },
  "lightmanscurrency:recipes/lightmanscurrency.coins/coins/coinpile_copper_from_coin": {
    "criteria": {
      "money": "2024-10-07 03:45:38 +0000",
      "coin": "2024-10-07 03:45:38 +0000"
    },
    "done": true
  },
  "chiselsandbits:recipes/chiselsandbits/measuring_tape": {
    "criteria": {
      "has_s": "2024-10-07 03:29:07 +0000"
    },
    "done": true
  },
  "lightmanscurrency:recipes/lightmanscurrency.trading/traders/card_display/mangrove/green": {
    "criteria": {
      "money": "2024-10-07 03:45:38 +0000"
    },
    "done": true
  },
  "lightmanscurrency:recipes/lightmanscurrency.trading/traders/card_display/dark_oak/blue": {
    "criteria": {
      "money": "2024-10-07 03:45:38 +0000"
    },
    "done": true
  },
  "lightmanscurrency:recipes/lightmanscurrency.trading/traders/vending_machine/dye_red": {
    "criteria": {
      "money": "2024-10-07 03:45:38 +0000"
    },
    "done": true
  },
  "lightmanscurrency:recipes/lightmanscurrency.coins/coins/coin_gold_from_pile": {
    "criteria": {
      "money": "2024-10-07 03:45:38 +0000"
    },
    "done": true
  },
  "minecraft:recipes/building_blocks/spruce_wood": {
    "criteria": {
      "has_log": "2024-10-07 03:33:41 +0000"
    },
    "done": true
  },
  "lightmanscurrency:recipes/lightmanscurrency.machines/portable_gem_terminal_swap": {
    "criteria": {
      "money": "2024-10-07 03:45:38 +0000"
    },
    "done": true
  },
  "lightmanscurrency:recipes/lightmanscurrency.trading/traders/card_display/birch/light_blue": {
    "criteria": {
      "money": "2024-10-07 03:45:38 +0000"
    },
    "done": true
  },
  "lightmanscurrency:recipes/misc/upgrades/coin_chest_security_upgrade": {
    "criteria": {
      "money": "2024-10-07 03:45:38 +0000"
    },
    "done": true
  },
  "lightmanscurrency:recipes/lightmanscurrency.coins/wallet/upgrade_wallet_gold_to_wallet_emerald": {
    "criteria": {
      "coin": "2024-10-07 03:45:38 +0000"
    },
    "done": true
  },
  "minecraft:recipes/building_blocks/oak_planks": {
    "criteria": {
      "has_logs": "2024-10-07 03:33:37 +0000"
    },
    "done": true
  },
  "lightmanscurrency:recipes/lightmanscurrency.trading/traders/vending_machine/dye_light_blue": {
    "criteria": {
      "money": "2024-10-07 03:45:37 +0000"
    },
    "done": true
  },
  "lightmanscurrency:recipes/lightmanscurrency.trading/traders/large_vending_machine/dye_orange": {
    "criteria": {
      "money": "2024-10-07 03:45:38 +0000"
    },
    "done": true
  },
  "lightmanscurrency:recipes/misc/auction_stand/crimson": {
    "criteria": {
      "money": "2024-10-07 03:45:38 +0000"
    },
    "done": true
  },
  "lightmanscurrency:recipes/lightmanscurrency.trading/traders/shelf2/acacia": {
    "criteria": {
      "money": "2024-10-07 03:45:38 +0000"
    },
    "done": true
  },
  "lightmanscurrency:recipes/lightmanscurrency.trading/traders/armor_display": {
    "criteria": {
      "money": "2024-10-07 03:45:38 +0000"
    },
    "done": true
  },
  "lightmanscurrency:recipes/lightmanscurrency.trading/traders/large_vending_machine/dye_yellow": {
    "criteria": {
      "money": "2024-10-07 03:45:38 +0000"
    },
    "done": true
  },
  "lightmanscurrency:recipes/lightmanscurrency.coins/coins/coinblock_netherite_from_pile": {
    "criteria": {
      "money": "2024-10-07 03:45:38 +0000"
    },
    "done": true
  },
  "minecraft:recipes/building_blocks/sea_lantern": {
    "criteria": {
      "has_prismarine_crystals": "2024-10-07 03:33:57 +0000"
    },
    "done": true
  },
  "minecraft:recipes/redstone/tripwire_hook": {
    "criteria": {
      "has_string": "2024-10-07 03:29:07 +0000"
    },
    "done": true
  },
  "lightmanscurrency:recipes/lightmanscurrency.trading/traders/card_display/crimson/lime": {
    "criteria": {
      "money": "2024-10-07 03:45:37 +0000"
    },
    "done": true
  },
  "minecraft:recipes/building_blocks/chiseled_quartz_block": {
    "criteria": {
      "has_quartz_pillar": "2024-10-07 03:33:02 +0000"
    },
    "done": true
  },
  "minecraft:recipes/misc/bone_meal": {
    "criteria": {
      "has_bone": "2024-10-07 03:36:48 +0000"
    },
    "done": true
  },
  "lightmanscurrency:recipes/lightmanscurrency.trading/traders/card_display/warped/lime": {
    "criteria": {
      "money": "2024-10-07 03:45:38 +0000"
    },
    "done": true
  },
  "lightmanscurrency:recipes/lightmanscurrency.trading/traders/card_display/oak/blue": {
    "criteria": {
      "money": "2024-10-07 03:45:38 +0000"
    },
    "done": true
  },
  "lightmanscurrency:recipes/lightmanscurrency.trading/traders/freezer/cyan": {
    "criteria": {
      "money": "2024-10-07 03:45:38 +0000"
    },
    "done": true
  },
  "minecraft:story/iron_tools": {
    "criteria": {
      "iron_pickaxe": "2024-10-07 03:29:05 +0000"
    },
    "done": true
  },
  "minecraft:recipes/decorations/cartography_table": {
    "criteria": {
      "has_paper": "2024-10-07 03:51:44 +0000"
    },
    "done": true
  },
  "lightmanscurrency:recipes/coin_mint/coin_mint/melt_coin_diamond": {
    "criteria": {
      "money": "2024-10-07 03:45:38 +0000"
    },
    "done": true
  },
  "sophisticatedbackpacks:recipes/sophisticatedbackpacks/upgrade_base": {
    "criteria": {
      "has_leather": "2024-10-07 03:29:06 +0000"
    },
    "done": true
  },
  "minecraft:recipes/combat/crossbow": {
    "criteria": {
      "has_string": "2024-10-07 03:29:07 +0000"
    },
    "done": true
  },
  "lightmanscurrency:recipes/lightmanscurrency.trading/traders/card_display/oak/purple": {
    "criteria": {
      "money": "2024-10-07 03:45:38 +0000"
    },
    "done": true
  },
  "minecraft:recipes/redstone/dark_oak_trapdoor": {
    "criteria": {
      "has_planks": "2024-10-07 03:39:25 +0000"
    },
    "done": true
  },
  "minecraft:recipes/decorations/oak_sign": {
    "criteria": {
      "has_planks": "2024-10-07 03:33:44 +0000"
    },
    "done": true
  },
  "minecraft:recipes/redstone/oak_trapdoor": {
    "criteria": {
      "has_planks": "2024-10-07 03:33:44 +0000"
    },
    "done": true
  },
  "lightmanscurrency:recipes/lightmanscurrency.coins/wallet/upgrade_wallet_copper_to_wallet_iron": {
    "criteria": {
      "coin": "2024-10-07 03:45:38 +0000"
    },
    "done": true
  },
  "lightmanscurrency:recipes/misc/auction_stand/spruce": {
    "criteria": {
      "money": "2024-10-07 03:45:38 +0000"
    },
    "done": true
  },
  "lightmanscurrency:recipes/lightmanscurrency.trading/traders/card_display/birch/lime": {
    "criteria": {
      "money": "2024-10-07 03:45:38 +0000"
    },
    "done": true
  },
  "lightmanscurrency:recipes/lightmanscurrency.trading/traders/vending_machine/dye_orange": {
    "criteria": {
      "money": "2024-10-07 03:45:38 +0000"
    },
    "done": true
  },
  "lightmanscurrency:recipes/misc/auction_stand/dark_oak": {
    "criteria": {
      "money": "2024-10-07 03:45:38 +0000"
    },
    "done": true
  },
  "minecraft:recipes/misc/iron_nugget_from_blasting": {
    "criteria": {
      "has_iron_helmet": "2024-10-07 03:25:22 +0000"
    },
    "done": true
  },
  "sophisticatedbackpacks:recipes/sophisticatedbackpacks/backpack": {
    "criteria": {
      "has_leather": "2024-10-07 03:29:06 +0000"
    },
    "done": true
  },
  "securitycraft:recipes/securitycraft/reinforced_diorite": {
    "criteria": {
      "has_cobblestone": "2024-10-07 03:38:10 +0000"
    },
    "done": true
  },
  "lightmanscurrency:recipes/lightmanscurrency.trading/traders/card_display/dark_oak/brown": {
    "criteria": {
      "money": "2024-10-07 03:45:38 +0000"
    },
    "done": true
  },
  "minecraft:adventure/kill_a_mob": {
    "criteria": {
      "minecraft:pillager": "2024-10-07 03:45:09 +0000"
    },
    "done": true
  },
  "lightmanscurrency:recipes/lightmanscurrency.trading/traders/freezer/light_blue": {
    "criteria": {
      "money": "2024-10-07 03:45:38 +0000"
    },
    "done": true
  },
  "lightmanscurrency:recipes/lightmanscurrency.trading/traders/large_vending_machine/dye_purple": {
    "criteria": {
      "money": "2024-10-07 03:45:38 +0000"
    },
    "done": true
  },
  "lightmanscurrency:recipes/lightmanscurrency.trading/traders/paygate": {
    "criteria": {
      "money": "2024-10-07 03:45:38 +0000"
    },
    "done": true
  },
  "lightmanscurrency:recipes/lightmanscurrency.trading/traders/freezer/lime": {
    "criteria": {
      "money": "2024-10-07 03:45:38 +0000"
    },
    "done": true
  },
  "lightmanscurrency:recipes/lightmanscurrency.trading/traders/vending_machine/dye_lime": {
    "criteria": {
      "money": "2024-10-07 03:45:38 +0000"
    },
    "done": true
  },
  "lightmanscurrency:recipes/lightmanscurrency.trading/traders/freezer/red": {
    "criteria": {
      "money": "2024-10-07 03:45:38 +0000"
    },
    "done": true
  },
  "lightmanscurrency:recipes/lightmanscurrency.trading/traders/card_display/spruce/light_gray": {
    "criteria": {
      "money": "2024-10-07 03:45:38 +0000"
    },
    "done": true
  },
  "minecraft:recipes/building_blocks/stone": {
    "criteria": {
      "has_cobblestone": "2024-10-07 03:38:10 +0000"
    },
    "done": true
  },
  "lightmanscurrency:recipes/lightmanscurrency.trading/traders/card_display/crimson/cyan": {
    "criteria": {
      "money": "2024-10-07 03:45:37 +0000"
    },
    "done": true
  },
  "lightmanscurrency:recipes/lightmanscurrency.trading/traders/card_display/dark_oak/purple": {
    "criteria": {
      "money": "2024-10-07 03:45:38 +0000"
    },
    "done": true
  },
  "minecraft:adventure/adventuring_time": {
    "criteria": {
      "minecraft:birch_forest": "2024-10-07 04:00:34 +0000",
      "minecraft:beach": "2024-10-07 03:20:25 +0000",
      "minecraft:sparse_jungle": "2024-10-07 04:05:20 +0000",
      "minecraft:river": "2024-10-07 03:20:26 +0000",
      "minecraft:forest": "2024-10-07 03:11:34 +0000",
      "minecraft:jungle": "2024-10-07 04:02:59 +0000",
      "minecraft:flower_forest": "2024-10-07 03:42:13 +0000",
      "minecraft:plains": "2024-10-07 03:12:00 +0000"
    },
    "done": false
  },
  "lightmanscurrency:recipes/lightmanscurrency.trading/traders/card_display/spruce/white": {
    "criteria": {
      "money": "2024-10-07 03:45:38 +0000"
    },
    "done": true
  },
  "minecraft:recipes/misc/book": {
    "criteria": {
      "has_paper": "2024-10-07 03:51:44 +0000"
    },
    "done": true
  },
  "lightmanscurrency:recipes/lightmanscurrency.coins/wallet/wallet_emerald": {
    "criteria": {
      "coin": "2024-10-07 03:45:38 +0000"
    },
    "done": true
  },
  "lightmanscurrency:recipes/lightmanscurrency.trading/traders/card_display/dark_oak/light_gray": {
    "criteria": {
      "money": "2024-10-07 03:45:38 +0000"
    },
    "done": true
  },
  "lightmanscurrency:recipes/lightmanscurrency.trading/traders/card_display/spruce/brown": {
    "criteria": {
      "money": "2024-10-07 03:45:38 +0000"
    },
    "done": true
  },
  "minecraft:recipes/combat/stone_sword": {
    "criteria": {
      "has_cobblestone": "2024-10-07 03:38:10 +0000"
    },
    "done": true
  },
  "minecraft:recipes/decorations/barrel": {
    "criteria": {
      "has_planks": "2024-10-07 03:33:44 +0000"
    },
    "done": true
  },
  "minecraft:recipes/decorations/cobblestone_wall": {
    "criteria": {
      "has_cobblestone": "2024-10-07 03:38:10 +0000"
    },
    "done": true
  },
  "lightmanscurrency:recipes/lightmanscurrency.trading/traders/card_display/spruce/lime": {
    "criteria": {
      "money": "2024-10-07 03:45:38 +0000"
    },
    "done": true
  },
  "lightmanscurrency:recipes/lightmanscurrency.trading/traders/card_display/crimson/light_gray": {
    "criteria": {
      "money": "2024-10-07 03:45:38 +0000"
    },
    "done": true
  },
  "lightmanscurrency:recipes/lightmanscurrency.trading/traders/card_display/jungle/lime": {
    "criteria": {
      "money": "2024-10-07 03:45:38 +0000"
    },
    "done": true
  },
  "lightmanscurrency:recipes/lightmanscurrency.coins/coins/coinpile_iron_from_block": {
    "criteria": {
      "money": "2024-10-07 03:45:37 +0000"
    },
    "done": true
  },
  "lightmanscurrency:recipes/lightmanscurrency.trading/traders/card_display/birch/black": {
    "criteria": {
      "money": "2024-10-07 03:45:38 +0000"
    },
    "done": true
  },
  "minecraft:recipes/tools/stone_pickaxe": {
    "criteria": {
      "has_cobblestone": "2024-10-07 03:38:10 +0000"
    },
    "done": true
  },
  "lightmanscurrency:recipes/lightmanscurrency.coins/coins/coinpile_copper_from_block": {
    "criteria": {
      "money": "2024-10-07 03:45:38 +0000"
    },
    "done": true
  },
  "lightmanscurrency:recipes/lightmanscurrency.trading/traders/large_vending_machine/dye_magenta": {
    "criteria": {
      "money": "2024-10-07 03:45:38 +0000"
    },
    "done": true
  },
  "minecraft:recipes/combat/leather_boots": {
    "criteria": {
      "has_leather": "2024-10-07 03:29:06 +0000"
    },
    "done": true
  },
  "lightmanscurrency:recipes/lightmanscurrency.trading/traders/freezer/green": {
    "criteria": {
      "money": "2024-10-07 03:45:37 +0000"
    },
    "done": true
  },
  "minecraft:recipes/decorations/cobblestone_wall_from_cobblestone_stonecutting": {
    "criteria": {
      "has_cobblestone": "2024-10-07 03:38:10 +0000"
    },
    "done": true
  },
  "lightmanscurrency:recipes/lightmanscurrency.trading/traders/card_display/crimson/magenta": {
    "criteria": {
      "money": "2024-10-07 03:45:38 +0000"
    },
    "done": true
  },
  "lightmanscurrency:recipes/lightmanscurrency.trading/traders/display_case": {
    "criteria": {
      "money": "2024-10-07 03:45:38 +0000"
    },
    "done": true
  },
  "lightmanscurrency:recipes/lightmanscurrency.coins/wallet/upgrade_wallet_iron_to_wallet_emerald": {
    "criteria": {
      "coin": "2024-10-07 03:45:38 +0000"
    },
    "done": true
  },
  "lightmanscurrency:recipes/lightmanscurrency.trading/traders/large_vending_machine/dye_gray": {
    "criteria": {
      "money": "2024-10-07 03:45:38 +0000"
    },
    "done": true
  },
  "lightmanscurrency:recipes/lightmanscurrency.upgrades/upgrades/network_upgrade": {
    "criteria": {
      "money": "2024-10-07 03:45:38 +0000"
    },
    "done": true
  },
  "lightmanscurrency:recipes/lightmanscurrency.trading/traders/card_display/warped/light_blue": {
    "criteria": {
      "money": "2024-10-07 03:45:38 +0000"
    },
    "done": true
  },
  "dungeons_arise:wda_root": {
    "criteria": {
      "WDA": "2024-10-07 03:11:33 +0000"
    },
    "done": true
  },
  "lightmanscurrency:recipes/lightmanscurrency.trading/traders/card_display/acacia/light_gray": {
    "criteria": {
      "money": "2024-10-07 03:45:38 +0000"
    },
    "done": true
  },
  "lightmanscurrency:recipes/lightmanscurrency.coins/wallet/upgrade_wallet_copper_to_wallet_gold": {
    "criteria": {
      "coin": "2024-10-07 03:45:38 +0000"
    },
    "done": true
  },
  "lightmanscurrency:recipes/lightmanscurrency.trading/traders/card_display/dark_oak/magenta": {
    "criteria": {
      "money": "2024-10-07 03:45:38 +0000"
    },
    "done": true
  },
  "lightmanscurrency:recipes/lightmanscurrency.trading/traders/card_display/oak/orange": {
    "criteria": {
      "money": "2024-10-07 03:45:38 +0000"
    },
    "done": true
  },
  "lightmanscurrency:recipes/lightmanscurrency.trading/traders/card_display/dark_oak/white": {
    "criteria": {
      "money": "2024-10-07 03:45:38 +0000"
    },
    "done": true
  },
  "lightmanscurrency:recipes/lightmanscurrency.trading/traders/card_display/dark_oak/red": {
    "criteria": {
      "money": "2024-10-07 03:45:38 +0000"
    },
    "done": true
  },
  "lightmanscurrency:recipes/lightmanscurrency.trading/traders/vending_machine/dye_brown": {
    "criteria": {
      "money": "2024-10-07 03:45:38 +0000"
    },
    "done": true
  },
  "securitycraft:recipes/securitycraft/reinforced_packed_mud": {
    "criteria": {
      "has_wheat": "2024-10-07 03:22:06 +0000"
    },
    "done": true
  },
  "lightmanscurrency:recipes/lightmanscurrency.coins/wallet/upgrade_wallet_copper_to_wallet_diamond": {
    "criteria": {
      "coin": "2024-10-07 03:45:38 +0000"
    },
    "done": true
  },
  "lightmanscurrency:recipes/lightmanscurrency.trading/traders/card_display/crimson/black": {
    "criteria": {
      "money": "2024-10-07 03:45:38 +0000"
    },
    "done": true
  },
  "lightmanscurrency:recipes/lightmanscurrency.trading/traders/card_display/birch/red": {
    "criteria": {
      "money": "2024-10-07 03:45:38 +0000"
    },
    "done": true
  },
  "lightmanscurrency:recipes/lightmanscurrency.trading/traders/shelf/oak": {
    "criteria": {
      "money": "2024-10-07 03:45:38 +0000"
    },
    "done": true
  },
  "minecraft:recipes/tools/stone_axe": {
    "criteria": {
      "has_cobblestone": "2024-10-07 03:38:10 +0000"
    },
    "done": true
  },
  "lightmanscurrency:recipes/lightmanscurrency.trading/traders/card_display/jungle/magenta": {
    "criteria": {
      "money": "2024-10-07 03:45:38 +0000"
    },
    "done": true
  },
  "lightmanscurrency:recipes/lightmanscurrency.trading/traders/card_display/warped/blue": {
    "criteria": {
      "money": "2024-10-07 03:45:38 +0000"
    },
    "done": true
  },
  "lightmanscurrency:recipes/lightmanscurrency.coins/wallet/upgrade_wallet_copper_to_wallet_netherite": {
    "criteria": {
      "coin": "2024-10-07 03:45:38 +0000"
    },
    "done": true
  },
  "lightmanscurrency:recipes/lightmanscurrency.coins/coins/coin_netherite_from_pile": {
    "criteria": {
      "money": "2024-10-07 03:45:38 +0000"
    },
    "done": true
  },
  "lightmanscurrency:recipes/lightmanscurrency.machines/gem_terminal": {
    "criteria": {
      "money": "2024-10-07 03:45:38 +0000"
    },
    "done": true
  },
  "lightmanscurrency:recipes/lightmanscurrency.trading/traders/freezer/black": {
    "criteria": {
      "money": "2024-10-07 03:45:38 +0000"
    },
    "done": true
  },
  "minecraft:recipes/building_blocks/quartz_pillar": {
    "criteria": {
      "has_quartz_pillar": "2024-10-07 03:33:02 +0000"
    },
    "done": true
  },
  "lightmanscurrency:recipes/lightmanscurrency.trading/traders/card_display/acacia/yellow": {
    "criteria": {
      "money": "2024-10-07 03:45:38 +0000"
    },
    "done": true
  },
  "minecraft:recipes/building_blocks/cobblestone_stairs_from_cobblestone_stonecutting": {
    "criteria": {
      "has_cobblestone": "2024-10-07 03:38:10 +0000"
    },
    "done": true
  },
  "lightmanscurrency:recipes/lightmanscurrency.coins/wallet/wallet_netherite": {
    "criteria": {
      "coin": "2024-10-07 03:45:38 +0000"
    },
    "done": true
  },
  "lightmanscurrency:recipes/lightmanscurrency.coins/coins/coinblock_copper_from_pile": {
    "criteria": {
      "money": "2024-10-07 03:45:38 +0000"
    },
    "done": true
  },
  "lightmanscurrency:recipes/lightmanscurrency.trading/traders/card_display/oak/light_gray": {
    "criteria": {
      "money": "2024-10-07 03:45:38 +0000"
    },
    "done": true
  },
  "lightmanscurrency:recipes/lightmanscurrency.machines/terminal_swap": {
    "criteria": {
      "money": "2024-10-07 03:45:38 +0000"
    },
    "done": true
  },
  "lightmanscurrency:recipes/lightmanscurrency.coins/coins/coin_iron_from_pile": {
    "criteria": {
      "money": "2024-10-07 03:45:38 +0000"
    },
    "done": true
  },
  "lightmanscurrency:recipes/lightmanscurrency.trading/traders/card_display/oak/lime": {
    "criteria": {
      "money": "2024-10-07 03:45:38 +0000"
    },
    "done": true
  },
  "minecraft:recipes/building_blocks/stone_brick_slab_from_stone_bricks_stonecutting": {
    "criteria": {
      "has_stone_bricks": "2024-10-07 03:24:53 +0000"
    },
    "done": true
  },
  "lightmanscurrency:recipes/lightmanscurrency.trading/traders/card_display/acacia/blue": {
    "criteria": {
      "money": "2024-10-07 03:45:38 +0000"
    },
    "done": true
  },
  "lightmanscurrency:recipes/lightmanscurrency.machines/atm_swap": {
    "criteria": {
      "money": "2024-10-07 03:45:38 +0000"
    },
    "done": true
  },
  "lightmanscurrency:recipes/lightmanscurrency.trading/traders/card_display/jungle/gray": {
    "criteria": {
      "money": "2024-10-07 03:45:38 +0000"
    },
    "done": true
  },
  "lightmanscurrency:recipes/lightmanscurrency.trading/traders/shelf2/birch": {
    "criteria": {
      "money": "2024-10-07 03:45:38 +0000"
    },
    "done": true
  },
  "lightmanscurrency:recipes/lightmanscurrency.trading/traders/card_display/birch/green": {
    "criteria": {
      "money": "2024-10-07 03:45:38 +0000"
    },
    "done": true
  },
  "minecraft:recipes/decorations/campfire": {
    "criteria": {
      "has_coal": "2024-10-07 03:14:27 +0000"
    },
    "done": true
  },
  "minecraft:recipes/decorations/candle": {
    "criteria": {
      "has_string": "2024-10-07 03:29:07 +0000"
    },
    "done": true
  },
  "lightmanscurrency:recipes/lightmanscurrency.trading/traders/freezer/gray": {
    "criteria": {
      "money": "2024-10-07 03:45:38 +0000"
    },
    "done": true
  },
  "minecraft:recipes/food/bread": {
    "criteria": {
      "has_wheat": "2024-10-07 03:22:06 +0000"
    },
    "done": true
  },
  "lightmanscurrency:recipes/lightmanscurrency.trading/traders/card_display/jungle/brown": {
    "criteria": {
      "money": "2024-10-07 03:45:38 +0000"
    },
    "done": true
  },
  "lightmanscurrency:recipes/lightmanscurrency.trading/traders/card_display/crimson/white": {
    "criteria": {
      "money": "2024-10-07 03:45:38 +0000"
    },
    "done": true
  },
  "lightmanscurrency:recipes/lightmanscurrency.trading/traders/bookshelf/dark_oak": {
    "criteria": {
      "money": "2024-10-07 03:45:38 +0000"
    },
    "done": true
  },
  "lightmanscurrency:recipes/lightmanscurrency.trading/traders/card_display/crimson/green": {
    "criteria": {
      "money": "2024-10-07 03:45:38 +0000"
    },
    "done": true
  },
  "lightmanscurrency:recipes/lightmanscurrency.trading/traders/card_display/mangrove/light_blue": {
    "criteria": {
      "money": "2024-10-07 03:45:38 +0000"
    },
    "done": true
  },
  "lightmanscurrency:recipes/lightmanscurrency.trading/traders/card_display/jungle/red": {
    "criteria": {
      "money": "2024-10-07 03:45:38 +0000"
    },
    "done": true
  },
  "lightmanscurrency:recipes/lightmanscurrency.trading/traders/card_display/spruce/yellow": {
    "criteria": {
      "money": "2024-10-07 03:45:38 +0000"
    },
    "done": true
  },
  "lightmanscurrency:currency/root": {
    "criteria": {
      "coin": "2024-10-07 03:45:38 +0000"
    },
    "done": true
  },
  "lightmanscurrency:recipes/lightmanscurrency.trading/traders/shelf/jungle": {
    "criteria": {
      "money": "2024-10-07 03:45:38 +0000"
    },
    "done": true
  },
  "lightmanscurrency:recipes/lightmanscurrency.coins/coins/coin_emerald_from_pile": {
    "criteria": {
      "money": "2024-10-07 03:45:38 +0000"
    },
    "done": true
  },
  "minecraft:recipes/transportation/spruce_boat": {
    "criteria": {
      "in_water": "2024-10-07 03:20:54 +0000"
    },
    "done": true
  },
  "minecraft:recipes/building_blocks/cracked_stone_bricks": {
    "criteria": {
      "has_stone_bricks": "2024-10-07 03:24:53 +0000"
    },
    "done": true
  },
  "lightmanscurrency:recipes/lightmanscurrency.coins/coins/coin_diamond_from_pile": {
    "criteria": {
      "money": "2024-10-07 03:45:38 +0000"
    },
    "done": true
  },
  "lightmanscurrency:recipes/lightmanscurrency.trading/traders/card_display/dark_oak/yellow": {
    "criteria": {
      "money": "2024-10-07 03:45:37 +0000"
    },
    "done": true
  },
  "lightmanscurrency:recipes/coin_mint/coin_mint/melt_coin_emerald": {
    "criteria": {
      "money": "2024-10-07 03:45:38 +0000"
    },
    "done": true
  },
  "lightmanscurrency:recipes/lightmanscurrency.trading/traders/shelf2/jungle": {
    "criteria": {
      "money": "2024-10-07 03:45:38 +0000"
    },
    "done": true
  },
  "minecraft:husbandry/balanced_diet": {
    "criteria": {
      "cooked_beef": "2024-10-07 03:37:57 +0000",
      "potato": "2024-10-07 03:59:55 +0000",
      "bread": "2024-10-07 03:21:02 +0000"
    },
    "done": false
  },
  "lightmanscurrency:recipes/lightmanscurrency.trading/traders/card_display/mangrove/gray": {
    "criteria": {
      "money": "2024-10-07 03:45:38 +0000"
    },
    "done": true
  },
  "lightmanscurrency:recipes/coin_mint/coin_mint/mint_coin_gold": {
    "criteria": {
      "money": "2024-10-07 03:45:38 +0000"
    },
    "done": true
  },
  "lightmanscurrency:recipes/misc/coin_chest": {
    "criteria": {
      "money": "2024-10-07 03:45:38 +0000"
    },
    "done": true
  },
  "lightmanscurrency:recipes/lightmanscurrency.trading/traders/large_vending_machine/dye_lime": {
    "criteria": {
      "money": "2024-10-07 03:45:38 +0000"
    },
    "done": true
  },
  "lightmanscurrency:recipes/lightmanscurrency.coins/coins/coinblock_iron_from_pile": {
    "criteria": {
      "money": "2024-10-07 03:45:38 +0000"
    },
    "done": true
  },
  "lightmanscurrency:recipes/lightmanscurrency.trading/traders/card_display/spruce/green": {
    "criteria": {
      "money": "2024-10-07 03:45:38 +0000"
    },
    "done": true
  },
  "lightmanscurrency:recipes/lightmanscurrency.trading/traders/shelf2/mangrove": {
    "criteria": {
      "money": "2024-10-07 03:45:38 +0000"
    },
    "done": true
  },
  "lightmanscurrency:recipes/lightmanscurrency.coins/wallet/wallet_copper": {
    "criteria": {
      "coin": "2024-10-07 03:45:37 +0000"
    },
    "done": true
  },
  "lightmanscurrency:recipes/lightmanscurrency.trading/traders/card_display/spruce/gray": {
    "criteria": {
      "money": "2024-10-07 03:45:38 +0000"
    },
    "done": true
  },
  "parcool:grant_parcool_guide": {
    "criteria": {
      "tick": "2024-10-07 03:11:33 +0000"
    },
    "done": true
  },
  "minecraft:recipes/building_blocks/cobblestone_stairs": {
    "criteria": {
      "has_cobblestone": "2024-10-07 03:38:10 +0000"
    },
    "done": true
  },
  "minecraft:recipes/building_blocks/stone_brick_stairs_from_stone_bricks_stonecutting": {
    "criteria": {
      "has_stone_bricks": "2024-10-07 03:24:53 +0000"
    },
    "done": true
  },
  "lightmanscurrency:recipes/lightmanscurrency.trading/traders/card_display/crimson/purple": {
    "criteria": {
      "money": "2024-10-07 03:45:37 +0000"
    },
    "done": true
  },
  "lightmanscurrency:recipes/lightmanscurrency.coins/wallet/upgrade_wallet_iron_to_wallet_diamond": {
    "criteria": {
      "coin": "2024-10-07 03:45:38 +0000"
    },
    "done": true
  },
  "lightmanscurrency:recipes/lightmanscurrency.trading/traders/card_display/acacia/black": {
    "criteria": {
      "money": "2024-10-07 03:45:38 +0000"
    },
    "done": true
  },
  "lightmanscurrency:recipes/lightmanscurrency.coins/coins/coinpile_gold_from_coin": {
    "criteria": {
      "money": "2024-10-07 03:45:38 +0000"
    },
    "done": true
  },
  "lightmanscurrency:recipes/lightmanscurrency.trading/traders/card_display/jungle/purple": {
    "criteria": {
      "money": "2024-10-07 03:45:38 +0000"
    },
    "done": true
  },
  "chiselsandbits:recipes/chiselsandbits/wrench": {
    "criteria": {
      "has_p": "2024-10-07 03:33:44 +0000"
    },
    "done": true
  },
  "minecraft:recipes/building_blocks/hay_block": {
    "criteria": {
      "has_wheat": "2024-10-07 03:22:06 +0000"
    },
    "done": true
  },
  "minecraft:recipes/misc/leather_horse_armor": {
    "criteria": {
      "has_leather": "2024-10-07 03:29:06 +0000"
    },
    "done": true
  },
  "lightmanscurrency:recipes/coin_mint/coin_mint/mint_coin_netherite": {
    "criteria": {
      "money": "2024-10-07 03:45:38 +0000"
    },
    "done": true
  },
  "lightmanscurrency:recipes/lightmanscurrency.trading/traders/shelf/acacia": {
    "criteria": {
      "money": "2024-10-07 03:45:38 +0000"
    },
    "done": true
  },
  "minecraft:recipes/combat/bow": {
    "criteria": {
      "has_string": "2024-10-07 03:29:07 +0000"
    },
    "done": true
  },
  "minecraft:recipes/redstone/oak_fence_gate": {
    "criteria": {
      "has_planks": "2024-10-07 03:33:44 +0000"
    },
    "done": true
  },
  "lightmanscurrency:recipes/lightmanscurrency.upgrades/upgrades/speed_upgrade_1": {
    "criteria": {
      "money": "2024-10-07 03:45:38 +0000"
    },
    "done": true
  },
  "lightmanscurrency:recipes/lightmanscurrency.trading/traders/card_display/oak/brown": {
    "criteria": {
      "money": "2024-10-07 03:45:38 +0000"
    },
    "done": true
  },
  "lightmanscurrency:recipes/lightmanscurrency.upgrades/upgrades/speed_upgrade_2": {
    "criteria": {
      "money": "2024-10-07 03:45:38 +0000"
    },
    "done": true
  },
  "lightmanscurrency:recipes/lightmanscurrency.trading/traders/freezer/yellow": {
    "criteria": {
      "money": "2024-10-07 03:45:38 +0000"
    },
    "done": true
  },
  "lightmanscurrency:recipes/lightmanscurrency.coins/coins/coinpile_gold_from_block": {
    "criteria": {
      "money": "2024-10-07 03:45:38 +0000"
    },
    "done": true
  },
  "lightmanscurrency:recipes/coin_mint/coin_mint/melt_coin_netherite": {
    "criteria": {
      "money": "2024-10-07 03:45:38 +0000"
    },
    "done": true
  },
  "minecraft:story/mine_stone": {
    "criteria": {
      "get_stone": "2024-10-07 03:38:10 +0000"
    },
    "done": true
  },
  "lightmanscurrency:recipes/lightmanscurrency.trading/traders/card_display/oak/cyan": {
    "criteria": {
      "money": "2024-10-07 03:45:38 +0000"
    },
    "done": true
  },
  "minecraft:recipes/decorations/furnace": {
    "criteria": {
      "has_cobblestone": "2024-10-07 03:38:10 +0000"
    },
    "done": true
  },
  "dungeons_arise:find_illager_campsite": {
    "criteria": {
      "location0": "2024-10-07 03:44:58 +0000"
    },
    "done": true
  },
  "minecraft:recipes/misc/charcoal": {
    "criteria": {
      "has_log": "2024-10-07 03:33:37 +0000"
    },
    "done": true
  },
  "lightmanscurrency:recipes/lightmanscurrency.trading/traders/card_display/warped/brown": {
    "criteria": {
      "money": "2024-10-07 03:45:38 +0000"
    },
    "done": true
  },
  "minecraft:husbandry/root": {
    "criteria": {
      "consumed_item": "2024-10-07 03:21:02 +0000"
    },
    "done": true
  },
  "minecraft:recipes/building_blocks/stone_brick_slab": {
    "criteria": {
      "has_stone_bricks": "2024-10-07 03:24:53 +0000"
    },
    "done": true
  },
  "lightmanscurrency:recipes/lightmanscurrency.machines/coin_jar/blue": {
    "criteria": {
      "money": "2024-10-07 03:45:38 +0000"
    },
    "done": true
  },
  "lightmanscurrency:recipes/lightmanscurrency.coins/wallet/upgrade_wallet_gold_to_wallet_diamond": {
    "criteria": {
      "coin": "2024-10-07 03:45:38 +0000"
    },
    "done": true
  },
  "minecraft:recipes/transportation/birch_boat": {
    "criteria": {
      "in_water": "2024-10-07 03:20:54 +0000"
    },
    "done": true
  },
  "lightmanscurrency:recipes/lightmanscurrency.trading/traders/vending_machine": {
    "criteria": {
      "money": "2024-10-07 03:45:38 +0000"
    },
    "done": true
  },
  "lightmanscurrency:recipes/lightmanscurrency.trading/traders/freezer/magenta": {
    "criteria": {
      "money": "2024-10-07 03:45:38 +0000"
    },
    "done": true
  },
  "lightmanscurrency:recipes/lightmanscurrency.trading/traders/card_display/spruce/red": {
    "criteria": {
      "money": "2024-10-07 03:45:38 +0000"
    },
    "done": true
  },
  "lightmanscurrency:recipes/lightmanscurrency.trading/traders/card_display/warped/cyan": {
    "criteria": {
      "money": "2024-10-07 03:45:38 +0000"
    },
    "done": true
  },
  "lightmanscurrency:recipes/lightmanscurrency.trading/traders/card_display/jungle/light_gray": {
    "criteria": {
      "money": "2024-10-07 03:45:38 +0000"
    },
    "done": true
  },
  "lightmanscurrency:recipes/lightmanscurrency.trading/traders/card_display/dark_oak/lime": {
    "criteria": {
      "money": "2024-10-07 03:45:37 +0000"
    },
    "done": true
  },
  "lightmanscurrency:recipes/lightmanscurrency.trading/traders/card_display/mangrove/pink": {
    "criteria": {
      "money": "2024-10-07 03:45:38 +0000"
    },
    "done": true
  },
  "minecraft:recipes/decorations/item_frame": {
    "criteria": {
      "has_leather": "2024-10-07 03:29:06 +0000"
    },
    "done": true
  },
  "lightmanscurrency:recipes/ticket_machine/ticket_station/golden_master_ticket": {
    "criteria": {
      "ticket_material": "2024-10-07 03:51:44 +0000"
    },
    "done": true
  },
  "lightmanscurrency:recipes/lightmanscurrency.trading/traders/card_display/dark_oak/black": {
    "criteria": {
      "money": "2024-10-07 03:45:38 +0000"
    },
    "done": true
  },
  "lightmanscurrency:recipes/lightmanscurrency.trading/traders/ticket_kiosk": {
    "criteria": {
      "money": "2024-10-07 03:45:38 +0000"
    },
    "done": true
  },
  "chiselsandbits:recipes/chiselsandbits/modification_table": {
    "criteria": {
      "has_b": "2024-10-07 03:33:37 +0000"
    },
    "done": true
  },
  "minecraft:recipes/tools/stone_hoe": {
    "criteria": {
      "has_cobblestone": "2024-10-07 03:38:10 +0000"
    },
    "done": true
  },
  "minecraft:recipes/food/baked_potato_from_smoking": {
    "criteria": {
      "has_potato": "2024-10-07 03:13:12 +0000"
    },
    "done": true
  },
  "minecraft:recipes/building_blocks/dark_oak_stairs": {
    "criteria": {
      "has_planks": "2024-10-07 03:39:25 +0000"
    },
    "done": true
  },
  "lightmanscurrency:recipes/lightmanscurrency.trading/traders/large_vending_machine/dye_light_gray": {
    "criteria": {
      "money": "2024-10-07 03:45:38 +0000"
    },
    "done": true
  },
  "lightmanscurrency:recipes/coin_mint/coin_mint/mint_coin_iron": {
    "criteria": {
      "money": "2024-10-07 03:45:38 +0000"
    },
    "done": true
  },
  "lightmanscurrency:recipes/lightmanscurrency.trading/traders/large_vending_machine/dye_black": {
    "criteria": {
      "money": "2024-10-07 03:45:38 +0000"
    },
    "done": true
  },
  "lightmanscurrency:recipes/lightmanscurrency.trading/traders/card_display/crimson/blue": {
    "criteria": {
      "money": "2024-10-07 03:45:38 +0000"
    },
    "done": true
  },
  "lightmanscurrency:recipes/lightmanscurrency.trading/traders/card_display/crimson/red": {
    "criteria": {
      "money": "2024-10-07 03:45:38 +0000"
    },
    "done": true
  },
  "minecraft:recipes/food/baked_potato": {
    "criteria": {
      "has_potato": "2024-10-07 03:13:12 +0000"
    },
    "done": true
  },
  "lightmanscurrency:recipes/lightmanscurrency.trading/traders/bookshelf/spruce": {
    "criteria": {
      "money": "2024-10-07 03:45:38 +0000"
    },
    "done": true
  },
  "lightmanscurrency:recipes/lightmanscurrency.trading/traders/card_display/jungle/cyan": {
    "criteria": {
      "money": "2024-10-07 03:45:38 +0000"
    },
    "done": true
  },
  "minecraft:recipes/decorations/dark_oak_sign": {
    "criteria": {
      "has_planks": "2024-10-07 03:39:25 +0000"
    },
    "done": true
  },
  "lightmanscurrency:recipes/lightmanscurrency.trading/traders/card_display/acacia/white": {
    "criteria": {
      "money": "2024-10-07 03:45:38 +0000"
    },
    "done": true
  },
  "lightmanscurrency:recipes/misc/auction_stand/warped": {
    "criteria": {
      "money": "2024-10-07 03:45:38 +0000"
    },
    "done": true
  },
  "lightmanscurrency:recipes/lightmanscurrency.coins/wallet/upgrade_wallet_copper_to_wallet_emerald": {
    "criteria": {
      "coin": "2024-10-07 03:45:38 +0000"
    },
    "done": true
  },
  "lightmanscurrency:recipes/lightmanscurrency.trading/traders/card_display/birch/white": {
    "criteria": {
      "money": "2024-10-07 03:45:38 +0000"
    },
    "done": true
  },
  "lightmanscurrency:recipes/lightmanscurrency.trading/traders/card_display/birch/orange": {
    "criteria": {
      "money": "2024-10-07 03:45:38 +0000"
    },
    "done": true
  },
  "lightmanscurrency:recipes/lightmanscurrency.trading/traders/vending_machine/dye_cyan": {
    "criteria": {
      "money": "2024-10-07 03:45:38 +0000"
    },
    "done": true
  },
  "minecraft:story/upgrade_tools": {
    "criteria": {
      "stone_pickaxe": "2024-10-07 03:13:08 +0000"
    },
    "done": true
  },
  "lightmanscurrency:recipes/ticket_machine/ticket_station/golden_ticket_pass": {
    "criteria": {
      "ticket_material": "2024-10-07 03:51:44 +0000"
    },
    "done": true
  },
  "lightmanscurrency:recipes/lightmanscurrency.upgrades/upgrades/item_capacity_upgrade_3": {
    "criteria": {
      "money": "2024-10-07 03:45:38 +0000"
    },
    "done": true
  },
  "minecraft:recipes/transportation/oak_boat": {
    "criteria": {
      "in_water": "2024-10-07 03:20:54 +0000"
    },
    "done": true
  },
  "lightmanscurrency:recipes/lightmanscurrency.upgrades/upgrades/item_capacity_upgrade_2": {
    "criteria": {
      "money": "2024-10-07 03:45:38 +0000"
    },
    "done": true
  },
  "lightmanscurrency:recipes/lightmanscurrency.trading/traders/card_display/birch/blue": {
    "criteria": {
      "money": "2024-10-07 03:45:38 +0000"
    },
    "done": true
  },
  "lightmanscurrency:recipes/lightmanscurrency.upgrades/upgrades/item_capacity_upgrade_1": {
    "criteria": {
      "money": "2024-10-07 03:45:38 +0000"
    },
    "done": true
  },
  "lightmanscurrency:recipes/lightmanscurrency.trading/traders/vending_machine/dye_purple": {
    "criteria": {
      "money": "2024-10-07 03:45:38 +0000"
    },
    "done": true
  },
  "lightmanscurrency:recipes/lightmanscurrency.trading/traders/card_display/jungle/orange": {
    "criteria": {
      "money": "2024-10-07 03:45:38 +0000"
    },
    "done": true
  },
  "minecraft:recipes/building_blocks/stone_brick_stairs": {
    "criteria": {
      "has_stone_bricks": "2024-10-07 03:24:53 +0000"
    },
    "done": true
  },
  "lightmanscurrency:recipes/lightmanscurrency.trading/traders/card_display/dark_oak/green": {
    "criteria": {
      "money": "2024-10-07 03:45:38 +0000"
    },
    "done": true
  },
  "lightmanscurrency:recipes/lightmanscurrency.trading/traders/card_display/warped/pink": {
    "criteria": {
      "money": "2024-10-07 03:45:38 +0000"
    },
    "done": true
  },
  "lightmanscurrency:recipes/lightmanscurrency.trading/traders/freezer/white": {
    "criteria": {
      "money": "2024-10-07 03:45:38 +0000"
    },
    "done": true
  },
  "lightmanscurrency:recipes/lightmanscurrency.machines/coinmint": {
    "criteria": {
      "money": "2024-10-07 03:45:38 +0000"
    },
    "done": true
  },
  "lightmanscurrency:recipes/lightmanscurrency.trading/traders/card_display/birch/purple": {
    "criteria": {
      "money": "2024-10-07 03:45:38 +0000"
    },
    "done": true
  },
  "lightmanscurrency:recipes/lightmanscurrency.trading/traders/vending_machine/dye_black": {
    "criteria": {
      "money": "2024-10-07 03:45:38 +0000"
    },
    "done": true
  },
  "lightmanscurrency:recipes/coin_mint/coin_mint/melt_coin_gold": {
    "criteria": {
      "money": "2024-10-07 03:45:38 +0000"
    },
    "done": true
  },
  "lightmanscurrency:recipes/lightmanscurrency.trading/traders/card_display/warped/yellow": {
    "criteria": {
      "money": "2024-10-07 03:45:38 +0000"
    },
    "done": true
  },
  "lightmanscurrency:recipes/lightmanscurrency.trading/traders/card_display/jungle/pink": {
    "criteria": {
      "money": "2024-10-07 03:45:38 +0000"
    },
    "done": true
  },
  "lightmanscurrency:recipes/lightmanscurrency.coins/coins/coinblock_gold_from_pile": {
    "criteria": {
      "money": "2024-10-07 03:45:38 +0000"
    },
    "done": true
  },
  "lightmanscurrency:recipes/lightmanscurrency.trading/traders/shelf2/warped": {
    "criteria": {
      "money": "2024-10-07 03:45:38 +0000"
    },
    "done": true
  },
  "minecraft:recipes/decorations/loom": {
    "criteria": {
      "has_string": "2024-10-07 03:29:07 +0000"
    },
    "done": true
  },
  "lightmanscurrency:recipes/lightmanscurrency.coins/coins/coinpile_iron_from_coin": {
    "criteria": {
      "money": "2024-10-07 03:45:38 +0000"
    },
    "done": true
  },
  "lightmanscurrency:recipes/misc/auction_stand/acacia": {
    "criteria": {
      "money": "2024-10-07 03:45:38 +0000"
    },
    "done": true
  },
  "minecraft:recipes/decorations/stone_brick_wall_from_stone_bricks_stonecutting": {
    "criteria": {
      "has_stone_bricks": "2024-10-07 03:24:53 +0000"
    },
    "done": true
  },
  "lightmanscurrency:recipes/lightmanscurrency.trading/traders/card_display/mangrove/cyan": {
    "criteria": {
      "money": "2024-10-07 03:45:38 +0000"
    },
    "done": true
  },
  "lightmanscurrency:recipes/lightmanscurrency.trading/traders/vending_machine/dye_gray": {
    "criteria": {
      "money": "2024-10-07 03:45:38 +0000"
    },
    "done": true
  },
  "lightmanscurrency:recipes/lightmanscurrency.trading/traders/card_display/oak/magenta": {
    "criteria": {
      "money": "2024-10-07 03:45:38 +0000"
    },
    "done": true
  },
  "minecraft:recipes/building_blocks/chiseled_stone_bricks_from_stone_bricks_stonecutting": {
    "criteria": {
      "has_stone_bricks": "2024-10-07 03:24:53 +0000"
    },
    "done": true
  },
  "lightmanscurrency:recipes/lightmanscurrency.trading/traders/vending_machine_large": {
    "criteria": {
      "money": "2024-10-07 03:45:38 +0000"
    },
    "done": true
  },
  "lightmanscurrency:recipes/lightmanscurrency.trading/traders/card_display/dark_oak/gray": {
    "criteria": {
      "money": "2024-10-07 03:45:38 +0000"
    },
    "done": true
  },
  "lightmanscurrency:recipes/lightmanscurrency.machines/gem_terminal_swap": {
    "criteria": {
      "money": "2024-10-07 03:45:38 +0000"
    },
    "done": true
  },
  "lightmanscurrency:recipes/lightmanscurrency.trading/traders/freezer/pink": {
    "criteria": {
      "money": "2024-10-07 03:45:38 +0000"
    },
    "done": true
  },
  "minecraft:recipes/decorations/blue_glazed_terracotta": {
    "criteria": {
      "has_blue_terracotta": "2024-10-07 03:50:04 +0000"
    },
    "done": true
  },
  "lightmanscurrency:recipes/lightmanscurrency.trading/traders/bookshelf/oak": {
    "criteria": {
      "money": "2024-10-07 03:45:38 +0000"
    },
    "done": true
  },
  "securitycraft:recipes/securitycraft/sc_manual": {
    "criteria": {
      "has_wood": "2024-10-07 03:33:37 +0000"
    },
    "done": true
  },
  "minecraft:recipes/building_blocks/coal_block": {
    "criteria": {
      "has_coal": "2024-10-07 03:14:27 +0000"
    },
    "done": true
  },
  "lightmanscurrency:recipes/lightmanscurrency.coins/wallet/upgrade_wallet_emerald_to_wallet_netherite": {
    "criteria": {
      "coin": "2024-10-07 03:45:38 +0000"
    },
    "done": true
  },
  "lightmanscurrency:recipes/lightmanscurrency.machines/terminal": {
    "criteria": {
      "money": "2024-10-07 03:45:38 +0000"
    },
    "done": true
  },
  "lightmanscurrency:recipes/lightmanscurrency.trading/traders/large_vending_machine/dye_red": {
    "criteria": {
      "money": "2024-10-07 03:45:38 +0000"
    },
    "done": true
  },
  "lightmanscurrency:recipes/lightmanscurrency.trading/traders/card_display/warped/light_gray": {
    "criteria": {
      "money": "2024-10-07 03:45:38 +0000"
    },
    "done": true
  },
  "minecraft:recipes/tools/stone_shovel": {
    "criteria": {
      "has_cobblestone": "2024-10-07 03:38:10 +0000"
    },
    "done": true
  },
  "lightmanscurrency:recipes/lightmanscurrency.trading/traders/card_display/birch/light_gray": {
    "criteria": {
      "money": "2024-10-07 03:45:38 +0000"
    },
    "done": true
  },
  "lightmanscurrency:recipes/lightmanscurrency.trading/traders/card_display/birch/yellow": {
    "criteria": {
      "money": "2024-10-07 03:45:38 +0000"
    },
    "done": true
  },
  "lightmanscurrency:recipes/lightmanscurrency.trading/traders/card_display/spruce/pink": {
    "criteria": {
      "money": "2024-10-07 03:45:38 +0000"
    },
    "done": true
  },
  "securitycraft:recipes/securitycraft/reinforced_andesite": {
    "criteria": {
      "has_cobblestone": "2024-10-07 03:38:10 +0000"
    },
    "done": true
  },
  "lightmanscurrency:recipes/lightmanscurrency.trading/traders/card_display/mangrove/purple": {
    "criteria": {
      "money": "2024-10-07 03:45:38 +0000"
    },
    "done": true
  },
  "lightmanscurrency:recipes/lightmanscurrency.trading/traders/card_display/acacia/cyan": {
    "criteria": {
      "money": "2024-10-07 03:45:38 +0000"
    },
    "done": true
  },
  "lightmanscurrency:recipes/lightmanscurrency.trading/traders/vending_machine/dye_light_gray": {
    "criteria": {
      "money": "2024-10-07 03:45:38 +0000"
    },
    "done": true
  },
  "lightmanscurrency:recipes/lightmanscurrency.trading/traders/card_display/warped/red": {
    "criteria": {
      "money": "2024-10-07 03:45:38 +0000"
    },
    "done": true
  },
  "lightmanscurrency:recipes/lightmanscurrency.machines/portable_terminal_swap": {
    "criteria": {
      "money": "2024-10-07 03:45:37 +0000"
    },
    "done": true
  },
  "lightmanscurrency:recipes/lightmanscurrency.trading/traders/card_display/oak/gray": {
    "criteria": {
      "money": "2024-10-07 03:45:38 +0000"
    },
    "done": true
  },
  "minecraft:recipes/redstone/oak_pressure_plate": {
    "criteria": {
      "has_planks": "2024-10-07 03:33:44 +0000"
    },
    "done": true
  },
  "lightmanscurrency:recipes/lightmanscurrency.trading/traders/shelf2/crimson": {
    "criteria": {
      "money": "2024-10-07 03:45:38 +0000"
    },
    "done": true
  },
  "lightmanscurrency:recipes/lightmanscurrency.coins/coins/coinpile_diamond_from_block": {
    "criteria": {
      "money": "2024-10-07 03:45:38 +0000"
    },
    "done": true
  },
  "lightmanscurrency:recipes/coin_mint/coin_mint/melt_coin_iron": {
    "criteria": {
      "money": "2024-10-07 03:45:38 +0000"
    },
    "done": true
  },
  "lightmanscurrency:recipes/ticket_machine/ticket_station/ticket_pass": {
    "criteria": {
      "ticket_material": "2024-10-07 03:51:44 +0000"
    },
    "done": true
  },
  "minecraft:recipes/building_blocks/oak_wood": {
    "criteria": {
      "has_log": "2024-10-07 03:33:37 +0000"
    },
    "done": true
  },
  "chiselsandbits:recipes/chiselsandbits/bit_storage": {
    "criteria": {
      "has_l": "2024-10-07 03:33:37 +0000"
    },
    "done": true
  },
  "lightmanscurrency:recipes/coin_mint/coin_mint/mint_coin_diamond": {
    "criteria": {
      "money": "2024-10-07 03:45:38 +0000"
    },
    "done": true
  },
  "lightmanscurrency:recipes/lightmanscurrency.trading/traders/card_display/warped/orange": {
    "criteria": {
      "money": "2024-10-07 03:45:38 +0000"
    },
    "done": true
  },
  "lightmanscurrency:recipes/lightmanscurrency.upgrades/upgrades/speed_upgrade_5": {
    "criteria": {
      "money": "2024-10-07 03:45:38 +0000"
    },
    "done": true
  },
  "lightmanscurrency:recipes/lightmanscurrency.upgrades/upgrades/speed_upgrade_3": {
    "criteria": {
      "money": "2024-10-07 03:45:38 +0000"
    },
    "done": true
  },
  "lightmanscurrency:recipes/lightmanscurrency.upgrades/upgrades/speed_upgrade_4": {
    "criteria": {
      "money": "2024-10-07 03:45:38 +0000"
    },
    "done": true
  },
  "lightmanscurrency:recipes/misc/auction_stand/oak": {
    "criteria": {
      "money": "2024-10-07 03:45:38 +0000"
    },
    "done": true
  },
  "lightmanscurrency:recipes/lightmanscurrency.trading/traders/card_display/mangrove/yellow": {
    "criteria": {
      "money": "2024-10-07 03:45:38 +0000"
    },
    "done": true
  },
  "lightmanscurrency:recipes/lightmanscurrency.coins/wallet/upgrade_wallet_iron_to_wallet_gold": {
    "criteria": {
      "coin": "2024-10-07 03:45:38 +0000"
    },
    "done": true
  },
  "lightmanscurrency:recipes/lightmanscurrency.trading/traders/freezer/light_gray": {
    "criteria": {
      "money": "2024-10-07 03:45:37 +0000"
    },
    "done": true
  },
  "minecraft:recipes/combat/leather_chestplate": {
    "criteria": {
      "has_leather": "2024-10-07 03:29:06 +0000"
    },
    "done": true
  },
  "minecraft:recipes/redstone/oak_button": {
    "criteria": {
      "has_planks": "2024-10-07 03:33:44 +0000"
    },
    "done": true
  },
  "lightmanscurrency:recipes/lightmanscurrency.trading/traders/card_display/spruce/light_blue": {
    "criteria": {
      "money": "2024-10-07 03:45:38 +0000"
    },
    "done": true
  },
  "minecraft:recipes/redstone/dark_oak_pressure_plate": {
    "criteria": {
      "has_planks": "2024-10-07 03:39:25 +0000"
    },
    "done": true
  },
  "lightmanscurrency:recipes/lightmanscurrency.trading/traders/card_display/birch/pink": {
    "criteria": {
      "money": "2024-10-07 03:45:38 +0000"
    },
    "done": true
  },
  "lightmanscurrency:recipes/lightmanscurrency.trading/traders/card_display/crimson/light_blue": {
    "criteria": {
      "money": "2024-10-07 03:45:38 +0000"
    },
    "done": true
  },
  "lightmanscurrency:recipes/lightmanscurrency.trading/traders/large_vending_machine/dye_green": {
    "criteria": {
      "money": "2024-10-07 03:45:38 +0000"
    },
    "done": true
  },
  "lightmanscurrency:recipes/lightmanscurrency.trading/traders/card_display/acacia/lime": {
    "criteria": {
      "money": "2024-10-07 03:45:38 +0000"
    },
    "done": true
  },
  "lightmanscurrency:recipes/lightmanscurrency.trading/traders/card_display/dark_oak/light_blue": {
    "criteria": {
      "money": "2024-10-07 03:45:38 +0000"
    },
    "done": true
  },
  "lightmanscurrency:recipes/lightmanscurrency.trading/traders/card_display/oak/red": {
    "criteria": {
      "money": "2024-10-07 03:45:38 +0000"
    },
    "done": true
  },
  "lightmanscurrency:recipes/lightmanscurrency.trading/traders/card_display/jungle/green": {
    "criteria": {
      "money": "2024-10-07 03:45:38 +0000"
    },
    "done": true
  },
  "lightmanscurrency:recipes/misc/upgrades/coin_chest_exchange_upgrade": {
    "criteria": {
      "money": "2024-10-07 03:45:38 +0000"
    },
    "done": true
  },
  "lightmanscurrency:recipes/lightmanscurrency.trading/traders/card_display/mangrove/brown": {
    "criteria": {
      "money": "2024-10-07 03:45:38 +0000"
    },
    "done": true
  },
  "lightmanscurrency:recipes/lightmanscurrency.coins/trading_core": {
    "criteria": {
      "money": "2024-10-07 03:45:38 +0000"
    },
    "done": true
  },
  "minecraft:recipes/redstone/oak_door": {
    "criteria": {
      "has_planks": "2024-10-07 03:33:44 +0000"
    },
    "done": true
  },
  "lightmanscurrency:recipes/lightmanscurrency.trading/traders/card_display/mangrove/white": {
    "criteria": {
      "money": "2024-10-07 03:45:38 +0000"
    },
    "done": true
  },
  "minecraft:recipes/transportation/jungle_boat": {
    "criteria": {
      "in_water": "2024-10-07 03:20:54 +0000"
    },
    "done": true
  },
  "lightmanscurrency:recipes/lightmanscurrency.trading/traders/card_display/oak/pink": {
    "criteria": {
      "money": "2024-10-07 03:45:38 +0000"
    },
    "done": true
  },
  "lightmanscurrency:recipes/lightmanscurrency.trading/traders/freezer/purple": {
    "criteria": {
      "money": "2024-10-07 03:45:38 +0000"
    },
    "done": true
  },
  "lightmanscurrency:recipes/coin_mint/coin_mint/mint_coin_copper": {
    "criteria": {
      "money": "2024-10-07 03:45:38 +0000"
    },
    "done": true
  },
  "lightmanscurrency:recipes/lightmanscurrency.trading/traders/card_display/birch/magenta": {
    "criteria": {
      "money": "2024-10-07 03:45:38 +0000"
    },
    "done": true
  },
  "lightmanscurrency:recipes/lightmanscurrency.trading/traders/shelf/warped": {
    "criteria": {
      "money": "2024-10-07 03:45:38 +0000"
    },
    "done": true
  },
  "lightmanscurrency:recipes/lightmanscurrency.trading/traders/shelf/birch": {
    "criteria": {
      "money": "2024-10-07 03:45:38 +0000"
    },
    "done": true
  },
  "lightmanscurrency:recipes/lightmanscurrency.trading/traders/shelf2/dark_oak": {
    "criteria": {
      "money": "2024-10-07 03:45:38 +0000"
    },
    "done": true
  },
  "minecraft:recipes/transportation/carrot_on_a_stick": {
    "criteria": {
      "has_carrot": "2024-10-07 03:13:12 +0000"
    },
    "done": true
  },
  "minecraft:recipes/transportation/dark_oak_boat": {
    "criteria": {
      "in_water": "2024-10-07 03:20:54 +0000"
    },
    "done": true
  },
  "lightmanscurrency:recipes/lightmanscurrency.trading/traders/vending_machine/dye_green": {
    "criteria": {
      "money": "2024-10-07 03:45:37 +0000"
    },
    "done": true
  },
  "lightmanscurrency:recipes/lightmanscurrency.trading/traders/freezer/brown": {
    "criteria": {
      "money": "2024-10-07 03:45:38 +0000"
    },
    "done": true
  },
  "lightmanscurrency:recipes/lightmanscurrency.trading/traders/large_vending_machine/dye_blue": {
    "criteria": {
      "money": "2024-10-07 03:45:38 +0000"
    },
    "done": true
  },
  "realisticforging:hot_iron_burn": {
    "criteria": {
      "hot_iron_burn_0": "2024-10-07 03:21:15 +0000"
    },
    "done": true
  },
  "lightmanscurrency:recipes/lightmanscurrency.trading/traders/vending_machine/dye_yellow": {
    "criteria": {
      "money": "2024-10-07 03:45:38 +0000"
    },
    "done": true
  },
  "lightmanscurrency:currency/myfirstpenny": {
    "criteria": {
      "coin": "2024-10-07 03:45:38 +0000"
    },
    "done": true
  },
  "lightmanscurrency:recipes/lightmanscurrency.trading/traders/card_display/crimson/orange": {
    "criteria": {
      "money": "2024-10-07 03:45:38 +0000"
    },
    "done": true
  },
  "minecraft:recipes/decorations/dark_oak_fence": {
    "criteria": {
      "has_planks": "2024-10-07 03:39:25 +0000"
    },
    "done": true
  },
  "lightmanscurrency:recipes/misc/auction_stand/birch": {
    "criteria": {
      "money": "2024-10-07 03:45:38 +0000"
    },
    "done": true
  },
  "lightmanscurrency:recipes/lightmanscurrency.trading/traders/card_display/dark_oak/cyan": {
    "criteria": {
      "money": "2024-10-07 03:45:38 +0000"
    },
    "done": true
  },
  "lightmanscurrency:recipes/lightmanscurrency.trading/traders/card_display/warped/gray": {
    "criteria": {
      "money": "2024-10-07 03:45:38 +0000"
    },
    "done": true
  },
  "lightmanscurrency:recipes/ticket_machine/ticket_station/ticket": {
    "criteria": {
      "ticket_material": "2024-10-07 03:51:44 +0000"
    },
    "done": true
  },
  "lightmanscurrency:recipes/lightmanscurrency.trading/traders/card_display/acacia/light_blue": {
    "criteria": {
      "money": "2024-10-07 03:45:37 +0000"
    },
    "done": true
  },
  "lightmanscurrency:recipes/ticket_machine/ticket_station/golden_ticket": {
    "criteria": {
      "ticket_material": "2024-10-07 03:51:44 +0000"
    },
    "done": true
  },
  "lightmanscurrency:recipes/lightmanscurrency.trading/traders/card_display/warped/purple": {
    "criteria": {
      "money": "2024-10-07 03:45:38 +0000"
    },
    "done": true
  },
  "lightmanscurrency:recipes/lightmanscurrency.upgrades/upgrades/hopper_upgrade": {
    "criteria": {
      "money": "2024-10-07 03:45:38 +0000"
    },
    "done": true
  },
  "lightmanscurrency:recipes/lightmanscurrency.trading/traders/card_display/crimson/pink": {
    "criteria": {
      "money": "2024-10-07 03:45:38 +0000"
    },
    "done": true
  },
  "lightmanscurrency:recipes/lightmanscurrency.coins/wallet/wallet_gold": {
    "criteria": {
      "coin": "2024-10-07 03:45:38 +0000"
    },
    "done": true
  },
  "DataVersion": 3120
}